<COLLADA xmlns="http://www.collada.org/2005/11/COLLADASchema" version="1.4.1">
  <asset>
    <created>2026-09-03T15:32:12.718823</created>
    <modified>2026-09-03T15:32:12.718824</modified>
    <up_axis>Y_UP</up_axis>
  </asset>
  <library_effects>
    <effect id="ff101655055346f2b471edff5e71409d" name="ff101655055346f2b471edff5e71409d">
      <profile_COMMON>
        <technique sid="common">
          <phong>
            <emission>
              <color>0.0 0.0 0.0 1.0</color>
            </emission>
            <ambient>
              <color>0.0 0.0 0.0 1.0</color>
            </ambient>
            <diffuse>
              <color>0.0784313725490196 0.0784313725490196 0.0784313725490196 1.0</color>
            </diffuse>
            <specular>
              <color>1.0 1.0 1.0 1.0</color>
            </specular>
            <shininess>
              <float>0.3125</float>
            </shininess>
            <reflective>
              <color>0.0 0.0 0.0 1.0</color>
            </reflective>
            <reflectivity>
              <float>0.0</float>
            </reflectivity>
            <transparent>
              <color>0.0 0.0 0.0 1.0</color>
            </transparent>
            <transparency>
              <float>1.0</float>
            </transparency>
          </phong>
        </technique>
        <extra>
          <technique profile="GOOGLEEARTH">
            <double_sided>0</double_sided>
          </technique>
        </extra>
      </profile_COMMON>
    </effect>
  </library_effects>
  <library_geometries>
    <geometry id="8f234724878c42ab8a061e8ad43d7d11" name="d77ea1dbfeae48efbb18438fce4a9f7f">
      <mesh>
        <source id="verts-array">
          <float_array count="5124" id="verts-array-array">-0.005 -0.001339567 -0.00211082 -0.005 -0.0007725425 -0.002377641 0.005 -0.001339567 -0.00211082 -0.005 -0.0025 -6.661338e-18 0.005 -0.0025 -6.661338e-18 0.005 -0.002421458 0.0006217247 -0.005 -0.001822422 -0.001711368 0.005 -0.001822422 -0.001711368 0.005 -0.002190767 -0.001204384 -0.005 -0.002421458 0.0006217247 0.005 -0.002190767 0.001204384 -0.005 -0.002190767 -0.001204384 -0.005 -0.002421458 -0.0006217247 0.005 -0.002421458 -0.0006217247 -0.005 -0.002190767 0.001204384 0.005 -0.001822422 0.001711368 -0.005 -0.001822422 0.001711368 0.005 -0.001339567 0.00211082 -0.005 -0.001339567 0.00211082 0.005 -0.0007725425 0.002377641 -0.005 -0.0007725425 0.002377641 0.005 -0.0001569763 0.002495067 -0.005 -0.0001569763 0.002495067 0.005 0.0004684533 0.002455718 -0.005 0.0004684533 0.002455718 0.005 0.001064448 0.002262068 -0.005 0.001064448 0.002262068 -0.005 0.00159356 0.001926283 0.005 0.00159356 0.001926283 0.005 0.002022542 0.001469463 -0.005 0.002022542 0.001469463 0.005 0.002324441 0.0009203114 -0.005 0.002324441 0.0009203114 0.005 0.002480287 0.0003133331 -0.005 0.002480287 0.0003133331 -0.005 0.002480287 -0.0003133331 0.005 0.002480287 -0.0003133331 0.005 0.002324441 -0.0009203114 -0.005 0.002324441 -0.0009203114 -0.005 0.002022542 -0.001469463 0.005 0.002022542 -0.001469463 0.005 0.00159356 -0.001926283 -0.005 0.00159356 -0.001926283 -0.005 0.001064448 -0.002262068 0.005 0.001064448 -0.002262068 0.005 0.0004684533 -0.002455718 -0.005 0.0004684533 -0.002455718 0.005 -0.0001569763 -0.002495067 -0.005 -0.0001569763 -0.002495067 0.005 -0.0007725425 -0.002377641 -0.0127 -0.0001506972 -0.002395264 -0.012 0.0004497152 -0.002357489 -0.012 -0.0001506972 -0.002395264 -0.0127 0.0004497152 -0.002357489 -0.0127 -0.0007416408 -0.002282536 -0.012 -0.0007416408 -0.002282536 -0.0127 -0.001285984 -0.002026387 -0.012 -0.001285984 -0.002026387 -0.0127 -0.0023246 0.0005968557 -0.012 -0.0024 -5.551115e-18 -0.012 -0.0023246 0.0005968557 -0.0127 -0.0024 -6.661338e-18 -0.0127 -0.001749525 -0.001642913 -0.012 -0.001749525 -0.001642913 -0.0127 -0.002103136 0.001156209 -0.012 -0.002103136 0.001156209 -0.0127 -0.002103136 -0.001156209 -0.012 -0.002103136 -0.001156209 -0.012 -0.0023246 -0.0005968557 -0.0127 -0.001749525 0.001642913 -0.012 -0.001749525 0.001642913 -0.0127 -0.0023246 -0.0005968557 -0.0127 -0.001285984 0.002026387 -0.012 -0.001285984 0.002026387 -0.0127 -0.0007416408 0.002282536 -0.012 -0.0007416408 0.002282536 -0.0127 -0.0001506972 0.002395264 -0.012 -0.0001506972 0.002395264 -0.0127 0.0004497152 0.002357489 -0.012 0.0004497152 0.002357489 -0.0127 0.00102187 0.002171585 -0.012 0.00102187 0.002171585 -0.0127 0.001529818 0.001849232 -0.012 0.001529818 0.001849232 -0.0127 0.001941641 0.001410685 -0.012 0.001941641 0.001410685 -0.0127 0.002231464 0.0008834989 -0.012 0.002231464 0.0008834989 -0.0127 0.002381075 0.0003007998 -0.012 0.002381075 0.0003007998 -0.0127 0.002381075 -0.0003007998 -0.012 0.002381075 -0.0003007998 -0.0127 0.002231464 -0.0008834989 -0.012 0.002231464 -0.0008834989 -0.0127 0.001941641 -0.001410685 -0.012 0.001941641 -0.001410685 -0.0127 0.001529818 -0.001849232 -0.012 0.001529818 -0.001849232 -0.0127 0.00102187 -0.002171585 -0.012 0.00102187 -0.002171585 -0.0135 -0.001822422 -0.001711368 -0.0127 -0.001822422 -0.001711368 -0.0127 -0.002190767 -0.001204384 -0.0135 -0.001339567 -0.00211082 -0.0135 -0.0025 -6.661338e-18 -0.0127 -0.0025 -6.661338e-18 -0.0127 -0.002421458 0.0006217247 -0.0135 -0.002190767 -0.001204384 -0.0127 -0.002421458 -0.0006217247 -0.0135 -0.002421458 0.0006217247 -0.0127 -0.002190767 0.001204384 -0.0135 -0.002421458 -0.0006217247 -0.0135 -0.002190767 0.001204384 -0.0127 -0.001822422 0.001711368 -0.0135 -0.001822422 0.001711368 -0.0127 -0.001339567 0.00211082 -0.0135 -0.001339567 0.00211082 -0.0127 -0.0007725425 0.002377641 -0.0135 -0.0007725425 0.002377641 -0.0127 -0.0001569763 0.002495067 -0.0135 -0.0001569763 0.002495067 -0.0127 0.0004684533 0.002455718 -0.0135 0.0004684533 0.002455718 -0.0127 0.001064448 0.002262068 -0.0135 0.001064448 0.002262068 -0.0127 0.00159356 0.001926283 -0.0135 0.00159356 0.001926283 -0.0127 0.002022542 0.001469463 -0.0135 0.002022542 0.001469463 -0.0127 0.002324441 0.0009203114 -0.0135 0.002324441 0.0009203114 -0.0127 0.002480287 0.0003133331 -0.0135 0.002480287 0.0003133331 -0.0127 0.002480287 -0.0003133331 -0.0135 0.002480287 -0.0003133331 -0.0127 0.002324441 -0.0009203114 -0.0135 0.002324441 -0.0009203114 -0.0127 0.002022542 -0.001469463 -0.0135 0.002022542 -0.001469463 -0.0127 0.00159356 -0.001926283 -0.0135 0.00159356 -0.001926283 -0.0127 0.001064448 -0.002262068 -0.0135 0.001064448 -0.002262068 -0.0127 0.0004684533 -0.002455718 -0.0135 0.0004684533 -0.002455718 -0.0127 -0.0001569763 -0.002495067 -0.0135 -0.0001569763 -0.002495067 -0.0127 -0.0007725425 -0.002377641 -0.0135 -0.0007725425 -0.002377641 -0.0127 -0.001339567 -0.00211082 0.0075 0.005444029 0.0447166 -0.0075 0.004866172 0.04495907 -0.0075 0.005444029 0.0447166 0.0075 0.004866172 0.04495907 0.0075 0.006064031 0.04462545 -0.0075 0.006064031 0.04462545 0.0075 0.006687222 0.04469136 -0.0075 0.006687222 0.04469136 0.0075 0.008606142 0.04691735 -0.0075 0.008476246 0.0463043 -0.0075 0.008606142 0.04691735 0.0075 0.008476246 0.0463043 0.0075 0.007274444 0.04491018 -0.0075 0.007274444 0.04491018 0.0075 0.008579496 0.04754345 -0.0075 0.008579496 0.04754345 0.0075 0.0077888 0.04526816 -0.0075 0.0077888 0.04526816 0.0075 0.008397983 0.04814325 -0.0075 0.008397983 0.04814325 0.0075 0.00819797 0.0457428 -0.0075 0.00819797 0.0457428 0.0075 0.008073007 0.04867907 -0.0075 0.008073007 0.04867907 0.0075 0.007624989 0.04911724 -0.0075 0.007624989 0.04911724 0.0075 0.007082078 0.04943022 -0.0075 0.007082078 0.04943022 0.0075 0.006478388 0.04959836 -0.0075 0.006478388 0.04959836 0.0075 0.005851851 0.04961108 -0.0075 0.005851851 0.04961108 0.0075 0.005241835 0.04946758 -0.0075 0.005241835 0.04946758 0.0075 0.004686668 0.04917689 -0.0075 0.004686668 0.04917689 0.0075 0.004221235 0.04875727 -0.0075 0.004221235 0.04875727 0.0075 0.00387478 0.04823508 -0.0075 0.00387478 0.04823508 0.0075 0.003669072 0.04764314 -0.0075 0.003669072 0.04764314 0.0075 0.003617037 0.04701864 -0.0075 0.003617037 0.04701864 0.0075 0.003721943 0.04640082 -0.0075 0.003721943 0.04640082 0.0075 0.003977201 0.04582849 -0.0075 0.003977201 0.04582849 0.0075 0.00436677 0.04533763 -0.0075 0.00436677 0.04533763 -0.012 0.006066061 0.04472543 -0.012 0.005470859 0.04481293 -0.0127 0.006066061 0.04472543 -0.012 0.006664324 0.0447887 -0.0127 0.006664324 0.0447887 -0.012 0.007228057 0.04499877 -0.0127 0.007228057 0.04499877 -0.0127 0.007721839 0.04534243 -0.012 0.008506488 0.04692565 -0.0127 0.008381787 0.04633712 -0.0127 0.008506488 0.04692565 -0.0127 0.008480908 0.04752671 -0.012 0.008381787 0.04633712 -0.012 0.007721839 0.04534243 -0.012 0.008480908 0.04752671 -0.012 0.008114643 0.04579809 -0.0127 0.008114643 0.04579809 -0.012 0.008306655 0.04810252 -0.0127 0.008306655 0.04810252 -0.012 0.007994678 0.04861691 -0.0127 0.007994678 0.04861691 -0.0127 0.00756458 0.04903755 -0.012 0.00756458 0.04903755 -0.0127 0.007043386 0.04933801 -0.012 0.007043386 0.04933801 -0.012 0.006463844 0.04949942 -0.0127 0.006463844 0.04949942 -0.0127 0.005862368 0.04951163 -0.012 0.005862368 0.04951163 -0.0127 0.005276752 0.04937388 -0.012 0.005276752 0.04937388 -0.0127 0.004743793 0.04909481 -0.012 0.004743793 0.04909481 -0.0127 0.004296977 0.04869198 -0.012 0.004296977 0.04869198 -0.012 0.00396438 0.04819068 -0.0127 0.00396438 0.04819068 -0.012 0.0037669 0.04762241 -0.0127 0.0037669 0.04762241 -0.0127 0.003716946 0.04702289 -0.012 0.003716946 0.04702289 -0.012 0.003817657 0.04642978 -0.0127 0.003817657 0.04642978 -0.0127 0.004062704 0.04588035 -0.012 0.004062704 0.04588035 -0.012 0.00443669 0.04540912 -0.0127 0.00443669 0.04540912 -0.012 0.004916116 0.04504571 -0.0127 0.004916116 0.04504571 -0.0127 0.005470859 0.04481293 -0.0127 0.006064031 0.04462545 -0.0127 0.005444029 0.0447166 -0.0135 0.006064031 0.04462545 -0.0127 0.006687222 0.04469136 -0.0135 0.006687222 0.04469136 -0.0127 0.007274444 0.04491018 -0.0135 0.007274444 0.04491018 -0.0127 0.008606142 0.04691735 -0.0135 0.008476246 0.0463043 -0.0135 0.008606142 0.04691735 -0.0135 0.008579496 0.04754345 -0.0127 0.008476246 0.0463043 -0.0127 0.0077888 0.04526816 -0.0135 0.0077888 0.04526816 -0.0135 0.00819797 0.0457428 -0.0127 0.008579496 0.04754345 -0.0127 0.00819797 0.0457428 -0.0127 0.008397983 0.04814325 -0.0135 0.008397983 0.04814325 -0.0135 0.008073007 0.04867907 -0.0127 0.008073007 0.04867907 -0.0127 0.007624989 0.04911724 -0.0135 0.007624989 0.04911724 -0.0135 0.007082078 0.04943022 -0.0127 0.007082078 0.04943022 -0.0127 0.006478388 0.04959836 -0.0135 0.006478388 0.04959836 -0.0127 0.005851851 0.04961108 -0.0135 0.005851851 0.04961108 -0.0127 0.005241835 0.04946758 -0.0135 0.005241835 0.04946758 -0.0127 0.004686668 0.04917689 -0.0135 0.004686668 0.04917689 -0.0135 0.004221235 0.04875727 -0.0127 0.004221235 0.04875727 -0.0127 0.00387478 0.04823508 -0.0135 0.00387478 0.04823508 -0.0127 0.003669072 0.04764314 -0.0135 0.003669072 0.04764314 -0.0127 0.003617037 0.04701864 -0.0135 0.003617037 0.04701864 -0.0127 0.003721943 0.04640082 -0.0135 0.003721943 0.04640082 -0.0135 0.003977201 0.04582849 -0.0127 0.003977201 0.04582849 -0.0127 0.00436677 0.04533763 -0.0135 0.00436677 0.04533763 -0.0135 0.004866172 0.04495907 -0.0127 0.004866172 0.04495907 -0.0135 0.005444029 0.0447166 0.005 -0.003277269 -0.005025884 0.012 -0.002693941 -0.00536122 0.012 -0.003277269 -0.005025884 0.005 -0.002693941 -0.00536122 0.005 -0.003819382 -0.004627345 0.012 -0.003819382 -0.004627345 0.005 0.005826261 -0.001433415 0.012 0.005950119 -0.0007720676 0.012 0.005826261 -0.001433415 0.005 0.005950119 -0.0007720676 0.005 -0.004313465 -0.004170614 0.012 -0.004313465 -0.004170614 0.005 0.005629136 -0.002076736 0.012 0.005629136 -0.002076736 0.005 -0.004753303 -0.003661435 0.012 -0.004753303 -0.003661435 0.005 0.00536122 -0.002693941 0.012 0.00536122 -0.002693941 0.005 -0.005133366 -0.003106211 0.012 -0.005133366 -0.003106211 0.005 0.005025884 -0.003277269 0.012 0.005025884 -0.003277269 0.005 -0.005448874 -0.002511926 0.012 -0.005448874 -0.002511926 0.005 0.004627345 -0.003819382 0.012 0.004627345 -0.003819382 0.005 -0.005695859 -0.001886051 0.012 -0.005695859 -0.001886051 0.005 0.004170614 -0.004313465 0.012 0.004170614 -0.004313465 0.005 -0.005871216 -0.001236458 0.012 -0.005871216 -0.001236458 0.005 0.003661435 -0.004753303 0.012 0.003661435 -0.004753303 0.005 -0.005972738 -0.0005713157 0.012 -0.005972738 -0.0005713157 0.005 -0.00599915 0.0001010111 0.012 -0.00599915 0.0001010111 0.005 0.003106211 -0.005133366 0.012 0.003106211 -0.005133366 0.005 -0.005950119 0.0007720676 0.012 -0.005950119 0.0007720676 0.005 0.002511926 -0.005448874 0.012 0.002511926 -0.005448874 0.005 0.001886051 -0.005695859 0.012 0.001886051 -0.005695859 0.005 0.001236458 -0.005871216 0.012 0.001236458 -0.005871216 0.005 0.0005713157 -0.005972738 0.012 0.0005713157 -0.005972738 0.005 -0.0001010111 -0.00599915 0.012 -0.0001010111 -0.00599915 0.005 -0.0007720676 -0.005950119 0.012 -0.0007720676 -0.005950119 0.005 -0.001433415 -0.005826261 0.012 -0.001433415 -0.005826261 0.005 -0.002076736 -0.005629136 0.012 -0.002076736 -0.005629136 -0.012 -0.003277269 -0.005025884 -0.005 -0.002693941 -0.00536122 -0.005 -0.003277269 -0.005025884 -0.012 -0.002693941 -0.00536122 -0.012 -0.003819382 -0.004627345 -0.005 -0.003819382 -0.004627345 -0.012 0.005826261 -0.001433415 -0.005 0.005950119 -0.0007720676 -0.005 0.005826261 -0.001433415 -0.012 0.005950119 -0.0007720676 -0.012 -0.004313465 -0.004170614 -0.005 -0.004313465 -0.004170614 -0.012 0.005629136 -0.002076736 -0.005 0.005629136 -0.002076736 -0.012 -0.004753303 -0.003661435 -0.005 -0.004753303 -0.003661435 -0.005 -0.005133366 -0.003106211 -0.012 0.00536122 -0.002693941 -0.005 0.00536122 -0.002693941 -0.012 -0.005133366 -0.003106211 -0.005 -0.005448874 -0.002511926 -0.012 0.005025884 -0.003277269 -0.005 0.005025884 -0.003277269 -0.012 -0.005448874 -0.002511926 -0.005 -0.005695859 -0.001886051 -0.012 -0.005695859 -0.001886051 -0.005 -0.005871216 -0.001236458 -0.012 0.004627345 -0.003819382 -0.005 0.004627345 -0.003819382 -0.012 -0.005871216 -0.001236458 -0.005 -0.005972738 -0.0005713157 -0.012 0.004170614 -0.004313465 -0.005 0.004170614 -0.004313465 -0.012 -0.005972738 -0.0005713157 -0.005 -0.00599915 0.0001010111 -0.012 0.003661435 -0.004753303 -0.005 0.003661435 -0.004753303 -0.012 -0.00599915 0.0001010111 -0.005 -0.005950119 0.0007720676 -0.012 -0.005950119 0.0007720676 -0.012 0.003106211 -0.005133366 -0.005 0.003106211 -0.005133366 -0.012 0.002511926 -0.005448874 -0.005 0.002511926 -0.005448874 -0.012 0.001886051 -0.005695859 -0.005 0.001886051 -0.005695859 -0.012 0.001236458 -0.005871216 -0.005 0.001236458 -0.005871216 -0.012 0.0005713157 -0.005972738 -0.005 0.0005713157 -0.005972738 -0.012 -0.0001010111 -0.00599915 -0.005 -0.0001010111 -0.00599915 -0.012 -0.0007720676 -0.005950119 -0.005 -0.0007720676 -0.005950119 -0.012 -0.001433415 -0.005826261 -0.005 -0.001433415 -0.005826261 -0.012 -0.002076736 -0.005629136 -0.005 -0.002076736 -0.005629136 0.0127 0.006066061 0.04472543 0.012 0.005470859 0.04481293 0.012 0.006066061 0.04472543 0.012 0.006664324 0.0447887 0.0127 0.005470859 0.04481293 0.0127 0.006664324 0.0447887 0.0127 0.007228057 0.04499877 0.012 0.007228057 0.04499877 0.0127 0.008506488 0.04692565 0.012 0.008381787 0.04633712 0.012 0.008506488 0.04692565 0.0127 0.008381787 0.04633712 0.0127 0.007721839 0.04534243 0.012 0.007721839 0.04534243 0.012 0.008114643 0.04579809 0.0127 0.008480908 0.04752671 0.012 0.008480908 0.04752671 0.0127 0.008114643 0.04579809 0.0127 0.008306655 0.04810252 0.012 0.008306655 0.04810252 0.0127 0.007994678 0.04861691 0.012 0.007994678 0.04861691 0.0127 0.00756458 0.04903755 0.012 0.00756458 0.04903755 0.0127 0.007043386 0.04933801 0.012 0.007043386 0.04933801 0.012 0.006463844 0.04949942 0.0127 0.006463844 0.04949942 0.0127 0.005862368 0.04951163 0.012 0.005862368 0.04951163 0.012 0.005276752 0.04937388 0.0127 0.005276752 0.04937388 0.012 0.004743793 0.04909481 0.0127 0.004743793 0.04909481 0.0127 0.004296977 0.04869198 0.012 0.004296977 0.04869198 0.012 0.00396438 0.04819068 0.0127 0.00396438 0.04819068 0.0127 0.0037669 0.04762241 0.012 0.0037669 0.04762241 0.012 0.003716946 0.04702289 0.0127 0.003716946 0.04702289 0.012 0.003817657 0.04642978 0.0127 0.003817657 0.04642978 0.012 0.004062704 0.04588035 0.0127 0.004062704 0.04588035 0.012 0.00443669 0.04540912 0.0127 0.00443669 0.04540912 0.0127 0.004916116 0.04504571 0.012 0.004916116 0.04504571 0.0135 0.006064031 0.04462545 0.0135 0.005444029 0.0447166 0.0127 0.006064031 0.04462545 0.0135 0.006687222 0.04469136 0.0127 0.006687222 0.04469136 0.0127 0.007274444 0.04491018 0.0135 0.008606142 0.04691735 0.0127 0.008476246 0.0463043 0.0127 0.008606142 0.04691735 0.0135 0.007274444 0.04491018 0.0135 0.008476246 0.0463043 0.0135 0.0077888 0.04526816 0.0127 0.0077888 0.04526816 0.0127 0.00819797 0.0457428 0.0135 0.008579496 0.04754345 0.0127 0.008579496 0.04754345 0.0135 0.00819797 0.0457428 0.0135 0.008397983 0.04814325 0.0127 0.008397983 0.04814325 0.0135 0.008073007 0.04867907 0.0127 0.008073007 0.04867907 0.0135 0.007624989 0.04911724 0.0127 0.007624989 0.04911724 0.0127 0.007082078 0.04943022 0.0135 0.007082078 0.04943022 0.0135 0.006478388 0.04959836 0.0127 0.006478388 0.04959836 0.0135 0.005851851 0.04961108 0.0127 0.005851851 0.04961108 0.0135 0.005241835 0.04946758 0.0127 0.005241835 0.04946758 0.0127 0.004686668 0.04917689 0.0135 0.004686668 0.04917689 0.0135 0.004221235 0.04875727 0.0127 0.004221235 0.04875727 0.0127 0.00387478 0.04823508 0.0135 0.00387478 0.04823508 0.0127 0.003669072 0.04764314 0.0135 0.003669072 0.04764314 0.0135 0.003617037 0.04701864 0.0127 0.003617037 0.04701864 0.0127 0.003721943 0.04640082 0.0135 0.003721943 0.04640082 0.0135 0.003977201 0.04582849 0.0127 0.003977201 0.04582849 0.0135 0.00436677 0.04533763 0.0127 0.00436677 0.04533763 0.0135 0.004866172 0.04495907 0.0127 0.004866172 0.04495907 0.0127 0.005444029 0.0447166 0.0127 -0.0007725425 -0.002377641 0.0135 -0.0007725425 -0.002377641 0.0135 -0.001339567 -0.00211082 0.0127 -0.0001569763 -0.002495067 0.0127 -0.001339567 -0.00211082 0.0127 -0.001822422 -0.001711368 0.0135 -0.001822422 -0.001711368 0.0135 -0.002190767 -0.001204384 0.0127 -0.002421458 0.0006217247 0.0135 -0.0025 -5.551115e-18 0.0135 -0.002421458 0.0006217247 0.0135 -0.002190767 0.001204384 0.0127 -0.0025 -5.551115e-18 0.0127 -0.002190767 -0.001204384 0.0135 -0.002421458 -0.0006217247 0.0127 -0.002190767 0.001204384 0.0127 -0.002421458 -0.0006217247 0.0127 -0.001822422 0.001711368 0.0135 -0.001822422 0.001711368 0.0135 -0.001339567 0.00211082 0.0127 -0.001339567 0.00211082 0.0127 -0.0007725425 0.002377641 0.0135 -0.0007725425 0.002377641 0.0135 -0.0001569763 0.002495067 0.0127 -0.0001569763 0.002495067 0.0127 0.0004684533 0.002455718 0.0135 0.0004684533 0.002455718 0.0127 0.001064448 0.002262068 0.0135 0.001064448 0.002262068 0.0127 0.00159356 0.001926283 0.0135 0.00159356 0.001926283 0.0127 0.002022542 0.001469463 0.0135 0.002022542 0.001469463 0.0135 0.002324441 0.0009203114 0.0127 0.002324441 0.0009203114 0.0127 0.002480287 0.0003133331 0.0135 0.002480287 0.0003133331 0.0127 0.002480287 -0.0003133331 0.0135 0.002480287 -0.0003133331 0.0127 0.002324441 -0.0009203114 0.0135 0.002324441 -0.0009203114 0.0127 0.002022542 -0.001469463 0.0135 0.002022542 -0.001469463 0.0135 0.00159356 -0.001926283 0.0127 0.00159356 -0.001926283 0.0127 0.001064448 -0.002262068 0.0135 0.001064448 -0.002262068 0.0135 0.0004684533 -0.002455718 0.0127 0.0004684533 -0.002455718 0.0135 -0.0001569763 -0.002495067 0.012 -0.0001506972 -0.002395264 0.0127 0.0004497152 -0.002357489 0.0127 -0.0001506972 -0.002395264 0.012 0.0004497152 -0.002357489 0.012 -0.0007416408 -0.002282536 0.0127 -0.0007416408 -0.002282536 0.012 -0.001285984 -0.002026387 0.0127 -0.001285984 -0.002026387 0.012 -0.0023246 0.0005968557 0.0127 -0.0024 -5.551115e-18 0.0127 -0.0023246 0.0005968557 0.012 -0.0024 -6.661338e-18 0.012 -0.001749525 -0.001642913 0.0127 -0.001749525 -0.001642913 0.012 -0.002103136 0.001156209 0.0127 -0.002103136 0.001156209 0.012 -0.002103136 -0.001156209 0.0127 -0.002103136 -0.001156209 0.012 -0.001749525 0.001642913 0.0127 -0.001749525 0.001642913 0.012 -0.0023246 -0.0005968557 0.0127 -0.0023246 -0.0005968557 0.012 -0.001285984 0.002026387 0.0127 -0.001285984 0.002026387 0.012 -0.0007416408 0.002282536 0.0127 -0.0007416408 0.002282536 0.012 -0.0001506972 0.002395264 0.0127 -0.0001506972 0.002395264 0.012 0.0004497152 0.002357489 0.0127 0.0004497152 0.002357489 0.012 0.00102187 0.002171585 0.0127 0.00102187 0.002171585 0.012 0.001529818 0.001849232 0.0127 0.001529818 0.001849232 0.012 0.001941641 0.001410685 0.0127 0.001941641 0.001410685 0.012 0.002231464 0.0008834989 0.0127 0.002231464 0.0008834989 0.012 0.002381075 0.0003007998 0.0127 0.002381075 0.0003007998 0.012 0.002381075 -0.0003007998 0.0127 0.002381075 -0.0003007998 0.012 0.002231464 -0.0008834989 0.0127 0.002231464 -0.0008834989 0.012 0.001941641 -0.001410685 0.0127 0.001941641 -0.001410685 0.012 0.001529818 -0.001849232 0.0127 0.001529818 -0.001849232 0.012 0.00102187 -0.002171585 0.0127 0.00102187 -0.002171585 0.012 -0.0001506972 0.002395264 0.012 -0.0004684533 0.002455718 0.012 -0.0007416408 0.002282536 0.012 0.0025 -5.551115e-18 0.012 0.002381075 -0.0003007998 0.012 0.002421458 -0.0006217247 0.012 0.0001569763 0.002495067 0.012 -0.001285984 -0.002026387 0.012 -0.00159356 -0.001926283 0.012 -0.001064448 -0.002262068 0.012 0.002381075 0.0003007998 0.012 -0.002103136 -0.001156209 0.012 -0.002022542 -0.001469463 0.012 0.0004497152 0.002357489 0.012 -0.002324441 -0.0009203114 0.012 0.002421458 0.0006217247 0.012 -0.0007416408 -0.002282536 0.012 0.002231464 0.0008834989 0.012 -0.0004684533 -0.002455718 0.012 0.0007725425 0.002377641 0.012 -0.0023246 -0.0005968557 0.012 0.00102187 0.002171585 0.012 -0.002480287 -0.0003133331 0.012 -0.0001506972 -0.002395264 0.012 0.002190767 0.001204384 0.012 0.001941641 0.001410685 0.012 -0.0024 -6.661338e-18 0.012 0.001339567 0.00211082 0.012 0.001529818 0.001849232 0.012 0.0001569763 -0.002495067 0.012 0.001822422 0.001711368 0.012 -0.002480287 0.0003133331 0.012 -0.001749525 -0.001642913 0.012 0.0004497152 -0.002357489 0.012 -0.0023246 0.0005968557 0.012 0.0007725425 -0.002377641 0.012 -0.002324441 0.0009203114 0.012 0.00102187 -0.002171585 0.012 -0.002103136 0.001156209 0.012 0.001339567 -0.00211082 0.012 -0.002022542 0.001469463 0.012 0.001529818 -0.001849232 0.012 -0.001749525 0.001642913 0.012 0.001822422 -0.001711368 0.012 -0.00159356 0.001926283 0.012 0.001941641 -0.001410685 0.012 -0.001285984 0.002026387 0.012 0.002190767 -0.001204384 0.012 -0.001064448 0.002262068 0.012 0.002231464 -0.0008834989 0.0127 -0.0025 -5.551115e-18 0.0127 -0.0024 -5.551115e-18 0.0127 -0.002421458 -0.0006217247 0.0127 -0.0001506972 0.002395264 0.0127 0.0004684533 0.002455718 0.0127 0.0004497152 0.002357489 0.0127 0.001529818 -0.001849232 0.0127 0.002022542 -0.001469463 0.0127 0.00159356 -0.001926283 0.0127 -0.0001569763 0.002495067 0.0127 0.001941641 -0.001410685 0.0127 0.001064448 -0.002262068 0.0127 0.00102187 -0.002171585 0.0127 0.002231464 -0.0008834989 0.0127 0.002324441 -0.0009203114 0.0127 -0.002421458 0.0006217247 0.0127 -0.0023246 0.0005968557 0.0127 0.0004684533 -0.002455718 0.0127 -0.0007725425 0.002377641 0.0127 -0.0007416408 0.002282536 0.0127 0.0004497152 -0.002357489 0.0127 0.002480287 -0.0003133331 0.0127 0.002381075 -0.0003007998 0.0127 -0.002190767 0.001204384 0.0127 -0.002103136 0.001156209 0.0127 -0.001749525 0.001642913 0.0127 -0.0001506972 -0.002395264 0.0127 -0.0001569763 -0.002495067 0.0127 -0.001339567 0.00211082 0.0127 -0.001285984 0.002026387 0.0127 -0.001822422 0.001711368 0.0127 0.002480287 0.0003133331 0.0127 0.002381075 0.0003007998 0.0127 -0.0007725425 -0.002377641 0.0127 -0.0007416408 -0.002282536 0.0127 0.002231464 0.0008834989 0.0127 0.002324441 0.0009203114 0.0127 -0.001285984 -0.002026387 0.0127 -0.001339567 -0.00211082 0.0127 0.002022542 0.001469463 0.0127 0.001941641 0.001410685 0.0127 -0.001822422 -0.001711368 0.0127 -0.001749525 -0.001642913 0.0127 0.00159356 0.001926283 0.0127 0.001529818 0.001849232 0.0127 -0.002190767 -0.001204384 0.0127 -0.002103136 -0.001156209 0.0127 0.00102187 0.002171585 0.0127 0.001064448 0.002262068 0.0127 -0.0023246 -0.0005968557 0.0135 -0.0007725425 -0.002377641 0.0135 -0.001822422 -0.001711368 0.0135 -0.001339567 -0.00211082 0.0135 -0.002421458 -0.0006217247 0.0135 -0.002190767 -0.001204384 0.0135 0.0004684533 -0.002455718 0.0135 -0.0001569763 -0.002495067 0.0135 -0.002421458 0.0006217247 0.0135 -0.0025 -5.551115e-18 0.0135 0.001064448 -0.002262068 0.0135 0.002022542 -0.001469463 0.0135 0.00159356 -0.001926283 0.0135 -0.0007725425 0.002377641 0.0135 -0.002190767 0.001204384 0.0135 -0.001822422 0.001711368 0.0135 -0.001339567 0.00211082 0.0135 0.002480287 -0.0003133331 0.0135 0.002324441 -0.0009203114 0.0135 0.0004684533 0.002455718 0.0135 -0.0001569763 0.002495067 0.0135 0.002324441 0.0009203114 0.0135 0.002480287 0.0003133331 0.0135 0.00159356 0.001926283 0.0135 0.001064448 0.002262068 0.0135 0.002022542 0.001469463 0.0135 0.00436677 0.04533763 0.0135 0.003721943 0.04640082 0.0135 0.003977201 0.04582849 0.0135 0.003669072 0.04764314 0.0135 0.003617037 0.04701864 0.0135 0.006064031 0.04462545 0.0135 0.004866172 0.04495907 0.0135 0.005444029 0.0447166 0.0135 0.004221235 0.04875727 0.0135 0.00387478 0.04823508 0.0135 0.007274444 0.04491018 0.0135 0.006687222 0.04469136 0.0135 0.005241835 0.04946758 0.0135 0.004686668 0.04917689 0.0135 0.00819797 0.0457428 0.0135 0.0077888 0.04526816 0.0135 0.006478388 0.04959836 0.0135 0.005851851 0.04961108 0.0135 0.008606142 0.04691735 0.0135 0.008476246 0.0463043 0.0135 0.007624989 0.04911724 0.0135 0.007082078 0.04943022 0.0135 0.008579496 0.04754345 0.0135 0.008397983 0.04814325 0.0135 0.008073007 0.04867907 0.0127 0.007082078 0.04943022 0.0127 0.007624989 0.04911724 0.0127 0.007043386 0.04933801 0.0127 0.007228057 0.04499877 0.0127 0.007274444 0.04491018 0.0127 0.006687222 0.04469136 0.0127 0.006664324 0.0447887 0.0127 0.00387478 0.04823508 0.0127 0.0037669 0.04762241 0.0127 0.003669072 0.04764314 0.0127 0.00396438 0.04819068 0.0127 0.007721839 0.04534243 0.0127 0.0077888 0.04526816 0.0127 0.006463844 0.04949942 0.0127 0.006064031 0.04462545 0.0127 0.006478388 0.04959836 0.0127 0.006066061 0.04472543 0.0127 0.005862368 0.04951163 0.0127 0.008114643 0.04579809 0.0127 0.00819797 0.0457428 0.0127 0.004221235 0.04875727 0.0127 0.004296977 0.04869198 0.0127 0.005851851 0.04961108 0.0127 0.005444029 0.0447166 0.0127 0.005470859 0.04481293 0.0127 0.008476246 0.0463043 0.0127 0.005276752 0.04937388 0.0127 0.008381787 0.04633712 0.0127 0.004686668 0.04917689 0.0127 0.004743793 0.04909481 0.0127 0.004866172 0.04495907 0.0127 0.005241835 0.04946758 0.0127 0.004916116 0.04504571 0.0127 0.008606142 0.04691735 0.0127 0.008506488 0.04692565 0.0127 0.00436677 0.04533763 0.0127 0.00443669 0.04540912 0.0127 0.008480908 0.04752671 0.0127 0.008579496 0.04754345 0.0127 0.003977201 0.04582849 0.0127 0.004062704 0.04588035 0.0127 0.008306655 0.04810252 0.0127 0.008397983 0.04814325 0.0127 0.003721943 0.04640082 0.0127 0.003817657 0.04642978 0.0127 0.007994678 0.04861691 0.0127 0.008073007 0.04867907 0.0127 0.003617037 0.04701864 0.0127 0.003716946 0.04702289 0.0127 0.00756458 0.04903755 0.012 0.008381787 0.04633712 0.012 0.008114643 0.04579809 0.012 0.008225595 0.04578537 0.012 0.004062704 0.04588035 0.012 0.003737134 0.0463524 0.012 0.004003956 0.04578537 0.012 0.008492417 0.0463524 0.012 0.007035087 0.04944938 0.012 0.006428109 0.04960523 0.012 0.006463844 0.04949942 0.012 0.003817657 0.04642978 0.012 0.007043386 0.04933801 0.012 0.003619709 0.04696796 0.012 0.00443669 0.04540912 0.012 0.004403408 0.04530252 0.012 0.008506488 0.04692565 0.012 0.003716946 0.04702289 0.012 0.008609842 0.04696796 0.012 0.007584239 0.04914748 0.012 0.00756458 0.04903755 0.012 0.003659058 0.04759339 0.012 0.004916116 0.04504571 0.012 0.004910391 0.04493417 0.012 0.008480908 0.04752671 0.012 0.0037669 0.04762241 0.012 0.008570494 0.04759339 0.012 0.008306655 0.04810252 0.012 0.005470859 0.04481293 0.012 0.005493051 0.04470348 0.012 0.008041059 0.0487185 0.012 0.007994678 0.04861691 0.012 0.003852708 0.04818939 0.012 0.008376843 0.04818939 0.012 0.00396438 0.04819068 0.012 0.006066061 0.04472543 0.012 0.006114776 0.04462494 0.012 0.004188493 0.0487185 0.012 0.004296977 0.04869198 0.012 0.006664324 0.0447887 0.012 0.0067365 0.04470348 0.012 0.004645313 0.04914748 0.012 0.004743793 0.04909481 0.012 0.007228057 0.04499877 0.012 0.00731916 0.04493417 0.012 0.005194464 0.04944938 0.012 0.005276752 0.04937388 0.012 0.007721839 0.04534243 0.012 0.007826143 0.04530252 0.012 0.005801443 0.04960523 0.012 0.005862368 0.04951163 0.006570064 -0.002160562 0.02997717 0.004891814 -0.003936727 0.01628874 0.007074631 -0.002075948 0.03062927 -0.012 -0.005950119 0.0007720676 -0.005 -0.005950119 0.0007720676 -0.005 -0.004042468 0.01547382 -0.012 0.000164657 0.04789701 -0.0075 -0.001871671 0.03220357 -0.0075 0.000164657 0.04789701 0.0075 0.000164657 0.04789701 0.0075 -0.001871671 0.03220357 0.012 0.000164657 0.04789701 0.012 -0.005950119 0.0007720676 0.007391814 -0.001977413 0.03138865 0.005 -0.004042468 0.01547382 0.005 -0.005950119 0.0007720676 -0.004891814 -0.003936727 0.01628874 -0.004574631 -0.003838192 0.01704812 -0.006570064 -0.002160562 0.02997717 -0.004070064 -0.003753578 0.01770022 -0.0059125 -0.002225488 0.0294768 -0.007074631 -0.002075948 0.03062927 -0.0034125 -0.003688651 0.01820059 -0.00514675 -0.002266303 0.02916225 -0.007391814 -0.001977413 0.03138865 -0.00264675 -0.003647837 0.01851514 -0.004325 -0.002280224 0.02905496 -0.001825 -0.003633916 0.01862242 0.001825 -0.003633916 0.01862242 0.004325 -0.002280224 0.02905496 0.00264675 -0.003647837 0.01851514 0.0034125 -0.003688651 0.01820059 0.004070064 -0.003753578 0.01770022 0.00514675 -0.002266303 0.02916225 0.004574631 -0.003838192 0.01704812 0.0059125 -0.002225488 0.0294768 0.004070064 0.008146659 0.01615608 0.0059125 0.009674749 0.02793266 0.004574631 0.008062045 0.01550399 0.006570064 0.009739676 0.02843303 0.004891814 0.00796351 0.0147446 0.007074631 0.00982429 0.02908513 -0.012 0.01206489 0.04635287 -0.0075 0.01206489 0.04635287 -0.0075 0.01002857 0.03065943 -0.012 0.005950119 -0.0007720676 -0.005 0.007857769 0.01392968 -0.005 0.005950119 -0.0007720676 0.005 0.005950119 -0.0007720676 0.005 0.007857769 0.01392968 0.012 0.005950119 -0.0007720676 0.0075 0.01002857 0.03065943 0.012 0.01206489 0.04635287 0.007391814 0.009922825 0.02984452 0.0075 0.01206489 0.04635287 -0.0059125 0.009674749 0.02793266 -0.00514675 0.009633935 0.02761812 -0.004070064 0.008146659 0.01615608 -0.006570064 0.009739676 0.02843303 -0.004574631 0.008062045 0.01550399 -0.004325 0.009620013 0.02751083 -0.0034125 0.008211586 0.01665646 -0.00264675 0.0082524 0.016971 -0.007074631 0.00982429 0.02908513 -0.004891814 0.00796351 0.0147446 0.004325 0.009620013 0.02751083 -0.001825 0.008266322 0.01707829 0.001825 0.008266322 0.01707829 0.00264675 0.0082524 0.016971 0.00514675 0.009633935 0.02761812 0.0034125 0.008211586 0.01665646 -0.007391814 0.009922825 0.02984452 -0.012 0.009934158 0.05175228 -0.0075 0.009934158 0.05175228 -0.0075 0.01042824 0.05129555 -0.0075 0.009392044 0.05215082 -0.012 0.009392044 0.05215082 -0.012 0.000164657 0.04789701 -0.0075 0.000164657 0.04789701 -0.0075 0.0002885143 0.04855835 -0.012 0.01042824 0.05129555 -0.012 0.0002885143 0.04855835 -0.0075 0.0004856401 0.04920168 -0.012 0.01086808 0.05078637 -0.0075 0.01086808 0.05078637 -0.0075 0.01124814 0.05023115 -0.012 0.0004856401 0.04920168 -0.012 0.01124814 0.05023115 -0.012 0.0007535556 0.04981888 -0.0075 0.0007535556 0.04981888 -0.0075 0.001088892 0.05040221 -0.012 0.01156365 0.04963687 -0.0075 0.01156365 0.04963687 -0.012 0.001088892 0.05040221 -0.012 0.01181063 0.04901099 -0.0075 0.01181063 0.04901099 -0.012 0.001487431 0.05094432 -0.0075 0.001487431 0.05094432 -0.0075 0.001944162 0.0514384 -0.012 0.01198599 0.0483614 -0.0075 0.01198599 0.0483614 -0.012 0.001944162 0.0514384 -0.0075 0.002453341 0.05187824 -0.012 0.01208751 0.04769626 -0.0075 0.01208751 0.04769626 -0.0075 0.01211393 0.04702393 -0.012 0.01211393 0.04702393 -0.012 0.002453341 0.05187824 -0.0075 0.003008564 0.05225831 -0.012 0.01206489 0.04635287 -0.0075 0.01206489 0.04635287 -0.012 0.003008564 0.05225831 -0.0075 0.00360285 0.05257381 -0.012 0.00360285 0.05257381 -0.0075 0.004228725 0.0528208 -0.012 0.004228725 0.0528208 -0.012 0.004878318 0.05299616 -0.0075 0.004878318 0.05299616 -0.012 0.00554346 0.05309768 -0.0075 0.00554346 0.05309768 -0.0075 0.006215787 0.05312409 -0.012 0.006215787 0.05312409 -0.012 0.006886843 0.05307506 -0.0075 0.006886843 0.05307506 -0.0075 0.007548191 0.0529512 -0.012 0.007548191 0.0529512 -0.012 0.008191512 0.05275407 -0.0075 0.008191512 0.05275407 -0.012 0.008808717 0.05248616 -0.0075 0.008808717 0.05248616 0.0075 0.009392044 0.05215082 0.012 0.009392044 0.05215082 0.012 0.009934158 0.05175228 0.012 0.008808717 0.05248616 0.0075 0.009934158 0.05175228 0.0075 0.000164657 0.04789701 0.012 0.000164657 0.04789701 0.012 0.0002885143 0.04855835 0.0075 0.01042824 0.05129555 0.012 0.01042824 0.05129555 0.012 0.01086808 0.05078637 0.0075 0.0002885143 0.04855835 0.0075 0.01086808 0.05078637 0.012 0.01124814 0.05023115 0.0075 0.0004856401 0.04920168 0.012 0.0004856401 0.04920168 0.012 0.0007535556 0.04981888 0.0075 0.01124814 0.05023115 0.012 0.01156365 0.04963687 0.0075 0.0007535556 0.04981888 0.0075 0.01156365 0.04963687 0.012 0.01181063 0.04901099 0.0075 0.001088892 0.05040221 0.012 0.001088892 0.05040221 0.0075 0.01181063 0.04901099 0.012 0.01198599 0.0483614 0.0075 0.001487431 0.05094432 0.012 0.001487431 0.05094432 0.012 0.001944162 0.0514384 0.0075 0.01198599 0.0483614 0.0075 0.01208751 0.04769626 0.012 0.01208751 0.04769626 0.0075 0.001944162 0.0514384 0.0075 0.01211393 0.04702393 0.012 0.01211393 0.04702393 0.012 0.01206489 0.04635287 0.0075 0.01206489 0.04635287 0.0075 0.002453341 0.05187824 0.012 0.002453341 0.05187824 0.0075 0.003008564 0.05225831 0.012 0.003008564 0.05225831 0.012 0.00360285 0.05257381 0.0075 0.00360285 0.05257381 0.012 0.004228725 0.0528208 0.0075 0.004228725 0.0528208 0.012 0.004878318 0.05299616 0.0075 0.004878318 0.05299616 0.0075 0.00554346 0.05309768 0.012 0.00554346 0.05309768 0.012 0.006215787 0.05312409 0.0075 0.006215787 0.05312409 0.012 0.006886843 0.05307506 0.0075 0.006886843 0.05307506 0.012 0.007548191 0.0529512 0.0075 0.007548191 0.0529512 0.012 0.008191512 0.05275407 0.0075 0.008191512 0.05275407 0.0075 0.008808717 0.05248616 0.012 0.002511926 -0.005448874 0.012 0.003106211 -0.005133366 0.012 0.003661435 -0.004753303 0.012 0.004170614 -0.004313465 0.012 0.004627345 -0.003819382 0.012 0.005025884 -0.003277269 0.012 0.001236458 -0.005871216 0.012 0.001886051 -0.005695859 0.012 0.00536122 -0.002693941 0.012 0.005629136 -0.002076736 0.012 -0.0001010111 -0.00599915 0.012 0.0005713157 -0.005972738 0.012 0.005826261 -0.001433415 0.012 0.005950119 -0.0007720676 0.012 -0.002076736 -0.005629136 0.012 -0.001433415 -0.005826261 0.012 -0.0007720676 -0.005950119 0.012 -0.003277269 -0.005025884 0.012 -0.002693941 -0.00536122 0.012 -0.004313465 -0.004170614 0.012 -0.003819382 -0.004627345 0.012 -0.004753303 -0.003661435 0.012 -0.005133366 -0.003106211 0.012 -0.005448874 -0.002511926 0.012 -0.005695859 -0.001886051 0.012 -0.005871216 -0.001236458 0.012 -0.005972738 -0.0005713157 0.012 -0.00599915 0.0001010111 0.012 -0.005950119 0.0007720676 0.012 0.01206489 0.04635287 0.012 0.01211393 0.04702393 0.012 0.01208751 0.04769626 0.012 0.01198599 0.0483614 0.012 0.01181063 0.04901099 0.012 0.01156365 0.04963687 0.012 0.01124814 0.05023115 0.012 0.01086808 0.05078637 0.012 0.01042824 0.05129555 0.012 0.009934158 0.05175228 0.012 0.009392044 0.05215082 0.012 0.008808717 0.05248616 0.012 0.008191512 0.05275407 0.012 0.007548191 0.0529512 0.012 0.000164657 0.04789701 0.012 0.006886843 0.05307506 0.012 0.0002885143 0.04855835 0.012 0.006215787 0.05312409 0.012 0.0004856401 0.04920168 0.012 0.00554346 0.05309768 0.012 0.0007535556 0.04981888 0.012 0.004878318 0.05299616 0.012 0.001088892 0.05040221 0.012 0.004228725 0.0528208 0.012 0.001487431 0.05094432 0.012 0.00360285 0.05257381 0.012 0.001944162 0.0514384 0.012 0.003008564 0.05225831 0.012 0.002453341 0.05187824 -0.012 0.004170614 -0.004313465 -0.012 0.003661435 -0.004753303 -0.012 0.001711368 -0.001822422 -0.012 0.004627345 -0.003819382 -0.012 0.001204384 -0.002190767 -0.012 0.003106211 -0.005133366 -0.012 0.002511926 -0.005448874 -0.012 0.00211082 -0.001339567 -0.012 0.005025884 -0.003277269 -0.012 0.00536122 -0.002693941 -0.012 0.001236458 -0.005871216 -0.012 0.0005713157 -0.005972738 -0.012 0.0006217247 -0.002421458 -0.012 0.001886051 -0.005695859 -0.012 0.002377641 -0.0007725425 -0.012 0.005629136 -0.002076736 -0.012 0.005826261 -0.001433415 -0.012 0 -0.0025 -0.012 -0.0001010111 -0.00599915 -0.012 -0.0007720676 -0.005950119 -0.012 0.002495067 -0.0001569763 -0.012 0.005950119 -0.0007720676 -0.012 -0.0006217247 -0.002421458 -0.012 -0.001433415 -0.005826261 -0.012 -0.002076736 -0.005629136 -0.012 0.002455718 0.0004684533 -0.012 -0.002693941 -0.00536122 -0.012 -0.003277269 -0.005025884 -0.012 -0.001204384 -0.002190767 -0.012 0.002262068 0.001064448 -0.012 -0.003819382 -0.004627345 -0.012 -0.004313465 -0.004170614 -0.012 -0.001711368 -0.001822422 -0.012 -0.004753303 -0.003661435 -0.012 0.001926283 0.00159356 -0.012 -0.00211082 -0.001339567 -0.012 -0.005133366 -0.003106211 -0.012 0.001469463 0.002022542 -0.012 -0.002377641 -0.0007725425 -0.012 -0.005448874 -0.002511926 -0.012 -0.005695859 -0.001886051 -0.012 -0.002495067 -0.0001569763 -0.012 -0.005871216 -0.001236458 -0.012 -0.005972738 -0.0005713157 -0.012 -0.00599915 0.0001010111 -0.012 -0.002455718 0.0004684533 -0.012 -0.002262068 0.001064448 -0.012 -0.005950119 0.0007720676 -0.012 -0.001926283 0.00159356 -0.012 -0.001469463 0.002022542 -0.012 -0.0009203114 0.002324441 -0.012 0.01206489 0.04635287 -0.012 0.007542883 0.04507299 -0.012 0.008008316 0.04549261 -0.012 0.006987717 0.0447823 -0.012 0.0009203114 0.002324441 -0.012 0.008354771 0.0460148 -0.012 0.0063777 0.0446388 -0.012 0.0003133331 0.002480287 -0.012 0.008560479 0.04660674 -0.012 0.005751163 0.04465152 -0.012 -0.0003133331 0.002480287 -0.012 0.01211393 0.04702393 -0.012 0.008612515 0.04723124 -0.012 0.01208751 0.04769626 -0.012 0.01198599 0.0483614 -0.012 0.005147473 0.04481966 -0.012 0.01181063 0.04901099 -0.012 0.008507608 0.04784906 -0.012 0.01156365 0.04963687 -0.012 0.004604562 0.04513264 -0.012 0.01124814 0.05023115 -0.012 0.008252351 0.04842139 -0.012 0.01086808 0.05078637 -0.012 0.007862782 0.04891225 -0.012 0.01042824 0.05129555 -0.012 0.007363379 0.04929081 -0.012 0.009934158 0.05175228 -0.012 0.009392044 0.05215082 -0.012 0.008808717 0.05248616 -0.012 0.006785522 0.04953328 -0.012 0.008191512 0.05275407 -0.012 0.007548191 0.0529512 -0.012 0.000164657 0.04789701 -0.012 0.003623409 0.04733253 -0.012 0.003650055 0.04670643 -0.012 0.003831568 0.04610663 -0.012 0.004156544 0.04557081 -0.012 0.00616552 0.04962442 -0.012 0.006886843 0.05307506 -0.012 0.0002885143 0.04855835 -0.012 0.003753305 0.04794558 -0.012 0.006215787 0.05312409 -0.012 0.0004856401 0.04920168 -0.012 0.005542329 0.04955852 -0.012 0.00554346 0.05309768 -0.012 0.0007535556 0.04981888 -0.012 0.004031581 0.04850708 -0.012 0.004878318 0.05299616 -0.012 0.001088892 0.05040221 -0.012 0.004955107 0.0493397 -0.012 0.004228725 0.0528208 -0.012 0.004440751 0.04898172 -0.012 0.001487431 0.05094432 -0.012 0.00360285 0.05257381 -0.012 0.001944162 0.0514384 -0.012 0.003008564 0.05225831 -0.012 0.002453341 0.05187824 -0.005 0.002480287 -0.0003133331 -0.005 0.002324441 -0.0009203114 -0.005 0.005826261 -0.001433415 -0.005 -0.0007725425 -0.002377641 -0.005 -0.002693941 -0.00536122 -0.005 -0.002076736 -0.005629136 -0.005 -0.001433415 -0.005826261 -0.005 -0.0001569763 -0.002495067 -0.005 0.002480287 0.0003133331 -0.005 0.005950119 -0.0007720676 -0.005 -0.001339567 -0.00211082 -0.005 -0.003819382 -0.004627345 -0.005 -0.003277269 -0.005025884 -0.005 0.002324441 0.0009203114 -0.005 -0.001822422 -0.001711368 -0.005 -0.004313465 -0.004170614 -0.005 0.002022542 0.001469463 -0.005 -0.004753303 -0.003661435 -0.005 -0.002190767 -0.001204384 -0.005 -0.005133366 -0.003106211 -0.005 -0.005448874 -0.002511926 -0.005 -0.002421458 -0.0006217247 -0.005 -0.005695859 -0.001886051 -0.005 0.00159356 -0.001926283 -0.005 0.003106211 -0.005133366 -0.005 0.003661435 -0.004753303 -0.005 0.004170614 -0.004313465 -0.005 0.001064448 -0.002262068 -0.005 0.001886051 -0.005695859 -0.005 0.002511926 -0.005448874 -0.005 -0.005871216 -0.001236458 -0.005 0.002022542 -0.001469463 -0.005 0.004627345 -0.003819382 -0.005 0.005025884 -0.003277269 -0.005 0.00536122 -0.002693941 -0.005 -0.005972738 -0.0005713157 -0.005 -0.0025 -6.661338e-18 -0.005 -0.00599915 0.0001010111 -0.005 0.0004684533 -0.002455718 -0.005 0.0005713157 -0.005972738 -0.005 0.001236458 -0.005871216 -0.005 -0.005950119 0.0007720676 -0.005 -0.002421458 0.0006217247 -0.005 -0.002190767 0.001204384 -0.005 -0.001822422 0.001711368 -0.005 -0.001339567 0.00211082 -0.005 0.005629136 -0.002076736 -0.005 0.007857769 0.01392968 -0.005 0.0004684533 0.002455718 -0.005 0.001064448 0.002262068 -0.005 0.00159356 0.001926283 -0.005 -0.004042468 0.01547382 -0.005 -0.0007725425 0.002377641 -0.005 -0.0001569763 0.002495067 -0.005 -0.0007720676 -0.005950119 -0.005 -0.0001010111 -0.00599915 0.005 0.005826261 -0.001433415 0.005 0.002324441 -0.0009203114 0.005 0.002480287 -0.0003133331 0.005 -0.002076736 -0.005629136 0.005 -0.002693941 -0.00536122 0.005 -0.0007725425 -0.002377641 0.005 -0.001433415 -0.005826261 0.005 -0.0001569763 -0.002495067 0.005 0.005950119 -0.0007720676 0.005 0.002480287 0.0003133331 0.005 -0.001339567 -0.00211082 0.005 -0.003277269 -0.005025884 0.005 -0.003819382 -0.004627345 0.005 0.002324441 0.0009203114 0.005 -0.001822422 -0.001711368 0.005 -0.004313465 -0.004170614 0.005 0.002022542 0.001469463 0.005 -0.004753303 -0.003661435 0.005 -0.002190767 -0.001204384 0.005 -0.005133366 -0.003106211 0.005 -0.005448874 -0.002511926 0.005 -0.002421458 -0.0006217247 0.005 -0.005695859 -0.001886051 0.005 0.003661435 -0.004753303 0.005 0.003106211 -0.005133366 0.005 0.00159356 -0.001926283 0.005 0.004170614 -0.004313465 0.005 -0.005871216 -0.001236458 0.005 0.002511926 -0.005448874 0.005 0.001886051 -0.005695859 0.005 0.001064448 -0.002262068 0.005 -0.0025 -6.661338e-18 0.005 -0.005972738 -0.0005713157 0.005 0.004627345 -0.003819382 0.005 0.002022542 -0.001469463 0.005 0.005025884 -0.003277269 0.005 0.00536122 -0.002693941 0.005 -0.00599915 0.0001010111 0.005 -0.002421458 0.0006217247 0.005 -0.005950119 0.0007720676 0.005 -0.002190767 0.001204384 0.005 -0.001822422 0.001711368 0.005 -0.001339567 0.00211082 0.005 0.001236458 -0.005871216 0.005 0.0005713157 -0.005972738 0.005 0.0004684533 -0.002455718 0.005 0.007857769 0.01392968 0.005 0.001064448 0.002262068 0.005 0.0004684533 0.002455718 0.005 0.005629136 -0.002076736 0.005 0.00159356 0.001926283 0.005 -0.0007725425 0.002377641 0.005 -0.004042468 0.01547382 0.005 -0.0001569763 0.002495067 0.005 -0.0007720676 -0.005950119 0.005 -0.0001010111 -0.00599915 -0.001825 0.008266322 0.01707829 0.001825 0.008266322 0.01707829 -0.001825 -0.003633916 0.01862242 0.001825 -0.003633916 0.01862242 -0.0075 0.008808717 0.05248616 -0.0075 0.007082078 0.04943022 -0.0075 0.009392044 0.05215082 -0.0075 0.007274444 0.04491018 -0.0075 0.01002857 0.03065943 -0.0075 0.01206489 0.04635287 -0.0075 0.008191512 0.05275407 -0.0075 0.0077888 0.04526816 -0.0075 0.007548191 0.0529512 -0.0075 0.00819797 0.0457428 -0.0075 0.006478388 0.04959836 -0.0075 0.000164657 0.04789701 -0.0075 0.00436677 0.04533763 -0.0075 0.003977201 0.04582849 -0.0075 0.006687222 0.04469136 -0.0075 0.003721943 0.04640082 -0.0075 0.003617037 0.04701864 -0.0075 0.003669072 0.04764314 -0.0075 0.008476246 0.0463043 -0.0075 -0.001871671 0.03220357 -0.0075 0.006886843 0.05307506 -0.0075 0.006064031 0.04462545 -0.0075 0.0002885143 0.04855835 -0.0075 0.008606142 0.04691735 -0.0075 0.01211393 0.04702393 -0.0075 0.01208751 0.04769626 -0.0075 0.006215787 0.05312409 -0.0075 0.005851851 0.04961108 -0.0075 0.0004856401 0.04920168 -0.0075 0.005444029 0.0447166 -0.0075 0.00387478 0.04823508 -0.0075 0.008579496 0.04754345 -0.0075 0.01198599 0.0483614 -0.0075 0.01181063 0.04901099 -0.0075 0.00554346 0.05309768 -0.0075 0.0007535556 0.04981888 -0.0075 0.004866172 0.04495907 -0.0075 0.004878318 0.05299616 -0.0075 0.005241835 0.04946758 -0.0075 0.001088892 0.05040221 -0.0075 0.004221235 0.04875727 -0.0075 0.008397983 0.04814325 -0.0075 0.01156365 0.04963687 -0.0075 0.01124814 0.05023115 -0.0075 0.004228725 0.0528208 -0.0075 0.001487431 0.05094432 -0.0075 0.00360285 0.05257381 -0.0075 0.004686668 0.04917689 -0.0075 0.008073007 0.04867907 -0.0075 0.01086808 0.05078637 -0.0075 0.001944162 0.0514384 -0.0075 0.003008564 0.05225831 -0.0075 0.002453341 0.05187824 -0.0075 0.01042824 0.05129555 -0.0075 0.007624989 0.04911724 -0.0075 0.009934158 0.05175228 0.0075 0.009392044 0.05215082 0.0075 0.007082078 0.04943022 0.0075 0.008808717 0.05248616 0.0075 0.008191512 0.05275407 0.0075 0.01206489 0.04635287 0.0075 0.01002857 0.03065943 0.0075 0.007274444 0.04491018 0.0075 0.007548191 0.0529512 0.0075 0.0077888 0.04526816 0.0075 0.006478388 0.04959836 0.0075 0.00819797 0.0457428 0.0075 0.003977201 0.04582849 0.0075 0.00436677 0.04533763 0.0075 0.000164657 0.04789701 0.0075 0.003721943 0.04640082 0.0075 0.003617037 0.04701864 0.0075 0.003669072 0.04764314 0.0075 0.006687222 0.04469136 0.0075 -0.001871671 0.03220357 0.0075 0.006886843 0.05307506 0.0075 0.008476246 0.0463043 0.0075 0.006064031 0.04462545 0.0075 0.0002885143 0.04855835 0.0075 0.006215787 0.05312409 0.0075 0.01211393 0.04702393 0.0075 0.008606142 0.04691735 0.0075 0.01208751 0.04769626 0.0075 0.005851851 0.04961108 0.0075 0.0004856401 0.04920168 0.0075 0.00387478 0.04823508 0.0075 0.005444029 0.0447166 0.0075 0.00554346 0.05309768 0.0075 0.01198599 0.0483614 0.0075 0.008579496 0.04754345 0.0075 0.01181063 0.04901099 0.0075 0.0007535556 0.04981888 0.0075 0.005241835 0.04946758 0.0075 0.004878318 0.05299616 0.0075 0.004866172 0.04495907 0.0075 0.004221235 0.04875727 0.0075 0.001088892 0.05040221 0.0075 0.01156365 0.04963687 0.0075 0.008397983 0.04814325 0.0075 0.01124814 0.05023115 0.0075 0.004228725 0.0528208 0.0075 0.001487431 0.05094432 0.0075 0.00360285 0.05257381 0.0075 0.004686668 0.04917689 0.0075 0.001944162 0.0514384 0.0075 0.01086808 0.05078637 0.0075 0.008073007 0.04867907 0.0075 0.003008564 0.05225831 0.0075 0.002453341 0.05187824 0.0075 0.007624989 0.04911724 0.0075 0.01042824 0.05129555 0.0075 0.009934158 0.05175228 0.004325 0.009620013 0.02751083 -0.004325 0.009620013 0.02751083 0.004325 -0.002280224 0.02905496 -0.004325 -0.002280224 0.02905496 -0.00514675 -0.002266303 0.02916225 -0.004325 -0.002280224 0.02905496 -0.004325 0.009620013 0.02751083 -0.0059125 -0.002225488 0.0294768 -0.00514675 0.009633935 0.02761812 -0.006570064 -0.002160562 0.02997717 -0.0059125 0.009674749 0.02793266 -0.007074631 -0.002075948 0.03062927 -0.006570064 0.009739676 0.02843303 -0.007074631 0.00982429 0.02908513 -0.007391814 -0.001977413 0.03138865 -0.007391814 0.009922825 0.02984452 -0.0075 -0.001871671 0.03220357 -0.0075 0.01002857 0.03065943 0.004325 0.009620013 0.02751083 0.004325 -0.002280224 0.02905496 0.00514675 -0.002266303 0.02916225 0.00514675 0.009633935 0.02761812 0.0059125 0.009674749 0.02793266 0.0059125 -0.002225488 0.0294768 0.006570064 0.009739676 0.02843303 0.006570064 -0.002160562 0.02997717 0.007074631 0.00982429 0.02908513 0.007074631 -0.002075948 0.03062927 0.007391814 0.009922825 0.02984452 0.007391814 -0.001977413 0.03138865 0.0075 0.01002857 0.03065943 0.0075 -0.001871671 0.03220357 0.00264675 -0.003647837 0.01851514 0.001825 -0.003633916 0.01862242 0.001825 0.008266322 0.01707829 0.00264675 0.0082524 0.016971 0.0034125 -0.003688651 0.01820059 0.0034125 0.008211586 0.01665646 0.004070064 -0.003753578 0.01770022 0.004070064 0.008146659 0.01615608 0.004574631 -0.003838192 0.01704812 0.004574631 0.008062045 0.01550399 0.004891814 -0.003936727 0.01628874 0.004891814 0.00796351 0.0147446 0.005 -0.004042468 0.01547382 0.005 0.007857769 0.01392968 -0.001825 0.008266322 0.01707829 -0.001825 -0.003633916 0.01862242 -0.00264675 -0.003647837 0.01851514 -0.00264675 0.0082524 0.016971 -0.0034125 0.008211586 0.01665646 -0.0034125 -0.003688651 0.01820059 -0.004070064 0.008146659 0.01615608 -0.004070064 -0.003753578 0.01770022 -0.004574631 0.008062045 0.01550399 -0.004574631 -0.003838192 0.01704812 -0.004891814 0.00796351 0.0147446 -0.004891814 -0.003936727 0.01628874 -0.005 0.007857769 0.01392968 -0.005 -0.004042468 0.01547382 -0.0135 0.006064031 0.04462545 -0.0135 0.007274444 0.04491018 -0.0135 0.006687222 0.04469136 -0.0135 0.00819797 0.0457428 -0.0135 0.0077888 0.04526816 -0.0135 0.008606142 0.04691735 -0.0135 0.008476246 0.0463043 -0.0135 0.00436677 0.04533763 -0.0135 0.005444029 0.0447166 -0.0135 0.004866172 0.04495907 -0.0135 0.003721943 0.04640082 -0.0135 0.003977201 0.04582849 -0.0135 0.007624989 0.04911724 -0.0135 0.008579496 0.04754345 -0.0135 0.008397983 0.04814325 -0.0135 0.008073007 0.04867907 -0.0135 0.003669072 0.04764314 -0.0135 0.003617037 0.04701864 -0.0135 0.006478388 0.04959836 -0.0135 0.007082078 0.04943022 -0.0135 0.004686668 0.04917689 -0.0135 0.005851851 0.04961108 -0.0135 0.00387478 0.04823508 -0.0135 0.004221235 0.04875727 -0.0135 0.005241835 0.04946758 -0.0127 0.008476246 0.0463043 -0.0127 0.008114643 0.04579809 -0.0127 0.00819797 0.0457428 -0.0127 0.008381787 0.04633712 -0.0127 0.004062704 0.04588035 -0.0127 0.003721943 0.04640082 -0.0127 0.003977201 0.04582849 -0.0127 0.003817657 0.04642978 -0.0127 0.007082078 0.04943022 -0.0127 0.006478388 0.04959836 -0.0127 0.006463844 0.04949942 -0.0127 0.007043386 0.04933801 -0.0127 0.003617037 0.04701864 -0.0127 0.00443669 0.04540912 -0.0127 0.00436677 0.04533763 -0.0127 0.003716946 0.04702289 -0.0127 0.004916116 0.04504571 -0.0127 0.004866172 0.04495907 -0.0127 0.008606142 0.04691735 -0.0127 0.008506488 0.04692565 -0.0127 0.007624989 0.04911724 -0.0127 0.00756458 0.04903755 -0.0127 0.003669072 0.04764314 -0.0127 0.008480908 0.04752671 -0.0127 0.0037669 0.04762241 -0.0127 0.005470859 0.04481293 -0.0127 0.005444029 0.0447166 -0.0127 0.008579496 0.04754345 -0.0127 0.008306655 0.04810252 -0.0127 0.00387478 0.04823508 -0.0127 0.008073007 0.04867907 -0.0127 0.007994678 0.04861691 -0.0127 0.008397983 0.04814325 -0.0127 0.00396438 0.04819068 -0.0127 0.006066061 0.04472543 -0.0127 0.006064031 0.04462545 -0.0127 0.004221235 0.04875727 -0.0127 0.004296977 0.04869198 -0.0127 0.006664324 0.0447887 -0.0127 0.006687222 0.04469136 -0.0127 0.004686668 0.04917689 -0.0127 0.004743793 0.04909481 -0.0127 0.007228057 0.04499877 -0.0127 0.007274444 0.04491018 -0.0127 0.005241835 0.04946758 -0.0127 0.005276752 0.04937388 -0.0127 0.007721839 0.04534243 -0.0127 0.0077888 0.04526816 -0.0127 0.005851851 0.04961108 -0.0127 0.005862368 0.04951163 -0.012 0.007043386 0.04933801 -0.012 0.00756458 0.04903755 -0.012 0.0037669 0.04762241 -0.012 0.006664324 0.0447887 -0.012 0.007721839 0.04534243 -0.012 0.00396438 0.04819068 -0.012 0.006463844 0.04949942 -0.012 0.006066061 0.04472543 -0.012 0.004296977 0.04869198 -0.012 0.008114643 0.04579809 -0.012 0.005862368 0.04951163 -0.012 0.005470859 0.04481293 -0.012 0.008381787 0.04633712 -0.012 0.004743793 0.04909481 -0.012 0.005276752 0.04937388 -0.012 0.007228057 0.04499877 -0.012 0.004916116 0.04504571 -0.012 0.008506488 0.04692565 -0.012 0.00443669 0.04540912 -0.012 0.008480908 0.04752671 -0.012 0.004062704 0.04588035 -0.012 0.008306655 0.04810252 -0.012 0.003817657 0.04642978 -0.012 0.007994678 0.04861691 -0.012 0.003716946 0.04702289 -0.0135 0.001064448 -0.002262068 -0.0135 0.002022542 -0.001469463 -0.0135 0.00159356 -0.001926283 -0.0135 0.002480287 -0.0003133331 -0.0135 0.002324441 -0.0009203114 -0.0135 -0.0007725425 -0.002377641 -0.0135 0.0004684533 -0.002455718 -0.0135 -0.0001569763 -0.002495067 -0.0135 0.002324441 0.0009203114 -0.0135 0.002480287 0.0003133331 -0.0135 -0.001822422 -0.001711368 -0.0135 -0.001339567 -0.00211082 -0.0135 0.00159356 0.001926283 -0.0135 0.002022542 0.001469463 -0.0135 -0.002421458 -0.0006217247 -0.0135 -0.002190767 -0.001204384 -0.0135 0.0004684533 0.002455718 -0.0135 0.001064448 0.002262068 -0.0135 -0.002421458 0.0006217247 -0.0135 -0.0025 -6.661338e-18 -0.0135 -0.0007725425 0.002377641 -0.0135 -0.0001569763 0.002495067 -0.0135 -0.002190767 0.001204384 -0.0135 -0.001822422 0.001711368 -0.0135 -0.001339567 0.00211082 -0.0127 0.002480287 -0.0003133331 -0.0127 0.002381075 -0.0003007998 -0.0127 0.002231464 -0.0008834989 -0.0127 -0.0001506972 0.002395264 -0.0127 -0.0007725425 0.002377641 -0.0127 -0.0007416408 0.002282536 -0.0127 -0.0001569763 0.002495067 -0.0127 0.002381075 0.0003007998 -0.0127 -0.001285984 -0.002026387 -0.0127 -0.001822422 -0.001711368 -0.0127 -0.001339567 -0.00211082 -0.0127 0.002480287 0.0003133331 -0.0127 -0.001749525 -0.001642913 -0.0127 -0.002103136 -0.001156209 -0.0127 -0.002190767 -0.001204384 -0.0127 0.0004497152 0.002357489 -0.0127 0.0004684533 0.002455718 -0.0127 -0.0007416408 -0.002282536 -0.0127 -0.0007725425 -0.002377641 -0.0127 0.002231464 0.0008834989 -0.0127 -0.0023246 -0.0005968557 -0.0127 -0.002421458 -0.0006217247 -0.0127 0.00102187 0.002171585 -0.0127 0.002324441 0.0009203114 -0.0127 -0.0001569763 -0.002495067 -0.0127 0.001064448 0.002262068 -0.0127 0.001941641 0.001410685 -0.0127 -0.0001506972 -0.002395264 -0.0127 -0.0024 -6.661338e-18 -0.0127 -0.0025 -6.661338e-18 -0.0127 0.002022542 0.001469463 -0.0127 0.00159356 0.001926283 -0.0127 0.001529818 0.001849232 -0.0127 0.0004497152 -0.002357489 -0.0127 0.0004684533 -0.002455718 -0.0127 -0.002421458 0.0006217247 -0.0127 -0.0023246 0.0005968557 -0.0127 0.001064448 -0.002262068 -0.0127 0.00102187 -0.002171585 -0.0127 -0.002190767 0.001204384 -0.0127 -0.002103136 0.001156209 -0.0127 0.00159356 -0.001926283 -0.0127 0.001529818 -0.001849232 -0.0127 -0.001822422 0.001711368 -0.0127 -0.001749525 0.001642913 -0.0127 0.002022542 -0.001469463 -0.0127 0.001941641 -0.001410685 -0.0127 -0.001285984 0.002026387 -0.0127 -0.001339567 0.00211082 -0.0127 0.002324441 -0.0009203114 -0.012 0.0004497152 0.002357489 -0.012 -0.0023246 -0.0005968557 -0.012 -0.0024 -5.551115e-18 -0.012 0.001529818 -0.001849232 -0.012 0.001941641 -0.001410685 -0.012 -0.0001506972 0.002395264 -0.012 0.00102187 -0.002171585 -0.012 0.002231464 -0.0008834989 -0.012 -0.0023246 0.0005968557 -0.012 -0.0007416408 0.002282536 -0.012 0.0004497152 -0.002357489 -0.012 0.002381075 -0.0003007998 -0.012 -0.001285984 0.002026387 -0.012 -0.002103136 0.001156209 -0.012 -0.0001506972 -0.002395264 -0.012 -0.001749525 0.001642913 -0.012 0.002381075 0.0003007998 -0.012 -0.0007416408 -0.002282536 -0.012 0.002231464 0.0008834989 -0.012 -0.001285984 -0.002026387 -0.012 0.001941641 0.001410685 -0.012 -0.001749525 -0.001642913 -0.012 0.001529818 0.001849232 -0.012 -0.002103136 -0.001156209 -0.012 0.00102187 0.002171585</float_array>
          <technique_common>
            <accessor count="1708" source="#verts-array-array" stride="3">
              <param type="float" name="X"/>
              <param type="float" name="Y"/>
              <param type="float" name="Z"/>
            </accessor>
          </technique_common>
        </source>
        <source id="normals-array">
          <float_array count="5124" id="normals-array-array">0 -0.5358263 -0.8443283 0 -0.3090169 -0.9510565 0 -0.5358263 -0.8443283 0 -1 -1.299129e-15 0 -1 -1.341073e-15 0 -0.9685832 0.2486897 0 -0.7289687 -0.6845471 0 -0.7289687 -0.6845471 0 -0.8763069 -0.4817533 0 -0.9685832 0.2486897 0 -0.8763069 0.4817533 0 -0.8763069 -0.4817533 0 -0.9685832 -0.2486897 0 -0.9685832 -0.2486897 0 -0.8763069 0.4817533 0 -0.7289687 0.6845471 0 -0.7289687 0.6845471 0 -0.5358263 0.8443283 0 -0.5358263 0.8443283 0 -0.3090169 0.9510565 0 -0.3090169 0.9510565 0 -0.06279071 0.9980267 0 -0.06279071 0.9980267 0 0.1873811 0.9822873 0 0.1873811 0.9822873 0 0.4257792 0.9048271 0 0.4257792 0.9048271 0 0.6374244 0.7705129 0 0.6374244 0.7705129 0 0.809017 0.5877852 0 0.809017 0.5877852 0 0.9297762 0.3681252 0 0.9297762 0.3681252 0 0.9921146 0.1253337 0 0.9921146 0.1253337 0 0.9921146 -0.1253337 0 0.9921146 -0.1253337 0 0.9297762 -0.3681252 0 0.9297762 -0.3681252 0 0.809017 -0.5877852 0 0.809017 -0.5877852 0 0.6374244 -0.7705129 0 0.6374244 -0.7705129 0 0.4257792 -0.9048271 0 0.4257792 -0.9048271 0 0.1873811 -0.9822873 0 0.1873811 -0.9822873 0 -0.06279071 -0.9980267 0 -0.06279071 -0.9980267 0 -0.3090169 -0.9510565 0 -0.06278995 -0.9980268 0 0.1873811 -0.9822873 0 -0.06278995 -0.9980268 0 0.1873811 -0.9822873 0 -0.3090169 -0.9510565 0 -0.3090169 -0.9510565 0 -0.5358269 -0.8443278 0 -0.5358269 -0.8443278 -5.490283e-17 -0.9685832 0.2486899 5.76743e-17 -1 -1.090425e-15 0 -0.9685832 0.2486899 -5.365022e-17 -1 -1.450038e-15 0 -0.7289685 -0.6845473 0 -0.7289685 -0.6845473 0 -0.8763066 0.4817538 0 -0.8763066 0.4817538 0 -0.8763066 -0.4817538 0 -0.8763066 -0.4817538 5.64217e-17 -0.9685832 -0.2486899 0 -0.7289685 0.6845473 0 -0.7289685 0.6845473 0 -0.9685832 -0.2486899 0 -0.5358269 0.8443278 0 -0.5358269 0.8443278 0 -0.3090169 0.9510565 0 -0.3090169 0.9510565 0 -0.06278995 0.9980268 0 -0.06278995 0.9980268 0 0.1873811 0.9822873 0 0.1873811 0.9822873 0 0.4257787 0.9048273 0 0.4257787 0.9048273 0 0.6374238 0.7705134 0 0.6374238 0.7705134 0 0.8090171 0.5877852 0 0.8090171 0.5877852 0 0.9297767 0.368124 0 0.9297767 0.368124 0 0.9921148 0.1253327 0 0.9921148 0.1253327 0 0.9921148 -0.1253327 0 0.9921148 -0.1253327 0 0.9297767 -0.368124 0 0.9297767 -0.368124 0 0.8090171 -0.5877852 0 0.8090171 -0.5877852 0 0.6374238 -0.7705134 0 0.6374238 -0.7705134 0 0.4257787 -0.9048273 0 0.4257787 -0.9048273 0 -0.7289687 -0.6845471 0 -0.7289687 -0.6845471 0 -0.8763069 -0.4817533 0 -0.5358263 -0.8443283 0 -1 -1.332144e-15 0 -1 -1.327285e-15 0 -0.9685832 0.2486897 0 -0.8763069 -0.4817533 0 -0.9685832 -0.2486897 0 -0.9685832 0.2486897 0 -0.8763069 0.4817533 0 -0.9685832 -0.2486897 0 -0.8763069 0.4817533 0 -0.7289687 0.6845471 0 -0.7289687 0.6845471 0 -0.5358263 0.8443283 0 -0.5358263 0.8443283 0 -0.3090169 0.9510565 0 -0.3090169 0.9510565 0 -0.06279071 0.9980267 0 -0.06279071 0.9980267 0 0.1873811 0.9822873 0 0.1873811 0.9822873 0 0.4257792 0.9048271 0 0.4257792 0.9048271 0 0.6374244 0.7705129 0 0.6374244 0.7705129 0 0.809017 0.5877852 0 0.809017 0.5877852 0 0.9297762 0.3681252 0 0.9297762 0.3681252 0 0.9921146 0.1253337 0 0.9921146 0.1253337 0 0.9921146 -0.1253337 0 0.9921146 -0.1253337 0 0.9297762 -0.3681252 0 0.9297762 -0.3681252 0 0.809017 -0.5877852 0 0.809017 -0.5877852 0 0.6374244 -0.7705129 0 0.6374244 -0.7705129 0 0.4257792 -0.9048271 0 0.4257792 -0.9048271 0 0.1873811 -0.9822873 0 0.1873811 -0.9822873 0 -0.06279071 -0.9980267 0 -0.06279071 -0.9980267 0 -0.3090169 -0.9510565 0 -0.3090169 -0.9510565 0 -0.5358263 -0.8443283 0 -0.2683005 -0.9633353 0 -0.499443 -0.8663468 0 -0.2683005 -0.9633353 0 -0.499443 -0.8663468 0 -0.02029681 -0.999794 0 -0.02029681 -0.999794 0 0.2289829 -0.9734305 0 0.2289829 -0.9734305 0 0.9965465 -0.08303609 0 0.9445886 -0.3282565 0 0.9965465 -0.08303609 0 0.9445886 -0.3282565 0 0.4638708 -0.8859029 0 0.4638708 -0.8859029 0 0.9858881 0.1674055 0 0.9858881 0.1674055 0 0.6696088 -0.742714 0 0.6696088 -0.742714 0 0.9132827 0.4073262 0 0.9132827 0.4073262 0 0.8332769 -0.5528559 0 0.8332769 -0.5528559 0 0.783295 0.6216501 0 0.783295 0.6216501 0 0.6040865 0.7969187 0 0.6040865 0.7969187 0 0.3869214 0.9221127 0 0.3869214 0.9221127 0 0.1454489 0.9893658 0 0.1454489 0.9893658 0 -0.1051745 0.9944538 0 -0.1051745 0.9944538 0 -0.3491805 0.9370555 0 -0.3491805 0.9370555 0 -0.5712408 0.8207825 0 -0.5712408 0.8207825 0 -0.7574168 0.6529317 0 -0.7574168 0.6529317 0 -0.895999 0.4440561 0 -0.895999 0.4440561 0 -0.9782815 0.2072806 0 -0.9782815 0.2072806 0 -0.9990956 -0.0425203 0 -0.9990956 -0.0425203 0 -0.9571334 -0.2896476 0 -0.9571334 -0.2896476 0 -0.8550301 -0.5185784 0 -0.8550301 -0.5185784 0 -0.699203 -0.7149232 0 -0.699203 -0.7149232 0 -0.02029882 -0.999794 0 -0.2683067 -0.9633335 0 -0.02029882 -0.999794 0 0.2289845 -0.9734301 0 0.2289845 -0.9734301 0 0.4638715 -0.8859025 0 0.4638715 -0.8859025 0 0.669609 -0.7427138 0 0.9965465 -0.08303654 0 0.9445877 -0.3282593 0 0.9965465 -0.08303654 0 0.9858882 0.1674048 0 0.9445877 -0.3282593 0 0.669609 -0.7427138 0 0.9858882 0.1674048 0 0.8332774 -0.5528552 0 0.8332774 -0.5528552 0 0.9132831 0.4073253 0 0.9132831 0.4073253 0 0.7832945 0.6216508 0 0.7832945 0.6216508 0 0.6040829 0.7969215 0 0.6040829 0.7969215 0 0.3869189 0.9221137 0 0.3869189 0.9221137 0 0.1454472 0.989366 0 0.1454472 0.989366 0 -0.1051692 0.9944543 0 -0.1051692 0.9944543 0 -0.3491798 0.9370557 0 -0.3491798 0.9370557 0 -0.5712441 0.8207802 0 -0.5712441 0.8207802 0 -0.7574134 0.6529356 0 -0.7574134 0.6529356 0 -0.8959986 0.444057 0 -0.8959986 0.444057 0 -0.9782818 0.2072793 0 -0.9782818 0.2072793 0 -0.9990956 -0.04252035 0 -0.9990956 -0.04252035 0 -0.9571327 -0.2896497 0 -0.9571327 -0.2896497 0 -0.8550304 -0.5185779 0 -0.8550304 -0.5185779 0 -0.6991982 -0.7149279 0 -0.6991982 -0.7149279 0 -0.4994414 -0.8663476 0 -0.4994414 -0.8663476 0 -0.2683067 -0.9633335 0 -0.02029681 -0.999794 0 -0.2683005 -0.9633353 0 -0.02029681 -0.999794 0 0.2289829 -0.9734305 0 0.2289829 -0.9734305 0 0.4638708 -0.8859029 0 0.4638708 -0.8859029 0 0.9965465 -0.08303609 0 0.9445886 -0.3282565 0 0.9965465 -0.08303609 0 0.9858881 0.1674055 0 0.9445886 -0.3282565 0 0.6696088 -0.742714 0 0.6696088 -0.742714 0 0.8332769 -0.5528559 0 0.9858881 0.1674055 0 0.8332769 -0.5528559 0 0.9132827 0.4073262 0 0.9132827 0.4073262 0 0.783295 0.6216501 0 0.783295 0.6216501 0 0.6040865 0.7969187 0 0.6040865 0.7969187 0 0.3869214 0.9221127 0 0.3869214 0.9221127 0 0.1454489 0.9893658 0 0.1454489 0.9893658 0 -0.1051745 0.9944538 0 -0.1051745 0.9944538 0 -0.3491805 0.9370555 0 -0.3491805 0.9370555 0 -0.5712408 0.8207825 0 -0.5712408 0.8207825 0 -0.7574168 0.6529317 0 -0.7574168 0.6529317 0 -0.895999 0.4440561 0 -0.895999 0.4440561 0 -0.9782815 0.2072806 0 -0.9782815 0.2072806 0 -0.9990956 -0.0425203 0 -0.9990956 -0.0425203 0 -0.9571334 -0.2896476 0 -0.9571334 -0.2896476 0 -0.8550301 -0.5185784 0 -0.8550301 -0.5185784 0 -0.699203 -0.7149232 0 -0.699203 -0.7149232 0 -0.499443 -0.8663468 0 -0.499443 -0.8663468 0 -0.2683005 -0.9633353 0 -0.5462112 -0.8376475 0 -0.4489903 -0.8935366 0 -0.5462112 -0.8376475 0 -0.4489903 -0.8935366 0 -0.6365638 -0.771224 0 -0.6365638 -0.771224 0 0.9710436 -0.2389024 0 0.9829111 -0.1840808 0 0.9710436 -0.2389024 0 0.9829111 -0.1840808 0 -0.7189111 -0.6951021 0 -0.7189111 -0.6951021 0 0.9381893 -0.3461226 0 0.9381893 -0.3461226 0 -0.7922175 -0.6102388 0 -0.7922175 -0.6102388 0 0.8935366 -0.4489903 0 0.8935366 -0.4489903 0 -0.8555609 -0.5177021 0 -0.8555609 -0.5177021 0 0.8376475 -0.5462112 0 0.8376475 -0.5462112 0 -0.9081456 -0.4186545 0 -0.9081456 -0.4186545 0 0.771224 -0.6365638 0 0.771224 -0.6365638 0 -0.9493098 -0.3143421 0 -0.9493098 -0.3143421 0 0.6951021 -0.7189111 0 0.6951021 -0.7189111 0 -0.9785359 -0.2060764 0 -0.9785359 -0.2060764 0 0.6102388 -0.7922175 0 0.6102388 -0.7922175 0 -0.9954563 -0.09521917 0 -0.9954563 -0.09521917 0 -0.9998583 0.01683478 0 -0.9998583 0.01683478 0 0.5177021 -0.8555609 0 0.5177021 -0.8555609 0 -0.9973414 0.0728708 0 -0.9973414 0.0728708 0 0.4186545 -0.9081456 0 0.4186545 -0.9081456 0 0.3143421 -0.9493098 0 0.3143421 -0.9493098 0 0.2060764 -0.9785359 0 0.2060764 -0.9785359 0 0.09521917 -0.9954563 0 0.09521917 -0.9954563 0 -0.01683478 -0.9998583 0 -0.01683478 -0.9998583 0 -0.1286783 -0.9916864 0 -0.1286783 -0.9916864 0 -0.2389024 -0.9710436 0 -0.2389024 -0.9710436 0 -0.3461226 -0.9381893 0 -0.3461226 -0.9381893 0 -0.5462112 -0.8376475 0 -0.4489903 -0.8935366 0 -0.5462112 -0.8376475 0 -0.4489903 -0.8935366 0 -0.6365638 -0.771224 0 -0.6365638 -0.771224 0 0.9710436 -0.2389024 0 0.9829111 -0.1840808 0 0.9710436 -0.2389024 0 0.9829111 -0.1840808 0 -0.7189111 -0.6951021 0 -0.7189111 -0.6951021 0 0.9381893 -0.3461226 0 0.9381893 -0.3461226 0 -0.7922175 -0.6102388 0 -0.7922175 -0.6102388 0 -0.8555609 -0.5177021 0 0.8935366 -0.4489903 0 0.8935366 -0.4489903 0 -0.8555609 -0.5177021 0 -0.9081456 -0.4186545 0 0.8376475 -0.5462112 0 0.8376475 -0.5462112 0 -0.9081456 -0.4186545 0 -0.9493098 -0.3143421 0 -0.9493098 -0.3143421 0 -0.9785359 -0.2060764 0 0.771224 -0.6365638 0 0.771224 -0.6365638 0 -0.9785359 -0.2060764 0 -0.9954563 -0.09521917 0 0.6951021 -0.7189111 0 0.6951021 -0.7189111 0 -0.9954563 -0.09521917 0 -0.9998583 0.01683478 0 0.6102388 -0.7922175 0 0.6102388 -0.7922175 0 -0.9998583 0.01683478 0 -0.9973414 0.0728708 0 -0.9973414 0.0728708 0 0.5177021 -0.8555609 0 0.5177021 -0.8555609 0 0.4186545 -0.9081456 0 0.4186545 -0.9081456 0 0.3143421 -0.9493098 0 0.3143421 -0.9493098 0 0.2060764 -0.9785359 0 0.2060764 -0.9785359 0 0.09521917 -0.9954563 0 0.09521917 -0.9954563 0 -0.01683478 -0.9998583 0 -0.01683478 -0.9998583 0 -0.1286783 -0.9916864 0 -0.1286783 -0.9916864 0 -0.2389024 -0.9710436 0 -0.2389024 -0.9710436 0 -0.3461226 -0.9381893 0 -0.3461226 -0.9381893 0 -0.02029882 -0.999794 0 -0.2683067 -0.9633335 0 -0.02029882 -0.999794 0 0.2289845 -0.9734301 0 -0.2683067 -0.9633335 0 0.2289845 -0.9734301 0 0.4638715 -0.8859025 0 0.4638715 -0.8859025 0 0.9965465 -0.08303654 0 0.9445877 -0.3282593 0 0.9965465 -0.08303654 0 0.9445877 -0.3282593 0 0.669609 -0.7427138 0 0.669609 -0.7427138 0 0.8332774 -0.5528552 0 0.9858882 0.1674048 0 0.9858882 0.1674048 0 0.8332774 -0.5528552 0 0.9132831 0.4073253 0 0.9132831 0.4073253 0 0.7832945 0.6216508 0 0.7832945 0.6216508 0 0.6040829 0.7969215 0 0.6040829 0.7969215 0 0.3869189 0.9221137 0 0.3869189 0.9221137 0 0.1454472 0.989366 0 0.1454472 0.989366 0 -0.1051692 0.9944543 0 -0.1051692 0.9944543 0 -0.3491798 0.9370557 0 -0.3491798 0.9370557 0 -0.5712441 0.8207802 0 -0.5712441 0.8207802 0 -0.7574134 0.6529356 0 -0.7574134 0.6529356 0 -0.8959986 0.444057 0 -0.8959986 0.444057 0 -0.9782818 0.2072793 0 -0.9782818 0.2072793 0 -0.9990956 -0.04252035 0 -0.9990956 -0.04252035 0 -0.9571327 -0.2896497 0 -0.9571327 -0.2896497 0 -0.8550304 -0.5185779 0 -0.8550304 -0.5185779 0 -0.6991982 -0.7149279 0 -0.6991982 -0.7149279 0 -0.4994414 -0.8663476 0 -0.4994414 -0.8663476 0 -0.02029681 -0.999794 0 -0.2683005 -0.9633353 0 -0.02029681 -0.999794 0 0.2289829 -0.9734305 0 0.2289829 -0.9734305 0 0.4638708 -0.8859029 0 0.9965465 -0.08303609 0 0.9445886 -0.3282565 0 0.9965465 -0.08303609 0 0.4638708 -0.8859029 0 0.9445886 -0.3282565 0 0.6696088 -0.742714 0 0.6696088 -0.742714 0 0.8332769 -0.5528559 0 0.9858881 0.1674055 0 0.9858881 0.1674055 0 0.8332769 -0.5528559 0 0.9132827 0.4073262 0 0.9132827 0.4073262 0 0.783295 0.6216501 0 0.783295 0.6216501 0 0.6040865 0.7969187 0 0.6040865 0.7969187 0 0.3869214 0.9221127 0 0.3869214 0.9221127 0 0.1454489 0.9893658 0 0.1454489 0.9893658 0 -0.1051745 0.9944538 0 -0.1051745 0.9944538 0 -0.3491805 0.9370555 0 -0.3491805 0.9370555 0 -0.5712408 0.8207825 0 -0.5712408 0.8207825 0 -0.7574168 0.6529317 0 -0.7574168 0.6529317 0 -0.895999 0.4440561 0 -0.895999 0.4440561 0 -0.9782815 0.2072806 0 -0.9782815 0.2072806 0 -0.9990956 -0.0425203 0 -0.9990956 -0.0425203 0 -0.9571334 -0.2896476 0 -0.9571334 -0.2896476 0 -0.8550301 -0.5185784 0 -0.8550301 -0.5185784 0 -0.699203 -0.7149232 0 -0.699203 -0.7149232 0 -0.499443 -0.8663468 0 -0.499443 -0.8663468 0 -0.2683005 -0.9633353 0 -0.3090169 -0.9510565 0 -0.3090169 -0.9510565 0 -0.5358263 -0.8443283 0 -0.06279071 -0.9980267 0 -0.5358263 -0.8443283 0 -0.7289687 -0.6845471 0 -0.7289687 -0.6845471 0 -0.8763069 -0.4817533 0 -0.9685832 0.2486897 0 -1 -1.124213e-15 0 -0.9685832 0.2486897 0 -0.8763069 0.4817533 0 -1 -1.122283e-15 0 -0.8763069 -0.4817533 0 -0.9685832 -0.2486897 0 -0.8763069 0.4817533 0 -0.9685832 -0.2486897 0 -0.7289687 0.6845471 0 -0.7289687 0.6845471 0 -0.5358263 0.8443283 0 -0.5358263 0.8443283 0 -0.3090169 0.9510565 0 -0.3090169 0.9510565 0 -0.06279071 0.9980267 0 -0.06279071 0.9980267 0 0.1873811 0.9822873 0 0.1873811 0.9822873 0 0.4257792 0.9048271 0 0.4257792 0.9048271 0 0.6374244 0.7705129 0 0.6374244 0.7705129 0 0.809017 0.5877852 0 0.809017 0.5877852 0 0.9297762 0.3681252 0 0.9297762 0.3681252 0 0.9921146 0.1253337 0 0.9921146 0.1253337 0 0.9921146 -0.1253337 0 0.9921146 -0.1253337 0 0.9297762 -0.3681252 0 0.9297762 -0.3681252 0 0.809017 -0.5877852 0 0.809017 -0.5877852 0 0.6374244 -0.7705129 0 0.6374244 -0.7705129 0 0.4257792 -0.9048271 0 0.4257792 -0.9048271 0 0.1873811 -0.9822873 0 0.1873811 -0.9822873 0 -0.06279071 -0.9980267 0 -0.06278995 -0.9980268 0 0.1873811 -0.9822873 0 -0.06278995 -0.9980268 0 0.1873811 -0.9822873 0 -0.3090169 -0.9510565 0 -0.3090169 -0.9510565 0 -0.5358269 -0.8443278 0 -0.5358269 -0.8443278 -5.490283e-17 -0.9685832 0.2486899 5.76743e-17 -1 -1.090425e-15 0 -0.9685832 0.2486899 -5.365022e-17 -1 -1.450038e-15 0 -0.7289685 -0.6845473 0 -0.7289685 -0.6845473 0 -0.8763066 0.4817538 0 -0.8763066 0.4817538 0 -0.8763066 -0.4817538 0 -0.8763066 -0.4817538 0 -0.7289685 0.6845473 0 -0.7289685 0.6845473 0 -0.9685832 -0.2486899 5.64217e-17 -0.9685832 -0.2486899 0 -0.5358269 0.8443278 0 -0.5358269 0.8443278 0 -0.3090169 0.9510565 0 -0.3090169 0.9510565 0 -0.06278995 0.9980268 0 -0.06278995 0.9980268 0 0.1873811 0.9822873 0 0.1873811 0.9822873 0 0.4257787 0.9048273 0 0.4257787 0.9048273 0 0.6374238 0.7705134 0 0.6374238 0.7705134 0 0.8090171 0.5877852 0 0.8090171 0.5877852 0 0.9297767 0.368124 0 0.9297767 0.368124 0 0.9921148 0.1253327 0 0.9921148 0.1253327 0 0.9921148 -0.1253327 0 0.9921148 -0.1253327 0 0.9297767 -0.368124 0 0.9297767 -0.368124 0 0.8090171 -0.5877852 0 0.8090171 -0.5877852 0 0.6374238 -0.7705134 0 0.6374238 -0.7705134 0 0.4257787 -0.9048273 0 0.4257787 -0.9048273 1 0 0 1 0 0 1 0 0 1 0 0 1 0 0 1 0 0 1 0 0 1 0 0 1 0 0 1 0 0 1 0 0 1 0 0 1 0 0 1 0 0 1 0 0 1 0 0 1 0 0 1 0 0 1 0 0 1 0 0 1 0 0 1 0 0 1 0 0 1 0 0 1 0 0 1 0 0 1 0 0 1 0 0 1 0 0 1 0 0 1 0 0 1 0 0 1 0 0 1 0 0 1 0 0 1 0 0 1 0 0 1 0 0 1 0 0 1 0 0 1 0 0 1 0 0 1 0 0 1 0 0 1 0 0 1 0 0 1 0 0 1 0 0 1 0 0 1 0 0 -1 0 0 -1 0 0 -1 0 0 -1 0 0 -1 0 0 -1 0 0 -1 0 0 -1 0 0 -1 0 0 -1 0 0 -1 0 0 -1 0 0 -1 0 0 -1 0 0 -1 0 0 -1 0 0 -1 0 0 -1 0 0 -1 0 0 -1 0 0 -1 0 0 -1 0 0 -1 0 0 -1 0 0 -1 0 0 -1 0 0 -1 0 0 -1 0 0 -1 0 0 -1 0 0 -1 0 0 -1 0 0 -1 0 0 -1 0 0 -1 0 0 -1 0 0 -1 0 0 -1 0 0 -1 0 0 -1 0 0 -1 0 0 -1 0 0 -1 0 0 -1 0 0 -1 0 0 -1 0 0 -1 0 0 -1 0 0 -1 0 0 -1 0 0 1 0 0 1 0 0 1 0 0 1 0 0 1 0 0 1 0 0 1 0 0 1 0 0 1 0 0 1 0 0 1 0 0 1 0 0 1 0 0 1 0 0 1 0 0 1 0 0 1 0 0 1 0 0 1 0 0 1 0 0 1 0 0 1 0 0 1 0 0 1 0 0 1 0 0 1 0 0 1 0 0 1 0 0 1 0 0 1 0 0 1 0 0 1 0 0 1 0 0 1 0 0 1 0 0 1 0 0 1 0 0 1 0 0 1 0 0 1 0 0 1 0 0 1 0 0 1 0 0 1 0 0 1 0 0 1 0 0 1 0 0 1 0 0 1 0 0 1 0 0 -1 0 0 -1 0 0 -1 0 0 -1 0 0 -1 0 0 -1 0 0 -1 0 0 -1 0 0 -1 0 0 -1 0 0 -1 0 0 -1 0 0 -1 0 0 -1 0 0 -1 0 0 -1 0 0 -1 0 0 -1 0 0 -1 0 0 -1 0 0 -1 0 0 -1 0 0 -1 0 0 -1 0 0 -1 0 0 -1 0 0 -1 0 0 -1 0 0 -1 0 0 -1 0 0 -1 0 0 -1 0 0 -1 0 0 -1 0 0 -1 0 0 -1 0 0 -1 0 0 -1 0 0 -1 0 0 -1 0 0 -1 0 0 -1 0 0 -1 0 0 -1 0 0 -1 0 0 -1 0 0 -1 0 0 -1 0 0 -1 0 0 -1 0 0 1 0 0 1 0 0 1 0 0 1 0 0 1 0 0 1 0 0 1 0 0 1 0 0 1 0 0 1 0 0 1 0 0 1 0 0 1 0 0 1 0 0 1 0 0 1 0 0 1 0 0 1 0 0 1 0 0 1 0 0 1 0 0 1 0 0 1 0 0 1 0 0 1 0 0 1 0 0 1 0 0 1 0 0 1 0 0 1 0 0 1 0 0 1 0 0 1 0 0 1 0 0 1 0 0 1 0 0 1 0 0 1 0 0 1 0 0 1 0 0 1 0 0 1 0 0 1 0 0 1 0 0 1 0 0 1 0 0 1 0 0 1 0 0 1 0 0 1 0 0 -5.740428e-07 -0.9916864 0.128678 -3.187994e-07 -0.9916864 0.1286779 3.96903e-07 -0.9916864 0.128678 1.690956e-08 -0.9916864 0.128678 0 -0.9916864 0.128678 2.446237e-09 -0.9916864 0.1286779 2.309096e-08 -0.9916864 0.1286779 -1.532193e-07 -0.9916864 0.128678 0 -0.9916864 0.1286779 0 -0.9916864 0.1286779 1.532193e-07 -0.9916864 0.128678 -2.309096e-08 -0.9916864 0.1286779 -1.577776e-08 -0.9916864 0.128678 2.754387e-06 -0.9916864 0.1286783 -1.125618e-06 -0.9916865 0.1286774 0 -0.9916864 0.128678 -9.693316e-07 -0.9916865 0.1286778 6.724264e-07 -0.9916864 0.128678 5.740428e-07 -0.9916864 0.128678 -5.693449e-08 -0.9916864 0.1286779 4.405501e-07 -0.9916864 0.128678 -3.96824e-07 -0.9916864 0.128678 6.061481e-08 -0.9916864 0.1286779 2.087609e-07 -0.9916864 0.1286779 -2.754387e-06 -0.9916864 0.1286783 -8.46883e-08 -0.9916864 0.128678 4.036046e-07 -0.9916864 0.128678 4.615096e-07 -0.9916864 0.128678 -4.615096e-07 -0.9916864 0.128678 -4.036046e-07 -0.9916864 0.128678 8.46883e-08 -0.9916864 0.128678 -6.061481e-08 -0.9916864 0.1286779 5.693449e-08 -0.9916864 0.1286779 -2.087609e-07 -0.9916864 0.1286779 -6.724264e-07 -0.9916864 0.128678 -4.405501e-07 -0.9916864 0.128678 5.830522e-07 0.9916864 -0.1286781 -1.113523e-06 0.9916864 -0.1286779 -1.455801e-06 0.9916864 -0.1286779 1.143341e-06 0.9916864 -0.1286782 -2.908613e-07 0.9916864 -0.1286779 2.537035e-06 0.9916865 -0.1286776 -2.93878e-07 0.9916865 -0.1286775 0 0.9916865 -0.1286774 5.61762e-07 0.9916864 -0.1286781 -6.544085e-08 0.9916864 -0.1286779 1.510354e-07 0.9916864 -0.1286779 0 0.9916864 -0.1286779 0 0.9916864 -0.1286779 1.06606e-06 0.9916865 -0.1286774 6.421439e-08 0.9916864 -0.1286779 -5.61762e-07 0.9916864 -0.1286781 2.93878e-07 0.9916865 -0.1286775 -1.924648e-05 0.9916861 -0.1286808 0 0.9916865 -0.1286774 1.113523e-06 0.9916864 -0.1286779 7.728158e-07 0.9916864 -0.1286779 -5.830522e-07 0.9916864 -0.1286781 -1.143341e-06 0.9916864 -0.1286782 1.455801e-06 0.9916864 -0.1286779 5.055262e-08 0.9916864 -0.1286779 1.298406e-07 0.9916864 -0.1286779 -4.717216e-07 0.9916864 -0.128678 -2.537121e-06 0.9916865 -0.1286776 1.686714e-06 0.9916865 -0.1286777 -5.055262e-08 0.9916864 -0.1286779 -5.989555e-08 0.9916864 -0.1286779 5.989555e-08 0.9916864 -0.1286779 4.717216e-07 0.9916864 -0.128678 -7.728158e-07 0.9916864 -0.1286779 -1.298406e-07 0.9916864 -0.1286779 1.924648e-05 0.9916861 -0.1286808 0 0.6365641 0.7712238 0 0.6365641 0.7712238 0 0.7189112 0.6951019 0 0.5462132 0.8376462 0 0.5462132 0.8376462 0 -0.9829109 0.1840822 0 -0.9829109 0.1840822 0 -0.9710437 0.2389019 0 0.7189112 0.6951019 0 -0.9710437 0.2389019 0 -0.9381893 0.3461227 0 0.7922171 0.6102394 0 0.7922171 0.6102394 0 0.855559 0.5177054 0 -0.9381893 0.3461227 0 0.855559 0.5177054 0 -0.8935365 0.4489905 0 -0.8935365 0.4489905 0 -0.8376475 0.5462112 0 0.9081466 0.4186523 0 0.9081466 0.4186523 0 -0.8376475 0.5462112 0 0.9493106 0.3143396 0 0.9493106 0.3143396 0 -0.7712223 0.6365659 0 -0.7712223 0.6365659 0 -0.6951011 0.718912 0 0.9785356 0.206078 0 0.9785356 0.206078 0 -0.6951011 0.718912 0 -0.6102426 0.7922146 0 0.9954559 0.09522372 0 0.9954559 0.09522372 0 0.9998583 -0.01683578 0 0.9998583 -0.01683578 0 -0.6102426 0.7922146 0 -0.5177025 0.8555607 0 0.9973404 -0.07288397 0 0.9973404 -0.07288397 0 -0.5177025 0.8555607 0 -0.4186541 0.9081458 0 -0.4186541 0.9081458 0 -0.3143462 0.9493084 0 -0.3143462 0.9493084 0 -0.2060761 0.978536 0 -0.2060761 0.978536 0 -0.09521602 0.9954566 0 -0.09521602 0.9954566 0 0.01683375 0.9998583 0 0.01683375 0.9998583 0 0.1286789 0.9916863 0 0.1286789 0.9916863 0 0.2389084 0.9710421 0 0.2389084 0.9710421 0 0.346121 0.9381899 0 0.346121 0.9381899 0 0.4489885 0.8935375 0 0.4489885 0.8935375 0 0.5462132 0.8376462 0 0.5462132 0.8376462 0 0.6365641 0.7712238 0 0.4489885 0.8935375 0 0.6365641 0.7712238 0 -0.9829109 0.1840822 0 -0.9829109 0.1840822 0 -0.9710437 0.2389019 0 0.7189112 0.6951019 0 0.7189112 0.6951019 0 0.7922171 0.6102394 0 -0.9710437 0.2389019 0 0.7922171 0.6102394 0 0.855559 0.5177054 0 -0.9381893 0.3461227 0 -0.9381893 0.3461227 0 -0.8935365 0.4489905 0 0.855559 0.5177054 0 0.9081466 0.4186523 0 -0.8935365 0.4489905 0 0.9081466 0.4186523 0 0.9493106 0.3143396 0 -0.8376475 0.5462112 0 -0.8376475 0.5462112 0 0.9493106 0.3143396 0 0.9785356 0.206078 0 -0.7712223 0.6365659 0 -0.7712223 0.6365659 0 -0.6951011 0.718912 0 0.9785356 0.206078 0 0.9954559 0.09522372 0 0.9954559 0.09522372 0 -0.6951011 0.718912 0 0.9998583 -0.01683578 0 0.9998583 -0.01683578 0 0.9973404 -0.07288397 0 0.9973404 -0.07288397 0 -0.6102426 0.7922146 0 -0.6102426 0.7922146 0 -0.5177025 0.8555607 0 -0.5177025 0.8555607 0 -0.4186541 0.9081458 0 -0.4186541 0.9081458 0 -0.3143462 0.9493084 0 -0.3143462 0.9493084 0 -0.2060761 0.978536 0 -0.2060761 0.978536 0 -0.09521602 0.9954566 0 -0.09521602 0.9954566 0 0.01683375 0.9998583 0 0.01683375 0.9998583 0 0.1286789 0.9916863 0 0.1286789 0.9916863 0 0.2389084 0.9710421 0 0.2389084 0.9710421 0 0.346121 0.9381899 0 0.346121 0.9381899 0 0.4489885 0.8935375 1 0 0 1 0 0 1 0 0 1 0 0 1 0 0 1 0 0 1 0 0 1 0 0 1 0 0 1 0 0 1 0 0 1 0 0 1 0 0 1 0 0 1 0 0 1 0 0 1 0 0 1 0 0 1 0 0 1 0 0 1 0 0 1 0 0 1 0 0 1 0 0 1 0 0 1 0 0 1 0 0 1 0 0 1 0 0 1 0 0 1 0 0 1 0 0 1 0 0 1 0 0 1 0 0 1 0 0 1 0 0 1 0 0 1 0 0 1 0 0 1 0 0 1 0 0 1 0 0 1 0 0 1 0 0 1 0 0 1 0 0 1 0 0 1 0 0 1 0 0 1 0 0 1 0 0 1 0 0 1 0 0 1 0 0 1 0 0 1 0 0 1 0 0 -1 0 0 -1 0 0 -1 0 0 -1 0 0 -1 0 0 -1 0 0 -1 0 0 -1 0 0 -1 0 0 -1 0 0 -1 0 0 -1 0 0 -1 0 0 -1 0 0 -1 0 0 -1 0 0 -1 0 0 -1 0 0 -1 0 0 -1 0 0 -1 0 0 -1 0 0 -1 0 0 -1 0 0 -1 0 0 -1 0 0 -1 0 0 -1 0 0 -1 0 0 -1 0 0 -1 0 0 -1 0 0 -1 0 0 -1 0 0 -1 0 0 -1 0 0 -1 0 0 -1 0 0 -1 0 0 -1 0 0 -1 0 0 -1 0 0 -1 0 0 -1 0 0 -1 0 0 -1 0 0 -1 0 0 -1 0 0 -1 0 0 -1 0 0 -1 0 0 -1 0 0 -1 0 0 -1 0 0 -1 0 0 -1 0 0 -1 0 0 -1 0 0 -1 0 0 -1 0 0 -1 0 0 -1 0 0 -1 0 0 -1 0 0 -1 0 0 -1 0 0 -1 0 0 -1 0 0 -1 0 0 -1 0 0 -1 0 0 -1 0 0 -1 0 0 -1 0 0 -1 0 0 -1 0 0 -1 0 0 -1 0 0 -1 0 0 -1 0 0 -1 0 0 -1 0 0 -1 0 0 -1 0 0 -1 0 0 -1 0 0 -1 0 0 -1 0 0 -1 0 0 -1 0 0 -1 0 0 -1 0 0 -1 0 0 -1 0 0 -1 0 0 -1 0 0 -1 0 0 -1 0 0 -1 0 0 -1 0 0 -1 0 0 -1 0 0 -1 0 0 -1 0 0 -1 0 0 -1 0 0 -1 0 0 -1 0 0 1 0 0 1 0 0 1 0 0 1 0 0 1 0 0 1 0 0 1 0 0 1 0 0 1 0 0 1 0 0 1 0 0 1 0 0 1 0 0 1 0 0 1 0 0 1 0 0 1 0 0 1 0 0 1 0 0 1 0 0 1 0 0 1 0 0 1 0 0 1 0 0 1 0 0 1 0 0 1 0 0 1 0 0 1 0 0 1 0 0 1 0 0 1 0 0 1 0 0 1 0 0 1 0 0 1 0 0 1 0 0 1 0 0 1 0 0 1 0 0 1 0 0 1 0 0 1 0 0 1 0 0 1 0 0 1 0 0 1 0 0 1 0 0 1 0 0 1 0 0 1 0 0 1 0 0 1 0 0 1 0 0 1 0 0 1 0 0 -1 0 0 -1 0 0 -1 0 0 -1 0 0 -1 0 0 -1 0 0 -1 0 0 -1 0 0 -1 0 0 -1 0 0 -1 0 0 -1 0 0 -1 0 0 -1 0 0 -1 0 0 -1 0 0 -1 0 0 -1 0 0 -1 0 0 -1 0 0 -1 0 0 -1 0 0 -1 0 0 -1 0 0 -1 0 0 -1 0 0 -1 0 0 -1 0 0 -1 0 0 -1 0 0 -1 0 0 -1 0 0 -1 0 0 -1 0 0 -1 0 0 -1 0 0 -1 0 0 -1 0 0 -1 0 0 -1 0 0 -1 0 0 -1 0 0 -1 0 0 -1 0 0 -1 0 0 -1 0 0 -1 0 0 -1 0 0 -1 0 0 -1 0 0 -1 0 0 -1 0 0 -1 0 0 -1 0 0 -1 0 0 -1 0 0 0 -0.1286774 -0.9916865 0 -0.1286774 -0.9916865 0 -0.1286774 -0.9916865 0 -0.1286774 -0.9916865 1 0 0 1 0 0 1 0 0 1 0 0 1 0 0 1 0 0 1 0 0 1 0 0 1 0 0 1 0 0 1 0 0 1 0 0 1 0 0 1 0 0 1 0 0 1 0 0 1 0 0 1 0 0 1 0 0 1 0 0 1 0 0 1 0 0 1 0 0 1 0 0 1 0 0 1 0 0 1 0 0 1 0 0 1 0 0 1 0 0 1 0 0 1 0 0 1 0 0 1 0 0 1 0 0 1 0 0 1 0 0 1 0 0 1 0 0 1 0 0 1 0 0 1 0 0 1 0 0 1 0 0 1 0 0 1 0 0 1 0 0 1 0 0 1 0 0 1 0 0 1 0 0 1 0 0 1 0 0 1 0 0 1 0 0 1 0 0 -1 0 0 -1 0 0 -1 0 0 -1 0 0 -1 0 0 -1 0 0 -1 0 0 -1 0 0 -1 0 0 -1 0 0 -1 0 0 -1 0 0 -1 0 0 -1 0 0 -1 0 0 -1 0 0 -1 0 0 -1 0 0 -1 0 0 -1 0 0 -1 0 0 -1 0 0 -1 0 0 -1 0 0 -1 0 0 -1 0 0 -1 0 0 -1 0 0 -1 0 0 -1 0 0 -1 0 0 -1 0 0 -1 0 0 -1 0 0 -1 0 0 -1 0 0 -1 0 0 -1 0 0 -1 0 0 -1 0 0 -1 0 0 -1 0 0 -1 0 0 -1 0 0 -1 0 0 -1 0 0 -1 0 0 -1 0 0 -1 0 0 -1 0 0 -1 0 0 -1 0 0 -1 0 0 -1 0 0 -1 0 0 -1 0 0 0 0.1286775 0.9916865 0 0.1286775 0.9916865 0 0.1286775 0.9916865 0 0.1286775 0.9916865 0.2588233 0.1242928 0.9578945 0.1305311 0.1275766 0.9832018 0.1305312 0.1275766 0.9832018 0.5000006 0.1114384 0.8588253 0.2588175 0.1242934 0.957896 0.7071066 0.09098944 0.7012284 0.4999954 0.1114392 0.8588282 0.8660256 0.064339 0.4958428 0.707107 0.09098934 0.7012279 0.8660269 0.06433881 0.4958406 0.9659257 0.03330424 0.2566677 0.9659261 0.03330424 0.2566662 0.9914448 0.01679581 0.1294412 0.9914446 0.01679613 0.1294428 -0.1305312 0.1275766 0.9832018 -0.1305311 0.1275766 0.9832018 -0.2588233 0.1242928 0.9578945 -0.2588175 0.1242934 0.957896 -0.4999954 0.1114392 0.8588282 -0.5000006 0.1114384 0.8588253 -0.707107 0.09098934 0.7012279 -0.7071066 0.09098944 0.7012284 -0.8660269 0.06433868 0.4958407 -0.8660256 0.06433915 0.4958429 -0.9659262 0.03330409 0.2566661 -0.9659258 0.03330437 0.2566676 -0.9914446 0.01679613 0.1294428 -0.9914448 0.01679581 0.1294412 -0.2588167 -0.124293 -0.9578962 -0.1305177 -0.1275767 -0.9832036 -0.1305307 -0.1275773 -0.9832018 -0.2588182 -0.1242937 -0.9578957 -0.5000009 -0.1114382 -0.8588251 -0.5000003 -0.1114383 -0.8588255 -0.7071064 -0.09098913 -0.7012285 -0.7071072 -0.09098896 -0.7012278 -0.8660256 -0.06433886 -0.4958428 -0.866025 -0.06433909 -0.4958439 -0.9659257 -0.03330444 -0.2566676 -0.9659263 -0.03330402 -0.2566655 -0.9914449 -0.0167959 -0.1294411 -0.9914449 -0.0167959 -0.1294411 0.1305307 -0.1275773 -0.9832018 0.1305177 -0.1275767 -0.9832036 0.2588169 -0.1242933 -0.9578961 0.2588184 -0.1242934 -0.9578957 0.5 -0.1114383 -0.8588257 0.5000006 -0.1114383 -0.8588253 0.7071074 -0.090989 -0.7012276 0.7071067 -0.09098903 -0.7012283 0.8660249 -0.06433903 -0.4958442 0.8660255 -0.06433897 -0.495843 0.9659263 -0.03330415 -0.2566654 0.9659258 -0.03330428 -0.2566675 0.9914449 -0.0167959 -0.1294411 0.9914449 -0.0167959 -0.1294411 -1 0 0 -1 0 0 -1 0 0 -1 0 0 -1 0 0 -1 0 0 -1 0 0 -1 0 0 -1 0 0 -1 0 0 -1 0 0 -1 0 0 -1 0 0 -1 0 0 -1 0 0 -1 0 0 -1 0 0 -1 0 0 -1 0 0 -1 0 0 -1 0 0 -1 0 0 -1 0 0 -1 0 0 -1 0 0 1 0 0 1 0 0 1 0 0 1 0 0 1 0 0 1 0 0 1 0 0 1 0 0 1 0 0 1 0 0 1 0 0 1 0 0 1 0 0 1 0 0 1 0 0 1 0 0 1 0 0 1 0 0 1 0 0 1 0 0 1 0 0 1 0 0 1 0 0 1 0 0 1 0 0 1 0 0 1 0 0 1 0 0 1 0 0 1 0 0 1 0 0 1 0 0 1 0 0 1 0 0 1 0 0 1 0 0 1 0 0 1 0 0 1 0 0 1 0 0 1 0 0 1 0 0 1 0 0 1 0 0 1 0 0 1 0 0 1 0 0 1 0 0 1 0 0 1 0 0 -1 0 0 -1 0 0 -1 0 0 -1 0 0 -1 0 0 -1 0 0 -1 0 0 -1 0 0 -1 0 0 -1 0 0 -1 0 0 -1 0 0 -1 0 0 -1 0 0 -1 0 0 -1 0 0 -1 0 0 -1 0 0 -1 0 0 -1 0 0 -1 0 0 -1 0 0 -1 0 0 -1 0 0 -1 0 0 -1 0 0 -1 0 0 -1 0 0 -1 0 0 -1 0 0 -1 0 0 -1 0 0 -1 0 0 -1 0 0 -1 0 0 -1 0 0 -1 0 0 -1 0 0 -1 0 0 -1 0 0 -1 0 0 -1 0 0 -1 0 0 -1 0 0 -1 0 0 -1 0 0 -1 0 0 -1 0 0 -1 0 0 -1 0 0 1 0 0 1 0 0 1 0 0 1 0 0 1 0 0 1 0 0 1 0 0 1 0 0 1 0 0 1 0 0 1 0 0 1 0 0 1 0 0 1 0 0 1 0 0 1 0 0 1 0 0 1 0 0 1 0 0 1 0 0 1 0 0 1 0 0 1 0 0 1 0 0 1 0 0 1 0 0 1 0 0 1 0 0 1 0 0 1 0 0 1 0 0 1 0 0 1 0 0 1 0 0 1 0 0 1 0 0 1 0 0 1 0 0 1 0 0 1 0 0 1 0 0 1 0 0 1 0 0 1 0 0 1 0 0 1 0 0 1 0 0 1 0 0 1 0 0 1 0 0 -1 0 0 -1 0 0 -1 0 0 -1 0 0 -1 0 0 -1 0 0 -1 0 0 -1 0 0 -1 0 0 -1 0 0 -1 0 0 -1 0 0 -1 0 0 -1 0 0 -1 0 0 -1 0 0 -1 0 0 -1 0 0 -1 0 0 -1 0 0 -1 0 0 -1 0 0 -1 0 0 -1 0 0 -1 0 0</float_array>
          <technique_common>
            <accessor count="1708" source="#normals-array-array" stride="3">
              <param type="float" name="X"/>
              <param type="float" name="Y"/>
              <param type="float" name="Z"/>
            </accessor>
          </technique_common>
        </source>
        <vertices id="verts-array-vertices">
          <input semantic="POSITION" source="#verts-array"/>
        </vertices>
        <triangles count="1780" material="material0">
          <input offset="0" semantic="VERTEX" source="#verts-array-vertices"/>
          <input offset="1" semantic="NORMAL" source="#normals-array"/>
          <p>0 0 1 1 2 2 3 3 4 4 5 5 6 6 2 2 7 7 6 6 7 7 8 8 6 6 0 0 2 2 9 9 5 5 10 10 9 9 3 3 5 5 11 11 6 6 8 8 12 12 8 8 13 13 14 14 10 10 15 15 14 14 9 9 10 10 12 12 11 11 8 8 3 3 13 13 4 4 3 3 12 12 13 13 16 16 15 15 17 17 16 16 14 14 15 15 18 18 17 17 19 19 18 18 16 16 17 17 20 20 19 19 21 21 20 20 18 18 19 19 22 22 21 21 23 23 22 22 20 20 21 21 24 24 23 23 25 25 24 24 22 22 23 23 26 26 24 24 25 25 27 27 25 25 28 28 27 27 28 28 29 29 27 27 26 26 25 25 30 30 29 29 31 31 30 30 27 27 29 29 32 32 30 30 31 31 32 32 31 31 33 33 34 34 32 32 33 33 35 35 34 34 33 33 35 35 33 33 36 36 35 35 36 36 37 37 38 38 35 35 37 37 39 39 38 38 37 37 39 39 37 37 40 40 39 39 40 40 41 41 42 42 39 39 41 41 43 43 41 41 44 44 43 43 44 44 45 45 43 43 42 42 41 41 46 46 45 45 47 47 46 46 43 43 45 45 48 48 46 46 47 47 1 1 47 47 49 49 1 1 49 49 2 2 1 1 48 48 47 47 50 50 51 51 52 52 50 50 53 53 51 51 54 54 52 52 55 55 54 54 50 50 52 52 56 56 55 55 57 57 58 58 59 59 60 60 56 56 54 54 55 55 58 58 61 61 59 59 62 62 57 57 63 63 64 64 60 60 65 65 62 62 56 56 57 57 64 64 58 58 60 60 66 66 63 63 67 67 66 66 67 67 68 68 66 66 62 62 63 63 69 69 65 65 70 70 69 69 64 64 65 65 71 71 66 66 68 68 72 72 70 70 73 73 61 61 68 68 59 59 72 72 69 69 70 70 61 61 71 71 68 68 74 74 73 73 75 75 74 74 72 72 73 73 76 76 75 75 77 77 76 76 74 74 75 75 78 78 77 77 79 79 78 78 76 76 77 77 80 80 79 79 81 81 80 80 78 78 79 79 82 82 81 81 83 83 82 82 80 80 81 81 84 84 83 83 85 85 84 84 82 82 83 83 86 86 85 85 87 87 86 86 84 84 85 85 88 88 86 86 87 87 88 88 87 87 89 89 90 90 88 88 89 89 90 90 89 89 91 91 92 92 90 90 91 91 92 92 91 91 93 93 94 94 93 93 95 95 94 94 92 92 93 93 96 96 95 95 97 97 96 96 94 94 95 95 98 98 97 97 99 99 98 98 96 96 97 97 53 53 99 99 51 51 53 53 98 98 99 99 100 100 101 101 102 102 100 100 103 103 101 101 104 104 105 105 106 106 107 107 102 102 108 108 107 107 100 100 102 102 109 109 106 106 110 110 109 109 104 104 106 106 111 111 108 108 105 105 111 111 107 107 108 108 104 104 111 111 105 105 112 112 110 110 113 113 112 112 109 109 110 110 114 114 113 113 115 115 114 114 112 112 113 113 116 116 115 115 117 117 116 116 114 114 115 115 118 118 117 117 119 119 118 118 116 116 117 117 120 120 119 119 121 121 120 120 118 118 119 119 122 122 121 121 123 123 122 122 120 120 121 121 124 124 123 123 125 125 124 124 122 122 123 123 126 126 125 125 127 127 126 126 124 124 125 125 128 128 127 127 129 129 128 128 126 126 127 127 130 130 128 128 129 129 130 130 129 129 131 131 132 132 130 130 131 131 132 132 131 131 133 133 134 134 132 132 133 133 134 134 133 133 135 135 136 136 134 134 135 135 136 136 135 135 137 137 138 138 136 136 137 137 138 138 137 137 139 139 140 140 139 139 141 141 140 140 138 138 139 139 142 142 141 141 143 143 142 142 140 140 141 141 144 144 143 143 145 145 144 144 142 142 143 143 146 146 145 145 147 147 146 146 144 144 145 145 148 148 147 147 149 149 148 148 146 146 147 147 103 103 149 149 101 101 103 103 148 148 149 149 150 150 151 151 152 152 150 150 153 153 151 151 154 154 152 152 155 155 154 154 150 150 152 152 156 156 155 155 157 157 156 156 154 154 155 155 158 158 159 159 160 160 158 158 161 161 159 159 162 162 157 157 163 163 162 162 156 156 157 157 164 164 160 160 165 165 164 164 158 158 160 160 166 166 163 163 167 167 166 166 162 162 163 163 168 168 165 165 169 169 168 168 164 164 165 165 170 170 167 167 171 171 170 170 166 166 167 167 172 172 169 169 173 173 161 161 171 171 159 159 172 172 168 168 169 169 161 161 170 170 171 171 174 174 173 173 175 175 174 174 172 172 173 173 176 176 175 175 177 177 176 176 174 174 175 175 178 178 177 177 179 179 178 178 176 176 177 177 180 180 179 179 181 181 180 180 178 178 179 179 182 182 181 181 183 183 182 182 180 180 181 181 184 184 183 183 185 185 184 184 182 182 183 183 186 186 185 185 187 187 186 186 184 184 185 185 188 188 186 186 187 187 188 188 187 187 189 189 190 190 188 188 189 189 190 190 189 189 191 191 192 192 191 191 193 193 192 192 190 190 191 191 194 194 193 193 195 195 194 194 192 192 193 193 196 196 195 195 197 197 196 196 194 194 195 195 198 198 197 197 199 199 198 198 196 196 197 197 153 153 199 199 151 151 153 153 198 198 199 199 200 200 201 201 202 202 203 203 202 202 204 204 203 203 200 200 202 202 205 205 204 204 206 206 205 205 206 206 207 207 208 208 209 209 210 210 205 205 203 203 204 204 208 208 210 210 211 211 208 208 212 212 209 209 213 213 205 205 207 207 214 214 208 208 211 211 215 215 207 207 216 216 215 215 213 213 207 207 217 217 211 211 218 218 217 217 214 214 211 211 212 212 216 216 209 209 212 212 215 215 216 216 219 219 218 218 220 220 219 219 220 220 221 221 219 219 217 217 218 218 222 222 221 221 223 223 222 222 219 219 221 221 224 224 222 222 223 223 225 225 223 223 226 226 225 225 226 226 227 227 225 225 224 224 223 223 228 228 227 227 229 229 228 228 225 225 227 227 230 230 229 229 231 231 230 230 228 228 229 229 232 232 231 231 233 233 232 232 230 230 231 231 234 234 232 232 233 233 235 235 234 234 233 233 235 235 233 233 236 236 237 237 235 235 236 236 237 237 236 236 238 238 237 237 238 238 239 239 240 240 237 237 239 239 241 241 240 240 239 239 241 241 239 239 242 242 241 241 242 242 243 243 244 244 241 241 243 243 245 245 243 243 246 246 245 245 244 244 243 243 247 247 246 246 248 248 247 247 245 245 246 246 201 201 248 248 249 249 201 201 249 249 202 202 201 201 247 247 248 248 250 250 251 251 252 252 253 253 252 252 254 254 253 253 250 250 252 252 255 255 254 254 256 256 257 257 258 258 259 259 257 257 259 259 260 260 255 255 253 253 254 254 257 257 261 261 258 258 262 262 256 256 263 263 262 262 263 263 264 264 262 262 255 255 256 256 265 265 257 257 260 260 266 266 264 264 258 258 266 266 262 262 264 264 267 267 260 260 268 268 267 267 268 268 269 269 267 267 265 265 260 260 261 261 266 266 258 258 270 270 267 267 269 269 271 271 269 269 272 272 271 271 272 272 273 273 271 271 270 270 269 269 274 274 271 271 273 273 275 275 273 273 276 276 275 275 274 274 273 273 277 277 276 276 278 278 277 277 275 275 276 276 279 279 278 278 280 280 279 279 277 277 278 278 281 281 280 280 282 282 281 281 282 282 283 283 281 281 279 279 280 280 284 284 281 281 283 283 285 285 283 283 286 286 285 285 284 284 283 283 287 287 285 285 286 286 287 287 286 286 288 288 289 289 287 287 288 288 289 289 288 288 290 290 291 291 290 290 292 292 291 291 292 292 293 293 291 291 289 289 290 290 294 294 291 291 293 293 295 295 293 293 296 296 295 295 296 296 297 297 295 295 294 294 293 293 298 298 295 295 297 297 251 251 297 297 299 299 251 251 299 299 252 252 251 251 298 298 297 297 300 300 301 301 302 302 300 300 303 303 301 301 304 304 302 302 305 305 304 304 300 300 302 302 306 306 307 307 308 308 306 306 309 309 307 307 310 310 305 305 311 311 310 310 304 304 305 305 312 312 308 308 313 313 312 312 306 306 308 308 314 314 311 311 315 315 314 314 310 310 311 311 316 316 313 313 317 317 316 316 312 312 313 313 318 318 315 315 319 319 318 318 314 314 315 315 320 320 317 317 321 321 320 320 316 316 317 317 322 322 319 319 323 323 322 322 318 318 319 319 324 324 321 321 325 325 324 324 320 320 321 321 326 326 323 323 327 327 326 326 322 322 323 323 328 328 325 325 329 329 328 328 324 324 325 325 330 330 327 327 331 331 330 330 326 326 327 327 332 332 329 329 333 333 334 334 331 331 335 335 332 332 328 328 329 329 334 334 330 330 331 331 336 336 335 335 337 337 336 336 334 334 335 335 338 338 333 333 339 339 340 340 337 337 341 341 338 338 332 332 333 333 340 340 336 336 337 337 342 342 339 339 343 343 342 342 338 338 339 339 344 344 342 342 343 343 344 344 343 343 345 345 346 346 344 344 345 345 346 346 345 345 347 347 348 348 346 346 347 347 348 348 347 347 349 349 350 350 349 349 351 351 350 350 348 348 349 349 352 352 351 351 353 353 352 352 350 350 351 351 354 354 352 352 353 353 354 354 353 353 355 355 356 356 355 355 357 357 356 356 354 354 355 355 303 303 357 357 301 301 303 303 356 356 357 357 358 358 359 359 360 360 358 358 361 361 359 359 362 362 360 360 363 363 362 362 358 358 360 360 364 364 365 365 366 366 364 364 367 367 365 365 368 368 363 363 369 369 368 368 362 362 363 363 370 370 366 366 371 371 370 370 364 364 366 366 372 372 373 373 374 374 372 372 369 369 373 373 372 372 368 368 369 369 375 375 371 371 376 376 375 375 370 370 371 371 377 377 374 374 378 378 377 377 372 372 374 374 379 379 376 376 380 380 379 379 375 375 376 376 381 381 378 378 382 382 381 381 377 377 378 378 383 383 382 382 384 384 385 385 380 380 386 386 383 383 381 381 382 382 385 385 379 379 380 380 387 387 384 384 388 388 387 387 383 383 384 384 389 389 386 386 390 390 389 389 385 385 386 386 391 391 388 388 392 392 391 391 387 387 388 388 393 393 390 390 394 394 395 395 392 392 396 396 393 393 389 389 390 390 395 395 391 391 392 392 397 397 395 395 396 396 398 398 394 394 399 399 398 398 393 393 394 394 400 400 399 399 401 401 400 400 398 398 399 399 402 402 400 400 401 401 402 402 401 401 403 403 404 404 402 402 403 403 404 404 403 403 405 405 406 406 404 404 405 405 406 406 405 405 407 407 408 408 407 407 409 409 408 408 406 406 407 407 410 410 409 409 411 411 410 410 408 408 409 409 412 412 410 410 411 411 412 412 411 411 413 413 414 414 413 413 415 415 414 414 412 412 413 413 361 361 415 415 359 359 361 361 414 414 415 415 416 416 417 417 418 418 416 416 418 418 419 419 416 416 420 420 417 417 421 421 416 416 419 419 422 422 419 419 423 423 424 424 425 425 426 426 422 422 421 421 419 419 424 424 427 427 425 425 428 428 423 423 429 429 428 428 429 429 430 430 428 428 422 422 423 423 431 431 426 426 432 432 431 431 424 424 426 426 433 433 428 428 430 430 434 434 432 432 435 435 427 427 430 430 425 425 434 434 431 431 432 432 427 427 433 433 430 430 436 436 435 435 437 437 436 436 434 434 435 435 438 438 437 437 439 439 438 438 436 436 437 437 440 440 439 439 441 441 440 440 441 441 442 442 440 440 438 438 439 439 443 443 440 440 442 442 444 444 442 442 445 445 444 444 445 445 446 446 444 444 443 443 442 442 447 447 446 446 448 448 447 447 444 444 446 446 449 449 447 447 448 448 450 450 448 448 451 451 450 450 451 451 452 452 450 450 449 449 448 448 453 453 450 450 452 452 454 454 453 453 452 452 454 454 452 452 455 455 454 454 455 455 456 456 457 457 454 454 456 456 457 457 456 456 458 458 459 459 458 458 460 460 459 459 457 457 458 458 461 461 460 460 462 462 461 461 459 459 460 460 463 463 461 461 462 462 464 464 462 462 465 465 464 464 465 465 417 417 464 464 463 463 462 462 420 420 464 464 417 417 466 466 467 467 468 468 469 469 468 468 470 470 469 469 470 470 471 471 469 469 466 466 468 468 472 472 473 473 474 474 475 475 469 469 471 471 472 472 476 476 473 473 477 477 471 471 478 478 477 477 478 478 479 479 480 480 474 474 481 481 477 477 475 475 471 471 480 480 472 472 474 474 482 482 479 479 473 473 482 482 477 477 479 479 483 483 481 481 484 484 483 483 480 480 481 481 476 476 482 482 473 473 485 485 484 484 486 486 485 485 483 483 484 484 487 487 486 486 488 488 487 487 488 488 489 489 487 487 485 485 486 486 490 490 487 487 489 489 491 491 489 489 492 492 491 491 490 490 489 489 493 493 492 492 494 494 493 493 491 491 492 492 495 495 494 494 496 496 495 495 496 496 497 497 495 495 493 493 494 494 498 498 495 495 497 497 499 499 497 497 500 500 499 499 500 500 501 501 499 499 498 498 497 497 502 502 501 501 503 503 502 502 499 499 501 501 504 504 502 502 503 503 505 505 504 504 503 503 505 505 503 503 506 506 505 505 506 506 507 507 508 508 505 505 507 507 509 509 507 507 510 510 509 509 508 508 507 507 511 511 510 510 512 512 511 511 509 509 510 510 513 513 512 512 514 514 513 513 511 511 512 512 467 467 514 514 515 515 467 467 515 515 468 468 467 467 513 513 514 514 516 516 517 517 518 518 516 516 519 519 517 517 520 520 516 516 518 518 521 521 518 518 522 522 521 521 522 522 523 523 521 521 520 520 518 518 524 524 525 525 526 526 524 524 526 526 527 527 524 524 528 528 525 525 529 529 523 523 530 530 529 529 521 521 523 523 531 531 524 524 527 527 532 532 530 530 525 525 532 532 529 529 530 530 533 533 527 527 534 534 528 528 532 532 525 525 533 533 534 534 535 535 533 533 531 531 527 527 536 536 533 533 535 535 537 537 535 535 538 538 537 537 538 538 539 539 537 537 536 536 535 535 540 540 537 537 539 539 541 541 539 539 542 542 541 541 540 540 539 539 543 543 542 542 544 544 543 543 541 541 542 542 545 545 544 544 546 546 545 545 543 543 544 544 547 547 546 546 548 548 547 547 548 548 549 549 547 547 545 545 546 546 550 550 547 547 549 549 551 551 549 549 552 552 551 551 550 550 549 549 553 553 551 551 552 552 553 553 552 552 554 554 555 555 553 553 554 554 555 555 554 554 556 556 557 557 556 556 558 558 557 557 558 558 559 559 557 557 555 555 556 556 560 560 557 557 559 559 561 561 559 559 562 562 561 561 562 562 563 563 561 561 560 560 559 559 564 564 563 563 565 565 564 564 561 561 563 563 519 519 565 565 517 517 519 519 564 564 565 565 566 566 567 567 568 568 566 566 569 569 567 567 570 570 568 568 571 571 570 570 566 566 568 568 572 572 571 571 573 573 574 574 575 575 576 576 572 572 570 570 571 571 574 574 577 577 575 575 578 578 573 573 579 579 580 580 576 576 581 581 578 578 572 572 573 573 580 580 574 574 576 576 582 582 579 579 583 583 582 582 578 578 579 579 584 584 581 581 585 585 584 584 580 580 581 581 586 586 583 583 587 587 586 586 582 582 583 583 588 588 585 585 589 589 588 588 584 584 585 585 577 577 587 587 575 575 577 577 586 586 587 587 590 590 589 589 591 591 590 590 588 588 589 589 592 592 591 591 593 593 592 592 590 590 591 591 594 594 593 593 595 595 594 594 592 592 593 593 596 596 595 595 597 597 596 596 594 594 595 595 598 598 597 597 599 599 598 598 596 596 597 597 600 600 599 599 601 601 600 600 598 598 599 599 602 602 601 601 603 603 602 602 600 600 601 601 604 604 602 602 603 603 604 604 603 603 605 605 606 606 604 604 605 605 606 606 605 605 607 607 608 608 606 606 607 607 608 608 607 607 609 609 610 610 609 609 611 611 610 610 608 608 609 609 612 612 611 611 613 613 612 612 610 610 611 611 614 614 613 613 615 615 614 614 612 612 613 613 569 569 615 615 567 567 569 569 614 614 615 615 616 616 617 617 618 618 619 619 620 620 621 621 622 622 617 617 616 616 623 623 624 624 625 625 626 626 620 620 619 619 627 627 628 628 624 624 629 629 622 622 616 616 630 630 628 628 627 627 631 631 626 626 619 619 632 632 623 623 625 625 633 633 626 626 631 631 634 634 632 632 625 625 635 635 622 622 629 629 636 636 630 630 627 627 637 637 635 635 629 629 638 638 630 630 636 636 639 639 632 632 634 634 640 640 633 633 631 631 640 640 641 641 633 633 642 642 638 638 636 636 643 643 637 637 644 644 643 643 635 635 637 637 645 645 639 639 634 634 646 646 644 644 641 641 646 646 641 641 640 640 646 646 643 643 644 644 647 647 638 638 642 642 623 623 648 648 624 624 624 624 648 648 627 627 649 649 639 639 645 645 650 650 647 647 642 642 651 651 649 649 645 645 652 652 647 647 650 650 653 653 649 649 651 651 654 654 652 652 650 650 655 655 653 653 651 651 656 656 652 652 654 654 657 657 653 653 655 655 658 658 656 656 654 654 659 659 657 657 655 655 660 660 656 656 658 658 661 661 657 657 659 659 662 662 660 660 658 658 663 663 661 661 659 659 664 664 660 660 662 662 665 665 661 661 663 663 618 618 664 664 662 662 621 621 665 665 663 663 617 617 664 664 618 618 620 620 665 665 621 621 666 666 667 667 668 668 669 669 670 670 671 671 672 672 673 673 674 674 675 675 670 670 669 669 676 676 673 673 672 672 677 677 672 672 674 674 678 678 672 672 677 677 679 679 680 680 673 673 679 679 673 673 676 676 681 681 682 682 667 667 681 681 667 667 666 666 683 683 678 678 677 677 684 684 669 669 685 685 684 684 675 675 669 669 686 686 678 678 683 683 687 687 680 680 679 679 688 688 687 687 679 679 689 689 690 690 682 682 689 689 691 691 690 690 689 689 682 682 681 681 692 692 683 683 693 693 694 694 685 685 695 695 694 694 684 684 685 685 696 696 695 695 691 691 692 692 686 686 683 683 696 696 691 691 689 689 696 696 694 694 695 695 697 697 687 687 688 688 698 698 697 697 688 688 699 699 692 692 693 693 700 700 692 692 699 699 701 701 702 702 697 697 701 701 697 697 698 698 703 703 699 699 704 704 703 703 700 700 699 699 705 705 702 702 701 701 706 706 705 705 701 701 707 707 708 708 703 703 707 707 703 703 704 704 709 709 705 705 706 706 709 709 706 706 710 710 711 711 708 708 707 707 711 711 712 712 708 708 713 713 709 709 710 710 714 714 709 709 713 713 668 668 712 712 711 711 668 668 715 715 712 712 670 670 714 714 713 713 670 670 713 713 671 671 667 667 715 715 668 668 716 716 717 717 718 718 719 719 720 720 717 717 721 721 716 716 722 722 721 721 717 717 716 716 723 723 724 724 719 719 725 725 717 717 721 721 726 726 725 725 727 727 728 728 729 729 723 723 728 728 730 730 729 729 728 728 731 731 730 730 732 732 726 726 733 733 732 732 723 723 719 719 732 732 719 719 717 717 732 732 717 717 725 725 732 732 725 725 726 726 734 734 735 735 728 728 736 736 732 732 737 737 738 738 739 739 734 734 738 738 736 736 740 740 738 738 723 723 732 732 738 738 728 728 723 723 738 738 732 732 736 736 738 738 734 734 728 728 741 741 742 742 743 743 744 744 745 745 742 742 746 746 741 741 747 747 746 746 747 747 748 748 749 749 750 750 744 744 751 751 746 746 752 752 751 751 742 742 741 741 751 751 744 744 742 742 751 751 749 749 744 744 751 751 741 741 746 746 753 753 754 754 749 749 753 753 749 749 751 751 755 755 751 751 756 756 755 755 753 753 751 751 757 757 758 758 753 753 759 759 755 755 760 760 759 759 753 753 755 755 761 761 762 762 757 757 761 761 757 757 753 753 761 761 753 753 759 759 763 763 761 761 759 759 764 764 765 765 761 761 764 764 761 761 763 763 766 766 767 767 768 768 769 769 770 770 771 771 772 772 769 769 771 771 773 773 774 774 775 775 773 773 776 776 774 774 777 777 778 778 770 770 777 777 770 770 769 769 779 779 766 766 768 768 780 780 772 772 771 771 781 781 766 766 779 779 782 782 772 772 780 780 783 783 781 781 779 779 784 784 785 785 778 778 784 784 778 778 777 777 786 786 776 776 773 773 786 786 787 787 776 776 788 788 781 781 783 783 789 789 782 782 780 780 790 790 782 782 789 789 791 791 785 785 784 784 792 792 788 788 783 783 793 793 791 791 784 784 794 794 795 795 787 787 796 796 790 790 789 789 794 794 787 787 786 786 797 797 788 788 792 792 797 797 792 792 795 795 797 797 795 795 794 794 798 798 790 790 796 796 799 799 791 791 793 793 800 800 799 799 793 793 801 801 798 798 796 796 802 802 798 798 801 801 803 803 804 804 799 799 803 803 799 799 800 800 805 805 802 802 801 801 806 806 802 802 805 805 807 807 808 808 804 804 807 807 804 804 803 803 809 809 806 806 805 805 809 809 810 810 806 806 811 811 808 808 807 807 812 812 808 808 811 811 813 813 810 810 809 809 813 813 814 814 810 810 815 815 812 812 811 811 767 767 812 812 815 815 775 775 814 814 813 813 775 775 774 774 814 814 768 768 767 767 815 815 816 816 817 817 818 818 819 819 820 820 821 821 822 822 816 816 818 818 823 823 824 824 825 825 826 826 820 820 819 819 823 823 825 825 827 827 828 828 820 820 826 826 829 829 821 821 830 830 829 829 819 819 821 821 831 831 816 816 822 822 832 832 828 828 826 826 833 833 831 831 822 822 834 834 827 827 835 835 836 836 828 828 832 832 834 834 823 823 827 827 837 837 830 830 838 838 837 837 829 829 830 830 839 839 831 831 833 833 840 840 836 836 832 832 841 841 842 842 839 839 843 843 838 838 844 844 841 841 839 839 833 833 843 843 837 837 838 838 845 845 835 835 846 846 845 845 834 834 835 835 847 847 836 836 840 840 848 848 846 846 842 842 848 848 842 842 841 841 848 848 845 845 846 846 849 849 847 847 840 840 850 850 843 843 844 844 851 851 850 850 844 844 852 852 847 847 849 849 853 853 852 852 849 849 854 854 850 850 851 851 855 855 854 854 851 851 856 856 852 852 853 853 857 857 856 856 853 853 858 858 854 854 855 855 859 859 858 858 855 855 860 860 856 856 857 857 861 861 860 860 857 857 862 862 858 858 859 859 863 863 862 862 859 859 864 864 860 860 861 861 865 865 864 864 861 861 817 817 862 862 863 863 818 818 817 817 863 863 824 824 864 864 865 865 824 824 865 865 825 825 866 866 867 867 868 868 869 869 870 870 871 871 872 872 873 873 874 874 875 875 876 876 877 877 876 876 878 878 877 877 879 879 878 878 876 876 868 868 878 878 879 879 867 867 878 878 868 868 880 880 878 878 867 867 881 881 878 878 880 880 882 882 883 883 884 884 883 883 885 885 886 886 884 884 883 883 886 886 871 871 882 882 887 887 869 869 871 871 887 887 882 882 884 884 887 887 885 885 888 888 889 889 886 886 885 885 889 889 869 869 887 887 890 890 869 869 890 890 873 873 888 888 891 891 892 892 891 891 893 893 892 892 889 889 888 888 892 892 893 893 894 894 895 895 894 894 896 896 895 895 896 896 897 897 895 895 892 892 893 893 895 895 897 897 898 898 899 899 895 895 897 897 899 899 898 898 900 900 901 901 899 899 898 898 901 901 869 869 873 873 872 872 900 900 867 867 866 866 901 901 900 900 866 866 902 902 903 903 904 904 904 904 905 905 906 906 905 905 907 907 906 906 908 908 909 909 910 910 911 911 912 912 913 913 914 914 915 915 916 916 917 917 918 918 916 916 919 919 917 917 916 916 907 907 919 919 916 916 906 906 907 907 916 916 915 915 906 906 916 916 920 920 918 918 917 917 921 921 922 922 923 923 924 924 921 921 925 925 921 921 923 923 925 925 922 922 926 926 927 927 923 923 922 922 927 927 927 927 926 926 928 928 929 929 924 924 930 930 924 924 925 925 930 930 926 926 931 931 932 932 928 928 926 926 932 932 929 929 930 930 912 912 932 932 931 931 933 933 933 933 931 931 934 934 931 931 935 935 936 936 934 934 931 931 936 936 935 935 903 903 902 902 936 936 935 935 902 902 910 910 937 937 911 911 937 937 929 929 911 911 908 908 910 910 911 911 929 929 912 912 911 911 903 903 905 905 904 904 938 938 939 939 940 940 938 938 941 941 939 939 938 938 942 942 941 941 943 943 944 944 945 945 946 946 938 938 940 940 947 947 945 945 948 948 947 947 943 943 945 945 949 949 950 950 951 951 949 949 940 940 950 950 949 949 946 946 940 940 952 952 947 947 948 948 953 953 949 949 951 951 954 954 955 955 956 956 954 954 948 948 955 955 954 954 952 952 948 948 957 957 951 951 958 958 957 957 953 953 951 951 959 959 954 954 956 956 960 960 958 958 961 961 960 960 957 957 958 958 962 962 963 963 964 964 962 962 956 956 963 963 962 962 959 959 956 956 965 965 961 961 966 966 965 965 960 960 961 961 967 967 964 964 968 968 967 967 962 962 964 964 969 969 970 970 971 971 969 969 966 966 970 970 969 969 965 965 966 966 972 972 969 969 971 971 973 973 968 968 974 974 973 973 967 967 968 968 975 975 971 971 976 976 975 975 972 972 971 971 977 977 974 974 978 978 977 977 973 973 974 974 979 979 978 978 980 980 979 979 977 977 978 978 981 981 979 979 980 980 982 982 981 981 980 980 982 982 980 980 983 983 984 984 982 982 983 983 984 984 985 985 986 986 984 984 983 983 985 985 987 987 984 984 986 986 988 988 989 989 990 990 988 988 986 986 989 989 988 988 987 987 986 986 991 991 988 988 990 990 992 992 990 990 993 993 992 992 991 991 990 990 994 994 992 992 993 993 994 994 995 995 941 941 994 994 993 993 995 995 942 942 994 994 941 941 996 996 997 997 998 998 996 996 999 999 997 997 1000 1000 996 996 998 998 1001 1001 1002 1002 1003 1003 1004 1004 1005 1005 1006 1006 1004 1004 998 998 1005 1005 1004 1004 1000 1000 998 998 1007 1007 1001 1001 1003 1003 1008 1008 1006 1006 1009 1009 1008 1008 1004 1004 1006 1006 1010 1010 1011 1011 1012 1012 1010 1010 1003 1003 1011 1011 1010 1010 1007 1007 1003 1003 1013 1013 1009 1009 1014 1014 1013 1013 1008 1008 1009 1009 1015 1015 1010 1010 1012 1012 1016 1016 1014 1014 1017 1017 1016 1016 1013 1013 1014 1014 1018 1018 1012 1012 1019 1019 1020 1020 1017 1017 1021 1021 1018 1018 1015 1015 1012 1012 1020 1020 1016 1016 1017 1017 1022 1022 1023 1023 1024 1024 1025 1025 1020 1020 1021 1021 1022 1022 1019 1019 1023 1023 1022 1022 1018 1018 1019 1019 1026 1026 1021 1021 1027 1027 1026 1026 1025 1025 1021 1021 1028 1028 1022 1022 1024 1024 1029 1029 1030 1030 1031 1031 1029 1029 1027 1027 1030 1030 1029 1029 1026 1026 1027 1027 1032 1032 1029 1029 1031 1031 1033 1033 1024 1024 1034 1034 1033 1033 1028 1028 1024 1024 1035 1035 1036 1036 1037 1037 1035 1035 1034 1034 1036 1036 1035 1035 1033 1033 1034 1034 1038 1038 1037 1037 1039 1039 1038 1038 1035 1035 1037 1037 1040 1040 1039 1039 1041 1041 1040 1040 1038 1038 1039 1039 1042 1042 1040 1040 1041 1041 1043 1043 1042 1042 1041 1041 1043 1043 1044 1044 1045 1045 1043 1043 1041 1041 1044 1044 1046 1046 1043 1043 1045 1045 1046 1046 1045 1045 1047 1047 1048 1048 1046 1046 1047 1047 1048 1048 1047 1047 1049 1049 1050 1050 1048 1048 1049 1049 1050 1050 1049 1049 1051 1051 1052 1052 1050 1050 1051 1051 1053 1053 1052 1052 1051 1051 1053 1053 1051 1051 999 999 996 996 1053 1053 999 999 655 655 1054 1054 1055 1055 655 655 1055 1055 1056 1056 659 659 655 655 1056 1056 659 659 1056 1056 1057 1057 659 659 1057 1057 1058 1058 659 659 1058 1058 1059 1059 651 651 1054 1054 655 655 651 651 1060 1060 1061 1061 651 651 1061 1061 1054 1054 663 663 659 659 1059 1059 663 663 1059 1059 1062 1062 663 663 1062 1062 1063 1063 645 645 1060 1060 651 651 645 645 1064 1064 1065 1065 645 645 1065 1065 1060 1060 621 621 663 663 1063 1063 621 621 1063 1063 1066 1066 621 621 1066 1066 1067 1067 634 634 1064 1064 645 645 634 634 1068 1068 1069 1069 634 634 1069 1069 1070 1070 634 634 1070 1070 1064 1064 619 619 621 621 1067 1067 625 625 1068 1068 634 634 625 625 1071 1071 1072 1072 625 625 1072 1072 1068 1068 631 631 619 619 1067 1067 624 624 1073 1073 1074 1074 624 624 1074 1074 1071 1071 624 624 1071 1071 625 625 640 640 631 631 1067 1067 628 628 1075 1075 1073 1073 628 628 1073 1073 624 624 646 646 640 640 1067 1067 1076 1076 1075 1075 628 628 630 630 1076 1076 628 628 643 643 646 646 1067 1067 1077 1077 1076 1076 630 630 1078 1078 1077 1077 630 630 1079 1079 630 630 638 638 1079 1079 1078 1078 630 630 1080 1080 1079 1079 638 638 1081 1081 1080 1080 638 638 1081 1081 638 638 647 647 1082 1082 647 647 652 652 1082 1082 652 652 656 656 1082 1082 656 656 660 660 1082 1082 660 660 664 664 1082 1082 1081 1081 647 647 1083 1083 643 643 1067 1067 859 859 643 643 1083 1083 859 859 1083 1083 863 863 818 818 863 863 1083 1083 855 855 643 643 859 859 855 855 635 635 643 643 822 822 818 818 1083 1083 851 851 635 635 855 855 851 851 622 622 635 635 833 833 1083 1083 1084 1084 833 833 1084 1084 1085 1085 833 833 822 822 1083 1083 844 844 622 622 851 851 844 844 617 617 622 622 841 841 1085 1085 1086 1086 841 841 1086 1086 1087 1087 841 841 833 833 1085 1085 838 838 617 617 844 844 838 838 664 664 617 617 848 848 1087 1087 1088 1088 848 848 1088 1088 1089 1089 848 848 841 841 1087 1087 830 830 664 664 838 838 845 845 1089 1089 1090 1090 845 845 848 848 1089 1089 1091 1091 845 845 1090 1090 834 834 845 845 1091 1091 1092 1092 834 834 1091 1091 1093 1093 834 834 1092 1092 1094 1094 834 834 1093 1093 1094 1094 823 823 834 834 1095 1095 823 823 1094 1094 1096 1096 823 823 1095 1095 1096 1096 824 824 823 823 1097 1097 1082 1082 664 664 1097 1097 664 664 830 830 1097 1097 830 830 821 821 1097 1097 821 821 820 820 1097 1097 820 820 828 828 1097 1097 828 828 836 836 1098 1098 824 824 1096 1096 1099 1099 1097 1097 836 836 1100 1100 864 864 824 824 1100 1100 824 824 1098 1098 1101 1101 836 836 847 847 1101 1101 1099 1099 836 836 1102 1102 864 864 1100 1100 1103 1103 1101 1101 847 847 1104 1104 864 864 1102 1102 1104 1104 860 860 864 864 1105 1105 1103 1103 847 847 1105 1105 847 847 852 852 1106 1106 860 860 1104 1104 1107 1107 1105 1105 852 852 1108 1108 860 860 1106 1106 1109 1109 1107 1107 852 852 1109 1109 852 852 856 856 1110 1110 860 860 1108 1108 1110 1110 856 856 860 860 1111 1111 1109 1109 856 856 1111 1111 856 856 1110 1110 1112 1112 1113 1113 1114 1114 1115 1115 1112 1112 1114 1114 1114 1114 1113 1113 1116 1116 1117 1117 1118 1118 1116 1116 1113 1113 1117 1117 1116 1116 1115 1115 1114 1114 1119 1119 1120 1120 1115 1115 1119 1119 1121 1121 1120 1120 1119 1119 1122 1122 1123 1123 1124 1124 1125 1125 1122 1122 1124 1124 1118 1118 1125 1125 1124 1124 1116 1116 1118 1118 1124 1124 1121 1121 1119 1119 1126 1126 1127 1127 1121 1121 1126 1126 1128 1128 1127 1127 1126 1126 1124 1124 1123 1123 1129 1129 1130 1130 1131 1131 1129 1129 1123 1123 1130 1130 1129 1129 1128 1128 1126 1126 1132 1132 1133 1133 1128 1128 1132 1132 1129 1129 1131 1131 1134 1134 1135 1135 1136 1136 1134 1134 1131 1131 1135 1135 1134 1134 1133 1133 1132 1132 1137 1137 1138 1138 1139 1139 1140 1140 1136 1136 1138 1138 1140 1140 1134 1134 1136 1136 1140 1140 1133 1133 1137 1137 1141 1141 1142 1142 1143 1143 1144 1144 1139 1139 1142 1142 1144 1144 1140 1140 1139 1139 1144 1144 1144 1144 1143 1143 1145 1145 1133 1133 1141 1141 1146 1146 1144 1144 1145 1145 1147 1147 1147 1147 1145 1145 1148 1148 1133 1133 1146 1146 1149 1149 1150 1150 1147 1147 1151 1151 1147 1147 1148 1148 1151 1151 1150 1150 1151 1151 1152 1152 1153 1153 1150 1150 1154 1154 1150 1150 1152 1152 1154 1154 1153 1153 1154 1154 1155 1155 1153 1153 1155 1155 1156 1156 1157 1157 1153 1153 1156 1156 1158 1158 1157 1157 1159 1159 1160 1160 1158 1158 1159 1159 1161 1161 1160 1160 1159 1159 1162 1162 1161 1161 1159 1159 1157 1157 1156 1156 1159 1159 1133 1133 1149 1149 1163 1163 1163 1163 1164 1164 1165 1165 1164 1164 1163 1163 1166 1166 1163 1163 1149 1149 1166 1166 1149 1149 1167 1167 1166 1166 1163 1163 1165 1165 1168 1168 1166 1166 1167 1167 1169 1169 1167 1167 1170 1170 1169 1169 1163 1163 1168 1168 1171 1171 1169 1169 1170 1170 1172 1172 1170 1170 1173 1173 1172 1172 1174 1174 1163 1163 1175 1175 1176 1176 1174 1174 1175 1175 1177 1177 1176 1176 1175 1175 1163 1163 1171 1171 1175 1175 1172 1172 1173 1173 1178 1178 1173 1173 1162 1162 1178 1178 1179 1179 1177 1177 1180 1180 1181 1181 1179 1179 1180 1180 1177 1177 1175 1175 1180 1180 1162 1162 1159 1159 1182 1182 1178 1178 1162 1162 1182 1182 1183 1183 1181 1181 1184 1184 1181 1181 1180 1180 1184 1184 1183 1183 1184 1184 1185 1185 1185 1185 1184 1184 1186 1186 1185 1185 1186 1186 1187 1187 1186 1186 1188 1188 1189 1189 1187 1187 1186 1186 1189 1189 1189 1189 1188 1188 1190 1190 1190 1190 1188 1188 1191 1191 1188 1188 1192 1192 1193 1193 1191 1191 1188 1188 1193 1193 1193 1193 1192 1192 1194 1194 1182 1182 1159 1159 1195 1195 1196 1196 1197 1197 1195 1195 1197 1197 1198 1198 1195 1195 1198 1198 1199 1199 1195 1195 1199 1199 1182 1182 1195 1195 1192 1192 1200 1200 1201 1201 1194 1194 1192 1192 1201 1201 1196 1196 1195 1195 1202 1202 1203 1203 1196 1196 1202 1202 1201 1201 1200 1200 1204 1204 1203 1203 1202 1202 1205 1205 1200 1200 1206 1206 1207 1207 1204 1204 1200 1200 1207 1207 1203 1203 1205 1205 1208 1208 1209 1209 1203 1203 1208 1208 1207 1207 1206 1206 1210 1210 1209 1209 1208 1208 1211 1211 1206 1206 1212 1212 1213 1213 1210 1210 1206 1206 1213 1213 1214 1214 1209 1209 1215 1215 1209 1209 1211 1211 1215 1215 1213 1213 1212 1212 1216 1216 1214 1214 1215 1215 1217 1217 1216 1216 1212 1212 1218 1218 1212 1212 1214 1214 1219 1219 1218 1218 1212 1212 1219 1219 1214 1214 1217 1217 1219 1219 1220 1220 1221 1221 1222 1222 1223 1223 1224 1224 1225 1225 1223 1223 1225 1225 1226 1226 1223 1223 1226 1226 1227 1227 1228 1228 1220 1220 1229 1229 1230 1230 1224 1224 1223 1223 1230 1230 1231 1231 1232 1232 1230 1230 1232 1232 1224 1224 1233 1233 1228 1228 1229 1229 1234 1234 1231 1231 1230 1230 1234 1234 1235 1235 1231 1231 1236 1236 1233 1233 1229 1229 1237 1237 1235 1235 1234 1234 1238 1238 1237 1237 1234 1234 1239 1239 1237 1237 1238 1238 1240 1240 1239 1239 1238 1238 1240 1240 1238 1238 1241 1241 1242 1242 1240 1240 1241 1241 1243 1243 1244 1244 1245 1245 1243 1243 1245 1245 1246 1246 1247 1247 1248 1248 1249 1249 1247 1247 1249 1249 1244 1244 1247 1247 1244 1244 1243 1243 1250 1250 1242 1242 1241 1241 1251 1251 1246 1246 1252 1252 1251 1251 1252 1252 1253 1253 1251 1251 1253 1253 1254 1254 1255 1255 1241 1241 1256 1256 1251 1251 1243 1243 1246 1246 1255 1255 1250 1250 1241 1241 1257 1257 1255 1255 1256 1256 1258 1258 1259 1259 1260 1260 1258 1258 1260 1260 1248 1248 1261 1261 1256 1256 1262 1262 1258 1258 1248 1248 1247 1247 1261 1261 1262 1262 1263 1263 1261 1261 1263 1263 1264 1264 1261 1261 1264 1264 1265 1265 1221 1221 1254 1254 1266 1266 1261 1261 1257 1257 1256 1256 1221 1221 1266 1266 1222 1222 1267 1267 1236 1236 1229 1229 1221 1221 1251 1251 1254 1254 1267 1267 1268 1268 1269 1269 1267 1267 1269 1269 1270 1270 1267 1267 1270 1270 1236 1236 1271 1271 1265 1265 1272 1272 1271 1271 1272 1272 1273 1273 1271 1271 1273 1273 1268 1268 1271 1271 1268 1268 1267 1267 1227 1227 1226 1226 1274 1274 1271 1271 1261 1261 1265 1265 1227 1227 1274 1274 1275 1275 1227 1227 1275 1275 1259 1259 1227 1227 1259 1259 1258 1258 1220 1220 1222 1222 1229 1229 1276 1276 1277 1277 1278 1278 1279 1279 1280 1280 1281 1281 1282 1282 1279 1279 1281 1281 1283 1283 1282 1282 1281 1281 1284 1284 1278 1278 1285 1285 1281 1281 1280 1280 1286 1286 1287 1287 1288 1288 1286 1286 1280 1280 1287 1287 1286 1286 1284 1284 1285 1285 1289 1289 1286 1286 1288 1288 1290 1290 1288 1288 1291 1291 1290 1290 1284 1284 1289 1289 1292 1292 1290 1290 1291 1291 1293 1293 1290 1290 1293 1293 1294 1294 1294 1294 1293 1293 1295 1295 1294 1294 1295 1295 1296 1296 1297 1297 1294 1294 1296 1296 1297 1297 1296 1296 1298 1298 1299 1299 1300 1300 1301 1301 1302 1302 1299 1299 1301 1301 1297 1297 1298 1298 1303 1303 1304 1304 1305 1305 1306 1306 1300 1300 1304 1304 1306 1306 1301 1301 1300 1300 1306 1306 1307 1307 1297 1297 1308 1308 1309 1309 1302 1302 1310 1310 1311 1311 1309 1309 1310 1310 1297 1297 1303 1303 1308 1308 1312 1312 1311 1311 1310 1310 1307 1307 1308 1308 1313 1313 1302 1302 1301 1301 1310 1310 1314 1314 1307 1307 1315 1315 1316 1316 1314 1314 1315 1315 1317 1317 1316 1316 1315 1315 1318 1318 1317 1317 1315 1315 1319 1319 1320 1320 1321 1321 1307 1307 1313 1313 1315 1315 1305 1305 1319 1319 1321 1321 1306 1306 1305 1305 1321 1321 1284 1284 1292 1292 1322 1322 1323 1323 1324 1324 1322 1322 1325 1325 1312 1312 1277 1277 1326 1326 1323 1323 1322 1322 1276 1276 1325 1325 1277 1277 1292 1292 1326 1326 1322 1322 1312 1312 1310 1310 1277 1277 1327 1327 1318 1318 1328 1328 1329 1329 1327 1327 1328 1328 1324 1324 1329 1329 1328 1328 1322 1322 1324 1324 1328 1328 1318 1318 1315 1315 1328 1328 1330 1330 1282 1282 1283 1283 1331 1331 1330 1330 1283 1283 1320 1320 1331 1331 1283 1283 1321 1321 1320 1320 1283 1283 1284 1284 1276 1276 1278 1278 1332 1332 1333 1333 1334 1334 1333 1333 1335 1335 1334 1334 1336 1336 1337 1337 1338 1338 1339 1339 1340 1340 1341 1341 1342 1342 1337 1337 1336 1336 1339 1339 1341 1341 1343 1343 1344 1344 1337 1337 1342 1342 1345 1345 1343 1343 1341 1341 1344 1344 1346 1346 1337 1337 1347 1347 1348 1348 1349 1349 1350 1350 1340 1340 1339 1339 1347 1347 1349 1349 1351 1351 1347 1347 1351 1351 1352 1352 1347 1347 1352 1352 1353 1353 1354 1354 1345 1345 1341 1341 1347 1347 1355 1355 1348 1348 1356 1356 1346 1346 1344 1344 1357 1357 1355 1355 1340 1340 1358 1358 1347 1347 1353 1353 1357 1357 1340 1340 1350 1350 1359 1359 1341 1341 1360 1360 1359 1359 1360 1360 1361 1361 1362 1362 1346 1346 1356 1356 1359 1359 1354 1354 1341 1341 1362 1362 1363 1363 1346 1346 1364 1364 1358 1358 1353 1353 1365 1365 1355 1355 1357 1357 1364 1364 1353 1353 1366 1366 1367 1367 1361 1361 1368 1368 1367 1367 1368 1368 1369 1369 1370 1370 1363 1363 1362 1362 1367 1367 1359 1359 1361 1361 1371 1371 1364 1364 1366 1366 1372 1372 1355 1355 1365 1365 1373 1373 1374 1374 1363 1363 1373 1373 1363 1363 1370 1370 1375 1375 1366 1366 1376 1376 1375 1375 1371 1371 1366 1366 1377 1377 1369 1369 1378 1378 1377 1377 1378 1378 1379 1379 1377 1377 1367 1367 1369 1369 1380 1380 1374 1374 1373 1373 1348 1348 1355 1355 1372 1372 1381 1381 1375 1375 1376 1376 1382 1382 1383 1383 1374 1374 1382 1382 1374 1374 1380 1380 1384 1384 1379 1379 1385 1385 1386 1386 1376 1376 1383 1383 1384 1384 1377 1377 1379 1379 1386 1386 1381 1381 1376 1376 1387 1387 1383 1383 1382 1382 1388 1388 1386 1386 1383 1383 1388 1388 1383 1383 1387 1387 1389 1389 1384 1384 1385 1385 1389 1389 1390 1390 1384 1384 1391 1391 1390 1390 1389 1389 1338 1338 1390 1390 1391 1391 1338 1338 1337 1337 1390 1390 1392 1392 1393 1393 1394 1394 1394 1394 1393 1393 1395 1395 1396 1396 1397 1397 1398 1398 1395 1395 1393 1393 1399 1399 1400 1400 1396 1396 1398 1398 1393 1393 1401 1401 1399 1399 1396 1396 1400 1400 1402 1402 1403 1403 1404 1404 1405 1405 1406 1406 1403 1403 1405 1405 1407 1407 1406 1406 1405 1405 1408 1408 1407 1407 1405 1405 1398 1398 1397 1397 1409 1409 1404 1404 1410 1410 1405 1405 1399 1399 1401 1401 1411 1411 1396 1396 1402 1402 1412 1412 1397 1397 1410 1410 1413 1413 1408 1408 1405 1405 1414 1414 1409 1409 1397 1397 1413 1413 1411 1411 1401 1401 1415 1415 1416 1416 1396 1396 1417 1417 1418 1418 1416 1416 1417 1417 1401 1401 1419 1419 1415 1415 1396 1396 1412 1412 1417 1417 1408 1408 1414 1414 1420 1420 1421 1421 1408 1408 1420 1420 1413 1413 1410 1410 1422 1422 1415 1415 1419 1419 1423 1423 1424 1424 1418 1418 1425 1425 1426 1426 1424 1424 1425 1425 1421 1421 1420 1420 1427 1427 1418 1418 1417 1417 1425 1425 1419 1419 1428 1428 1429 1429 1423 1423 1419 1419 1429 1429 1422 1422 1410 1410 1430 1430 1431 1431 1421 1421 1432 1432 1421 1421 1427 1427 1432 1432 1433 1433 1426 1426 1434 1434 1435 1435 1433 1433 1434 1434 1429 1429 1428 1428 1436 1436 1426 1426 1425 1425 1434 1434 1431 1431 1432 1432 1437 1437 1436 1436 1428 1428 1438 1438 1428 1428 1439 1439 1438 1438 1430 1430 1410 1410 1404 1404 1439 1439 1431 1431 1440 1440 1431 1431 1437 1437 1440 1440 1441 1441 1435 1435 1442 1442 1438 1438 1439 1439 1443 1443 1435 1435 1434 1434 1442 1442 1439 1439 1440 1440 1444 1444 1443 1443 1439 1439 1444 1444 1442 1442 1445 1445 1446 1446 1441 1441 1442 1442 1446 1446 1446 1446 1445 1445 1447 1447 1447 1447 1445 1445 1392 1392 1445 1445 1393 1393 1392 1392 1448 1448 1449 1449 1450 1450 1449 1449 1451 1451 1450 1450 1452 1452 1453 1453 1454 1454 1455 1455 1452 1452 1456 1456 1452 1452 1454 1454 1456 1456 1457 1457 1455 1455 1458 1458 1455 1455 1456 1456 1458 1458 1459 1459 1457 1457 1460 1460 1457 1457 1458 1458 1460 1460 1459 1459 1460 1460 1461 1461 1462 1462 1459 1459 1463 1463 1464 1464 1462 1462 1463 1463 1459 1459 1461 1461 1463 1463 1464 1464 1463 1463 1465 1465 1466 1466 1467 1467 1468 1468 1469 1469 1466 1466 1468 1468 1470 1470 1469 1469 1471 1471 1469 1469 1468 1468 1471 1471 1472 1472 1470 1470 1473 1473 1470 1470 1471 1471 1473 1473 1474 1474 1472 1472 1475 1475 1472 1472 1473 1473 1475 1475 1476 1476 1474 1474 1477 1477 1474 1474 1475 1475 1477 1477 1478 1478 1476 1476 1479 1479 1476 1476 1477 1477 1479 1479 1480 1480 1481 1481 1482 1482 1480 1480 1482 1482 1483 1483 1484 1484 1480 1480 1485 1485 1480 1480 1483 1483 1485 1485 1486 1486 1484 1484 1487 1487 1484 1484 1485 1485 1487 1487 1488 1488 1486 1486 1489 1489 1486 1486 1487 1487 1489 1489 1490 1490 1488 1488 1491 1491 1488 1488 1489 1489 1491 1491 1492 1492 1490 1490 1493 1493 1490 1490 1491 1491 1493 1493 1494 1494 1495 1495 1496 1496 1497 1497 1494 1494 1496 1496 1498 1498 1497 1497 1499 1499 1497 1497 1496 1496 1499 1499 1500 1500 1498 1498 1501 1501 1498 1498 1499 1499 1501 1501 1502 1502 1500 1500 1503 1503 1500 1500 1501 1501 1503 1503 1504 1504 1502 1502 1505 1505 1506 1506 1504 1504 1505 1505 1502 1502 1503 1503 1505 1505 1506 1506 1505 1505 1507 1507 1508 1508 1509 1509 1510 1510 1511 1511 1512 1512 1509 1509 1513 1513 1514 1514 1511 1511 1515 1515 1516 1516 1517 1517 1515 1515 1508 1508 1516 1516 1518 1518 1515 1515 1519 1519 1520 1520 1521 1521 1513 1513 1520 1520 1522 1522 1521 1521 1520 1520 1523 1523 1522 1522 1524 1524 1518 1518 1525 1525 1524 1524 1515 1515 1518 1518 1526 1526 1527 1527 1520 1520 1528 1528 1529 1529 1526 1526 1528 1528 1530 1530 1531 1531 1528 1528 1524 1524 1530 1530 1528 1528 1509 1509 1508 1508 1528 1528 1513 1513 1511 1511 1528 1528 1511 1511 1509 1509 1528 1528 1508 1508 1515 1515 1528 1528 1520 1520 1513 1513 1528 1528 1515 1515 1524 1524 1528 1528 1526 1526 1520 1520 1532 1532 1529 1529 1528 1528 1533 1533 1534 1534 1535 1535 1533 1533 1536 1536 1534 1534 1537 1537 1538 1538 1539 1539 1540 1540 1538 1538 1537 1537 1541 1541 1542 1542 1543 1543 1541 1541 1543 1543 1544 1544 1545 1545 1538 1538 1540 1540 1546 1546 1539 1539 1547 1547 1546 1546 1537 1537 1539 1539 1548 1548 1545 1545 1540 1540 1549 1549 1547 1547 1550 1550 1551 1551 1552 1552 1536 1536 1549 1549 1546 1546 1547 1547 1551 1551 1536 1536 1533 1533 1553 1553 1544 1544 1554 1554 1555 1555 1545 1545 1548 1548 1553 1553 1541 1541 1544 1544 1556 1556 1552 1552 1551 1551 1557 1557 1555 1555 1548 1548 1558 1558 1550 1550 1559 1559 1558 1558 1549 1549 1550 1550 1560 1560 1556 1556 1551 1551 1560 1560 1561 1561 1556 1556 1562 1562 1555 1555 1557 1557 1563 1563 1554 1554 1564 1564 1563 1563 1553 1553 1554 1554 1565 1565 1563 1563 1564 1564 1565 1565 1561 1561 1560 1560 1566 1566 1562 1562 1557 1557 1565 1565 1564 1564 1561 1561 1567 1567 1559 1559 1568 1568 1567 1567 1558 1558 1559 1559 1569 1569 1562 1562 1566 1566 1570 1570 1569 1569 1566 1566 1571 1571 1568 1568 1572 1572 1571 1571 1567 1567 1568 1568 1573 1573 1569 1569 1570 1570 1574 1574 1573 1573 1570 1570 1575 1575 1571 1571 1572 1572 1576 1576 1575 1575 1572 1572 1577 1577 1573 1573 1574 1574 1577 1577 1574 1574 1578 1578 1579 1579 1575 1575 1576 1576 1580 1580 1579 1579 1576 1576 1581 1581 1577 1577 1578 1578 1581 1581 1578 1578 1582 1582 1534 1534 1579 1579 1580 1580 1535 1535 1534 1534 1580 1580 1542 1542 1581 1581 1582 1582 1542 1542 1582 1582 1543 1543 1583 1583 1188 1188 1584 1584 1203 1203 1585 1585 1196 1196 1192 1192 1188 1188 1583 1583 1586 1586 1166 1166 1169 1169 1587 1587 1164 1164 1166 1166 1588 1588 1585 1585 1203 1203 1165 1165 1164 1164 1587 1587 1589 1589 1192 1192 1583 1583 1590 1590 1586 1586 1169 1169 1209 1209 1588 1588 1203 1203 1172 1172 1590 1590 1169 1169 1591 1591 1588 1588 1209 1209 1592 1592 1165 1165 1587 1587 1200 1200 1192 1192 1589 1589 1168 1168 1165 1165 1592 1592 1593 1593 1200 1200 1589 1589 1594 1594 1590 1590 1172 1172 1595 1595 1168 1168 1592 1592 1214 1214 1591 1591 1209 1209 1214 1214 1596 1596 1591 1591 1178 1178 1594 1594 1172 1172 1206 1206 1593 1593 1597 1597 1206 1206 1200 1200 1593 1593 1171 1171 1168 1168 1595 1595 1212 1212 1596 1596 1214 1214 1212 1212 1597 1597 1596 1596 1212 1212 1206 1206 1597 1597 1586 1586 1598 1598 1166 1166 1166 1166 1598 1598 1587 1587 1599 1599 1594 1594 1178 1178 1600 1600 1171 1171 1595 1595 1182 1182 1599 1599 1178 1178 1175 1175 1171 1171 1600 1600 1601 1601 1599 1599 1182 1182 1602 1602 1175 1175 1600 1600 1199 1199 1601 1601 1182 1182 1180 1180 1175 1175 1602 1602 1603 1603 1601 1601 1199 1199 1604 1604 1180 1180 1602 1602 1198 1198 1603 1603 1199 1199 1184 1184 1180 1180 1604 1604 1605 1605 1603 1603 1198 1198 1606 1606 1184 1184 1604 1604 1197 1197 1605 1605 1198 1198 1186 1186 1184 1184 1606 1606 1607 1607 1605 1605 1197 1197 1584 1584 1186 1186 1606 1606 1196 1196 1607 1607 1197 1197 1188 1188 1186 1186 1584 1584 1585 1585 1607 1607 1196 1196 1608 1608 1609 1609 1610 1610 1611 1611 1612 1612 1609 1609 1613 1613 1608 1608 1614 1614 1613 1613 1614 1614 1615 1615 1616 1616 1617 1617 1611 1611 1618 1618 1613 1613 1619 1619 1618 1618 1609 1609 1608 1608 1618 1618 1611 1611 1609 1609 1618 1618 1616 1616 1611 1611 1618 1618 1608 1608 1613 1613 1620 1620 1621 1621 1616 1616 1620 1620 1616 1616 1618 1618 1622 1622 1618 1618 1623 1623 1622 1622 1620 1620 1618 1618 1624 1624 1625 1625 1620 1620 1626 1626 1622 1622 1627 1627 1626 1626 1620 1620 1622 1622 1628 1628 1629 1629 1624 1624 1628 1628 1624 1624 1620 1620 1628 1628 1620 1620 1626 1626 1630 1630 1628 1628 1626 1626 1631 1631 1632 1632 1628 1628 1631 1631 1628 1628 1630 1630 1633 1633 1634 1634 1635 1635 1636 1636 1637 1637 1638 1638 1639 1639 1637 1637 1636 1636 1640 1640 1634 1634 1633 1633 1641 1641 1642 1642 1643 1643 1644 1644 1640 1640 1633 1633 1641 1641 1645 1645 1642 1642 1646 1646 1647 1647 1642 1642 1646 1646 1642 1642 1645 1645 1648 1648 1639 1639 1636 1636 1649 1649 1639 1639 1648 1648 1650 1650 1643 1643 1651 1651 1652 1652 1640 1640 1644 1644 1650 1650 1641 1641 1643 1643 1653 1653 1654 1654 1647 1647 1655 1655 1649 1649 1648 1648 1653 1653 1647 1647 1646 1646 1656 1656 1652 1652 1644 1644 1657 1657 1650 1650 1651 1651 1658 1658 1649 1649 1655 1655 1659 1659 1652 1652 1656 1656 1660 1660 1650 1650 1657 1657 1661 1661 1662 1662 1654 1654 1663 1663 1659 1659 1656 1656 1661 1661 1654 1654 1653 1653 1664 1664 1655 1655 1665 1665 1664 1664 1665 1665 1659 1659 1664 1664 1659 1659 1663 1663 1664 1664 1658 1658 1655 1655 1666 1666 1657 1657 1667 1667 1666 1666 1660 1660 1657 1657 1668 1668 1662 1662 1661 1661 1669 1669 1668 1668 1661 1661 1670 1670 1666 1666 1667 1667 1671 1671 1666 1666 1670 1670 1672 1672 1668 1668 1669 1669 1673 1673 1672 1672 1669 1669 1674 1674 1671 1671 1670 1670 1675 1675 1671 1671 1674 1674 1676 1676 1672 1672 1673 1673 1677 1677 1676 1676 1673 1673 1678 1678 1679 1679 1675 1675 1678 1678 1675 1675 1674 1674 1680 1680 1676 1676 1677 1677 1681 1681 1676 1676 1680 1680 1635 1635 1679 1679 1678 1678 1682 1682 1635 1635 1678 1678 1638 1638 1681 1681 1680 1680 1637 1637 1681 1681 1638 1638 1633 1633 1635 1635 1682 1682 1170 1170 1167 1167 1683 1683 1153 1153 1684 1684 1150 1150 1685 1685 1684 1684 1153 1153 1686 1686 1114 1114 1116 1116 1687 1687 1119 1119 1114 1114 1688 1688 1170 1170 1683 1683 1687 1687 1114 1114 1686 1686 1173 1173 1170 1170 1688 1688 1689 1689 1686 1686 1116 1116 1690 1690 1126 1126 1119 1119 1690 1690 1119 1119 1687 1687 1157 1157 1685 1685 1153 1153 1157 1157 1691 1691 1685 1685 1124 1124 1689 1689 1116 1116 1692 1692 1173 1173 1688 1688 1162 1162 1173 1173 1692 1692 1693 1693 1689 1689 1124 1124 1694 1694 1126 1126 1690 1690 1132 1132 1126 1126 1694 1694 1695 1695 1162 1162 1692 1692 1129 1129 1693 1693 1124 1124 1158 1158 1696 1696 1691 1691 1158 1158 1691 1691 1157 1157 1697 1697 1693 1693 1129 1129 1160 1160 1698 1698 1696 1696 1160 1160 1695 1695 1698 1698 1160 1160 1696 1696 1158 1158 1699 1699 1132 1132 1694 1694 1160 1160 1161 1161 1695 1695 1695 1695 1161 1161 1162 1162 1137 1137 1132 1132 1699 1699 1134 1134 1697 1697 1129 1129 1700 1700 1697 1697 1134 1134 1701 1701 1137 1137 1699 1699 1141 1141 1137 1137 1701 1701 1140 1140 1700 1700 1134 1134 1702 1702 1700 1700 1140 1140 1703 1703 1141 1141 1701 1701 1146 1146 1141 1141 1703 1703 1144 1144 1702 1702 1140 1140 1704 1704 1702 1702 1144 1144 1705 1705 1146 1146 1703 1703 1149 1149 1146 1146 1705 1705 1147 1147 1704 1704 1144 1144 1706 1706 1704 1704 1147 1147 1707 1707 1149 1149 1705 1705 1167 1167 1149 1149 1707 1707 1150 1150 1706 1706 1147 1147 1684 1684 1706 1706 1150 1150 1683 1683 1167 1167 1707 1707</p>
        </triangles>
      </mesh>
    </geometry>
  </library_geometries>
  <library_materials>
    <material id="6a24286712314a0891b9c5add1d475f5" name="pbrmaterial">
      <instance_effect url="#ff101655055346f2b471edff5e71409d"/>
    </material>
  </library_materials>
  <library_visual_scenes>
    <visual_scene id="scene">
      <node id="node0" name="node0">
        <instance_geometry url="#8f234724878c42ab8a061e8ad43d7d11">
          <bind_material>
            <technique_common>
              <instance_material symbol="material0" target="#6a24286712314a0891b9c5add1d475f5"/>
            </technique_common>
          </bind_material>
        </instance_geometry>
      </node>
    </visual_scene>
  </library_visual_scenes>
  <scene>
    <instance_visual_scene url="#scene"/>
  </scene>
</COLLADA>
