<COLLADA xmlns="http://www.collada.org/2005/11/COLLADASchema" version="1.4.1">
  <asset>
    <created>2026-09-03T15:32:12.730015</created>
    <modified>2026-09-03T15:32:12.730017</modified>
    <up_axis>Y_UP</up_axis>
  </asset>
  <library_effects>
    <effect id="3d71c5a480c84a48b25621f175839f79" name="3d71c5a480c84a48b25621f175839f79">
      <profile_COMMON>
        <technique sid="common">
          <phong>
            <emission>
              <color>0.0 0.0 0.0 1.0</color>
            </emission>
            <ambient>
              <color>0.0 0.0 0.0 1.0</color>
            </ambient>
            <diffuse>
              <color>0.0 0.0 0.0 1.0</color>
            </diffuse>
            <specular>
              <color>0.0 0.0 0.0 1.0</color>
            </specular>
            <shininess>
              <float>0.0</float>
            </shininess>
            <reflective>
              <color>0.0 0.0 0.0 1.0</color>
            </reflective>
            <reflectivity>
              <float>0.0</float>
            </reflectivity>
            <transparent>
              <color>0.0 0.0 0.0 1.0</color>
            </transparent>
            <transparency>
              <float>1.0</float>
            </transparency>
          </phong>
        </technique>
        <extra>
          <technique profile="GOOGLEEARTH">
            <double_sided>0</double_sided>
          </technique>
        </extra>
      </profile_COMMON>
    </effect>
  </library_effects>
  <library_geometries>
    <geometry id="2808dfe47a7646f98cffe828e49d5b9b" name="f05119388a454ec993b516ce091134fb">
      <mesh>
        <source id="verts-array">
          <float_array count="6654" id="verts-array-array">0.0045 0.0266297 0.00511588 0.0115 0.0266297 0.00511588 0.0115 0.0261146 0.00471048 0.0045 0.0261146 0.00471048 0.0115 0.0261146 0.00471048 0.0115 0.0255118 0.00445291 0.0045 0.0261146 0.00471048 0.0045 0.0255118 0.00445291 0.0115 0.0255118 0.00445291 0.0115 0.0248628 0.00436087 0.0045 0.0255118 0.00445291 0.0045 0.0248628 0.00436087 0.0115 0.0248628 0.00436087 0.0115 0.0242122 0.0044407 0.0045 0.0248628 0.00436087 0.0045 0.0242122 0.0044407 0.0115 0.0242122 0.0044407 0.0115 0.0236047 0.00468691 0.0045 0.0242122 0.0044407 0.0045 0.0236047 0.00468691 0.0115 0.0236047 0.00468691 0.0115 0.0230821 0.00508257 0.0045 0.0236047 0.00468691 0.0045 0.0230821 0.00508257 0.0115 0.0230821 0.00508257 0.0115 0.0226802 0.00560048 0.0045 0.0230821 0.00508257 0.0045 0.0226802 0.00560048 0.0115 0.0226802 0.00560048 0.0115 0.0224269 0.00620503 0.0045 0.0226802 0.00560048 0.0045 0.0224269 0.00620503 0.0115 0.0224269 0.00620503 0.0115 0.0223393 0.00685466 0.0045 0.0224269 0.00620503 0.0045 0.0223393 0.00685466 0.0115 0.0223393 0.00685466 0.0115 0.0224237 0.00750471 0.0045 0.0223393 0.00685466 0.0045 0.0224237 0.00750471 0.0115 0.0224237 0.00750471 0.0115 0.0226741 0.00811049 0.0045 0.0224237 0.00750471 0.0045 0.0226741 0.00811049 0.0115 0.0226741 0.00811049 0.0115 0.0230734 0.00863035 0.0045 0.0226741 0.00811049 0.0045 0.0230734 0.00863035 0.0115 0.0230734 0.00863035 0.0115 0.0235941 0.00902856 0.0045 0.0230734 0.00863035 0.0045 0.0235941 0.00902856 0.0115 0.0235941 0.00902856 0.0115 0.0242004 0.00927773 0.0045 0.0235941 0.00902856 0.0045 0.0242004 0.00927773 0.0045 0.0248506 0.00936074 0.0045 0.0242004 0.00927773 0.0115 0.0242004 0.00927773 0.0115 0.0248506 0.00936074 0.0045 0.0255 0.00927188 0.0045 0.0248506 0.00936074 0.0115 0.0248506 0.00936074 0.0115 0.0255 0.00927188 0.0045 0.0261041 0.00901725 0.0045 0.0255 0.00927188 0.0115 0.0255 0.00927188 0.0115 0.0261041 0.00901725 0.0045 0.0266211 0.00861438 0.0045 0.0261041 0.00901725 0.0115 0.0261041 0.00901725 0.0115 0.0266211 0.00861438 0.0045 0.0270157 0.00809094 0.0045 0.0266211 0.00861438 0.0115 0.0266211 0.00861438 0.0115 0.0270157 0.00809094 0.0115 0.0270157 0.00809094 0.012 0.0264613 0.00803087 0.012 0.0267014 0.00759074 0.0115 0.0270157 0.00809094 0.0115 0.0266211 0.00861438 0.012 0.0264613 0.00803087 0.0117922 0.026943 0.0075307 0.0115 0.0270157 0.00809094 0.012 0.0267014 0.00759074 0.0117922 0.0267024 0.00567612 0.012 0.0266964 0.00611825 0.012 0.0264534 0.00567974 0.012 0.0268244 0.00710474 0.0117922 0.026943 0.0075307 0.012 0.0267014 0.00759074 0.01195 0.0268806 0.00704967 0.0117922 0.026943 0.0075307 0.012 0.0268244 0.00710474 0.0115 0.0266297 0.00511588 0.012 0.0264534 0.00567974 0.012 0.026109 0.00531545 0.0115 0.0266297 0.00511588 0.0117922 0.0267024 0.00567612 0.012 0.0264534 0.00567974 0.012 0.0268227 0.00660341 0.01195 0.0268806 0.00704967 0.012 0.0268244 0.00710474 0.01195 0.0267648 0.00615715 0.012 0.0268227 0.00660341 0.012 0.0266964 0.00611825 0.01195 0.0267648 0.00615715 0.012 0.0266964 0.00611825 0.0117922 0.0267024 0.00567612 0.0115 0.0261146 0.00471048 0.012 0.026109 0.00531545 0.012 0.0256848 0.00504825 0.0115 0.0261146 0.00471048 0.0115 0.0266297 0.00511588 0.012 0.026109 0.00531545 0.0115 0.0255118 0.00445291 0.012 0.0256848 0.00504825 0.012 0.0252075 0.00489494 0.0115 0.0255118 0.00445291 0.0115 0.0261146 0.00471048 0.012 0.0256848 0.00504825 0.0115 0.0248628 0.00436087 0.012 0.0252075 0.00489494 0.012 0.024707 0.00486515 0.0115 0.0248628 0.00436087 0.0115 0.0255118 0.00445291 0.012 0.0252075 0.00489494 0.0115 0.0242122 0.0044407 0.012 0.024707 0.00486515 0.012 0.0242149 0.00496074 0.0115 0.0242122 0.0044407 0.0115 0.0248628 0.00436087 0.012 0.024707 0.00486515 0.0115 0.0236047 0.00468691 0.012 0.0242149 0.00496074 0.012 0.023762 0.00517573 0.0115 0.0236047 0.00468691 0.0115 0.0242122 0.0044407 0.012 0.0242149 0.00496074 0.0115 0.0230821 0.00508257 0.012 0.023762 0.00517573 0.012 0.0233768 0.00549659 0.0115 0.0230821 0.00508257 0.0115 0.0236047 0.00468691 0.012 0.023762 0.00517573 0.0115 0.0226802 0.00560048 0.012 0.0233768 0.00549659 0.012 0.0230835 0.00590317 0.0115 0.0226802 0.00560048 0.0115 0.0230821 0.00508257 0.012 0.0233768 0.00549659 0.0115 0.0224269 0.00620503 0.012 0.0230835 0.00590317 0.012 0.0229005 0.00636992 0.0115 0.0224269 0.00620503 0.0115 0.0226802 0.00560048 0.012 0.0230835 0.00590317 0.0115 0.0223393 0.00685466 0.012 0.0228393 0.00686751 0.012 0.0229039 0.00736467 0.0115 0.0223393 0.00685466 0.012 0.0229005 0.00636992 0.012 0.0228393 0.00686751 0.0115 0.0223393 0.00685466 0.0115 0.0224269 0.00620503 0.012 0.0229005 0.00636992 0.0115 0.0224237 0.00750471 0.0115 0.0224237 0.00750471 0.012 0.0229039 0.00736467 0.012 0.02309 0.00783017 0.0115 0.0226741 0.00811049 0.0115 0.0224237 0.00750471 0.012 0.02309 0.00783017 0.0115 0.0226741 0.00811049 0.012 0.02309 0.00783017 0.012 0.023386 0.00823477 0.0115 0.0230734 0.00863035 0.012 0.023386 0.00823477 0.012 0.0237734 0.00855302 0.0115 0.0230734 0.00863035 0.0115 0.0226741 0.00811049 0.012 0.023386 0.00823477 0.0115 0.0235941 0.00902856 0.012 0.0237734 0.00855302 0.012 0.0242277 0.00876495 0.0115 0.0235941 0.00902856 0.0115 0.0230734 0.00863035 0.012 0.0237734 0.00855302 0.0115 0.0242004 0.00927773 0.012 0.0242277 0.00876495 0.012 0.0247205 0.00885723 0.0115 0.0242004 0.00927773 0.0115 0.0235941 0.00902856 0.012 0.0242277 0.00876495 0.0115 0.0248506 0.00936074 0.012 0.0247205 0.00885723 0.012 0.0252207 0.00882406 0.0115 0.0248506 0.00936074 0.0115 0.0242004 0.00927773 0.012 0.0247205 0.00885723 0.0115 0.0255 0.00927188 0.012 0.0252207 0.00882406 0.012 0.025697 0.00866754 0.0115 0.0255 0.00927188 0.0115 0.0248506 0.00936074 0.012 0.0252207 0.00882406 0.0115 0.0261041 0.00901725 0.012 0.025697 0.00866754 0.012 0.0261194 0.00839748 0.0115 0.0261041 0.00901725 0.0115 0.0255 0.00927188 0.012 0.025697 0.00866754 0.0115 0.0266211 0.00861438 0.012 0.0261194 0.00839748 0.012 0.0264613 0.00803087 0.0115 0.0266211 0.00861438 0.0115 0.0261041 0.00901725 0.012 0.0261194 0.00839748 0.0045 0.0340722 0.0001937 0.005 0.0335579 0.000465001 0.005 0.0340722 0.0001937 0.0045 0.0335579 0.000465001 0.0045 0.0345515 -0.000135469 0.005 0.0340722 0.0001937 0.005 0.0345515 -0.000135469 0.0045 0.0340722 0.0001937 0.0045 0.0349893 -0.000518057 0.005 0.0345515 -0.000135469 0.005 0.0349893 -0.000518057 0.0045 0.0345515 -0.000135469 0.0045 0.0353798 -0.000948888 0.005 0.0349893 -0.000518057 0.005 0.0353798 -0.000948888 0.0045 0.0353798 -0.000948888 0.005 0.0353798 -0.000948888 0.005 0.0357176 -0.00142214 0.0045 0.0349893 -0.000518057 0.0045 0.0357176 -0.00142214 0.005 0.0357176 -0.00142214 0.005 0.0359982 -0.0019314 0.0045 0.0357176 -0.00142214 0.0045 0.0359982 -0.0019314 0.005 0.0359982 -0.0019314 0.005 0.0362178 -0.0024698 0.0045 0.0359982 -0.0019314 0.0045 0.0362178 -0.0024698 0.0045 0.0363734 -0.00303005 0.005 0.0362178 -0.0024698 0.005 0.0363734 -0.00303005 0.0045 0.0362178 -0.0024698 0.0045 0.0364629 -0.00360457 0.005 0.0363734 -0.00303005 0.005 0.0364629 -0.00360457 0.0045 0.0364629 -0.00360457 0.005 0.0364629 -0.00360457 0.005 0.036485 -0.00418559 0.0045 0.0363734 -0.00303005 0.0045 0.036485 -0.00418559 0.0045 0.0364396 -0.00476527 0.005 0.036485 -0.00418559 0.005 0.0364396 -0.00476527 0.0045 0.0364396 -0.00476527 0.005 0.0364396 -0.00476527 0.005 0.0363272 -0.00533574 0.0045 0.036485 -0.00418559 0.0045 0.0363272 -0.00533574 0.0045 0.0361493 -0.00588932 0.005 0.0363272 -0.00533574 0.005 0.0361493 -0.00588932 0.0045 0.0363272 -0.00533574 0.0045 0.0359084 -0.0064185 0.005 0.0361493 -0.00588932 0.005 0.0359084 -0.0064185 0.0045 0.0361493 -0.00588932 0.0045 0.0356077 -0.00691613 0.005 0.0359084 -0.0064185 0.005 0.0356077 -0.00691613 0.0045 0.0356077 -0.00691613 0.005 0.0356077 -0.00691613 0.005 0.0352512 -0.00737548 0.0045 0.0359084 -0.0064185 0.0045 0.0352512 -0.00737548 0.005 0.0352512 -0.00737548 0.005 0.0348438 -0.00779034 0.0045 0.0352512 -0.00737548 0.0045 0.0348438 -0.00779034 0.005 0.0348438 -0.00779034 0.005 0.034391 -0.0081551 0.0045 0.0348438 -0.00779034 0.0045 0.034391 -0.0081551 0.0045 0.0338989 -0.00846482 0.005 0.034391 -0.0081551 0.005 0.0338989 -0.00846482 0.0045 0.034391 -0.0081551 0.0045 0.0333742 -0.00871532 0.005 0.0338989 -0.00846482 0.005 0.0333742 -0.00871532 0.0045 0.0333742 -0.00871532 0.005 0.0333742 -0.00871532 0.005 0.0328239 -0.00890321 0.0045 0.0338989 -0.00846482 0.0045 0.0328239 -0.00890321 0.0045 0.0322556 -0.00902595 0.005 0.0328239 -0.00890321 0.005 0.0322556 -0.00902595 0.0045 0.0322556 -0.00902595 0.005 0.0322556 -0.00902595 0.005 0.0316768 -0.00908188 0.0045 0.0328239 -0.00890321 0.0045 0.0316768 -0.00908188 0.0045 0.0316768 -0.00908188 0.005 0.0316768 -0.00908188 0.005 0.0310955 -0.00907025 0.0045 0.0310955 -0.00907025 0.0045 0.0305194 -0.0089912 0.0045 0.0310955 -0.00907025 0.005 0.0310955 -0.00907025 0.005 0.0305194 -0.0089912 0.0045 0.0305194 -0.0089912 0.005 0.0305194 -0.0089912 0.005 0.0299564 -0.00884581 0.0045 0.0299564 -0.00884581 0.0045 0.0294142 -0.00863605 0.0045 0.0299564 -0.00884581 0.005 0.0299564 -0.00884581 0.005 0.0294142 -0.00863605 0.0045 0.0294142 -0.00863605 0.005 0.0294142 -0.00863605 0.005 0.0288999 -0.00836475 0.0045 0.0288999 -0.00836475 0.0045 0.0288999 -0.00836475 0.005 0.0288999 -0.00836475 0.005 0.0284206 -0.00803558 0.0045 0.0284206 -0.00803558 0.0045 0.0279827 -0.00765299 0.005 0.0284206 -0.00803558 0.005 0.0279827 -0.00765299 0.0045 0.0279827 -0.00765299 0.005 0.0279827 -0.00765299 0.005 0.0275923 -0.00722216 0.0045 0.0284206 -0.00803558 0.0045 0.0275923 -0.00722216 0.005 0.0275923 -0.00722216 0.005 0.0272544 -0.00674891 0.0045 0.0275923 -0.00722216 0.0045 0.0272544 -0.00674891 0.0045 0.0269739 -0.00623965 0.005 0.0272544 -0.00674891 0.005 0.0269739 -0.00623965 0.0045 0.0269739 -0.00623965 0.005 0.0269739 -0.00623965 0.005 0.0267543 -0.00570125 0.0045 0.0272544 -0.00674891 0.0045 0.0267543 -0.00570125 0.005 0.0267543 -0.00570125 0.005 0.0265987 -0.005141 0.0045 0.0267543 -0.00570125 0.0045 0.0265987 -0.005141 0.0045 0.0265092 -0.00456648 0.005 0.0265987 -0.005141 0.005 0.0265092 -0.00456648 0.0045 0.0265987 -0.005141 0.0045 0.026487 -0.00398546 0.005 0.0265092 -0.00456648 0.005 0.026487 -0.00398546 0.0045 0.026487 -0.00398546 0.005 0.026487 -0.00398546 0.005 0.0265325 -0.00340578 0.0045 0.0265092 -0.00456648 0.0045 0.0265325 -0.00340578 0.005 0.0265325 -0.00340578 0.005 0.0266449 -0.0028353 0.0045 0.0265325 -0.00340578 0.0045 0.0266449 -0.0028353 0.0045 0.0268228 -0.00228173 0.005 0.0266449 -0.0028353 0.005 0.0268228 -0.00228173 0.0045 0.0268228 -0.00228173 0.005 0.0268228 -0.00228173 0.005 0.0270637 -0.00175255 0.0045 0.0266449 -0.0028353 0.0045 0.0270637 -0.00175255 0.005 0.0270637 -0.00175255 0.005 0.0273644 -0.00125492 0.0045 0.0270637 -0.00175255 0.0045 0.0273644 -0.00125492 0.005 0.0273644 -0.00125492 0.005 0.0277209 -0.000795573 0.0045 0.0273644 -0.00125492 0.0045 0.0277209 -0.000795573 0.0045 0.0281283 -0.000380713 0.005 0.0277209 -0.000795573 0.005 0.0281283 -0.000380713 0.0045 0.0281283 -0.000380713 0.005 0.0281283 -0.000380713 0.005 0.0285811 -1.59545e-05 0.0045 0.0277209 -0.000795573 0.0045 0.0285811 -1.59545e-05 0.005 0.0285811 -1.59545e-05 0.005 0.0290732 0.00029377 0.0045 0.0285811 -1.59545e-05 0.0045 0.0290732 0.00029377 0.005 0.0290732 0.00029377 0.005 0.0295979 0.000544272 0.0045 0.0290732 0.00029377 0.0045 0.0295979 0.000544272 0.0045 0.0295979 0.000544272 0.005 0.0295979 0.000544272 0.005 0.0301482 0.000732164 0.0045 0.0301482 0.000732164 0.0045 0.0307165 0.000854905 0.0045 0.0301482 0.000732164 0.005 0.0301482 0.000732164 0.005 0.0307165 0.000854905 0.0045 0.0307165 0.000854905 0.005 0.0307165 0.000854905 0.005 0.0312953 0.000910835 0.0045 0.0312953 0.000910835 0.0045 0.0312953 0.000910835 0.005 0.0312953 0.000910835 0.005 0.0318766 0.000899198 0.0045 0.0318766 0.000899198 0.0045 0.0318766 0.000899198 0.005 0.0318766 0.000899198 0.005 0.0324527 0.000820151 0.0045 0.0324527 0.000820151 0.0045 0.0330156 0.000674763 0.0045 0.0324527 0.000820151 0.005 0.0324527 0.000820151 0.005 0.0330156 0.000674763 0.0045 0.0330156 0.000674763 0.005 0.0330156 0.000674763 0.005 0.0335579 0.000465001 0.0045 0.0335579 0.000465001 -0.0045 0.0335579 0.000465001 -0.005 0.0335579 0.000465001 -0.005 0.0330156 0.000674763 -0.0045 0.0330156 0.000674763 -0.005 0.0330156 0.000674763 -0.005 0.0324527 0.000820151 -0.0045 0.0330156 0.000674763 -0.0045 0.0324527 0.000820151 -0.005 0.0324527 0.000820151 -0.005 0.0318766 0.000899198 -0.0045 0.0324527 0.000820151 -0.0045 0.0318766 0.000899198 -0.005 0.0318766 0.000899198 -0.005 0.0312953 0.000910835 -0.0045 0.0318766 0.000899198 -0.0045 0.0312953 0.000910835 -0.005 0.0312953 0.000910835 -0.005 0.0307165 0.000854905 -0.0045 0.0312953 0.000910835 -0.0045 0.0307165 0.000854905 -0.005 0.0307165 0.000854905 -0.005 0.0301482 0.000732164 -0.0045 0.0307165 0.000854905 -0.0045 0.0301482 0.000732164 -0.005 0.0301482 0.000732164 -0.005 0.0295979 0.000544272 -0.0045 0.0301482 0.000732164 -0.0045 0.0295979 0.000544272 -0.005 0.0295979 0.000544272 -0.005 0.0290732 0.00029377 -0.0045 0.0295979 0.000544272 -0.0045 0.0290732 0.00029377 -0.005 0.0290732 0.00029377 -0.005 0.0285811 -1.59545e-05 -0.0045 0.0290732 0.00029377 -0.0045 0.0285811 -1.59545e-05 -0.005 0.0285811 -1.59545e-05 -0.005 0.0281283 -0.000380713 -0.0045 0.0285811 -1.59545e-05 -0.0045 0.0281283 -0.000380713 -0.005 0.0281283 -0.000380713 -0.005 0.0277209 -0.000795573 -0.0045 0.0281283 -0.000380713 -0.0045 0.0277209 -0.000795573 -0.005 0.0277209 -0.000795573 -0.005 0.0273644 -0.00125492 -0.0045 0.0277209 -0.000795573 -0.0045 0.0273644 -0.00125492 -0.005 0.0273644 -0.00125492 -0.005 0.0270637 -0.00175255 -0.0045 0.0273644 -0.00125492 -0.0045 0.0270637 -0.00175255 -0.005 0.0270637 -0.00175255 -0.005 0.0268228 -0.00228173 -0.0045 0.0270637 -0.00175255 -0.0045 0.0268228 -0.00228173 -0.005 0.0268228 -0.00228173 -0.005 0.0266449 -0.0028353 -0.0045 0.0268228 -0.00228173 -0.0045 0.0266449 -0.0028353 -0.005 0.0266449 -0.0028353 -0.005 0.0265325 -0.00340578 -0.0045 0.0266449 -0.0028353 -0.0045 0.0265325 -0.00340578 -0.005 0.0265325 -0.00340578 -0.005 0.026487 -0.00398546 -0.0045 0.0265325 -0.00340578 -0.0045 0.026487 -0.00398546 -0.005 0.026487 -0.00398546 -0.005 0.0265092 -0.00456648 -0.0045 0.026487 -0.00398546 -0.0045 0.0265092 -0.00456648 -0.005 0.0265092 -0.00456648 -0.005 0.0265987 -0.005141 -0.0045 0.0265092 -0.00456648 -0.0045 0.0265987 -0.005141 -0.005 0.0265987 -0.005141 -0.005 0.0267543 -0.00570125 -0.0045 0.0265987 -0.005141 -0.0045 0.0267543 -0.00570125 -0.005 0.0267543 -0.00570125 -0.005 0.0269739 -0.00623965 -0.0045 0.0267543 -0.00570125 -0.0045 0.0269739 -0.00623965 -0.005 0.0269739 -0.00623965 -0.005 0.0272544 -0.00674891 -0.0045 0.0269739 -0.00623965 -0.0045 0.0272544 -0.00674891 -0.0045 0.0272544 -0.00674891 -0.005 0.0272544 -0.00674891 -0.005 0.0275923 -0.00722216 -0.0045 0.0275923 -0.00722216 -0.0045 0.0275923 -0.00722216 -0.005 0.0275923 -0.00722216 -0.005 0.0279827 -0.00765299 -0.0045 0.0279827 -0.00765299 -0.0045 0.0279827 -0.00765299 -0.005 0.0279827 -0.00765299 -0.005 0.0284206 -0.00803558 -0.0045 0.0284206 -0.00803558 -0.0045 0.0284206 -0.00803558 -0.005 0.0284206 -0.00803558 -0.005 0.0288999 -0.00836475 -0.0045 0.0288999 -0.00836475 -0.0045 0.0288999 -0.00836475 -0.005 0.0288999 -0.00836475 -0.005 0.0294142 -0.00863605 -0.0045 0.0294142 -0.00863605 -0.0045 0.0294142 -0.00863605 -0.005 0.0294142 -0.00863605 -0.005 0.0299564 -0.00884581 -0.0045 0.0299564 -0.00884581 -0.0045 0.0299564 -0.00884581 -0.005 0.0299564 -0.00884581 -0.005 0.0305194 -0.0089912 -0.0045 0.0305194 -0.0089912 -0.005 0.0305194 -0.0089912 -0.005 0.0310955 -0.00907025 -0.0045 0.0305194 -0.0089912 -0.0045 0.0310955 -0.00907025 -0.005 0.0310955 -0.00907025 -0.005 0.0316768 -0.00908188 -0.0045 0.0310955 -0.00907025 -0.0045 0.0316768 -0.00908188 -0.005 0.0316768 -0.00908188 -0.005 0.0322556 -0.00902595 -0.0045 0.0316768 -0.00908188 -0.0045 0.0322556 -0.00902595 -0.005 0.0322556 -0.00902595 -0.005 0.0328239 -0.00890321 -0.0045 0.0322556 -0.00902595 -0.0045 0.0328239 -0.00890321 -0.005 0.0328239 -0.00890321 -0.005 0.0333742 -0.00871532 -0.0045 0.0328239 -0.00890321 -0.0045 0.0333742 -0.00871532 -0.005 0.0333742 -0.00871532 -0.005 0.0338989 -0.00846482 -0.0045 0.0333742 -0.00871532 -0.0045 0.0338989 -0.00846482 -0.005 0.0338989 -0.00846482 -0.005 0.034391 -0.0081551 -0.0045 0.0338989 -0.00846482 -0.0045 0.034391 -0.0081551 -0.005 0.034391 -0.0081551 -0.005 0.0348438 -0.00779034 -0.0045 0.034391 -0.0081551 -0.0045 0.0348438 -0.00779034 -0.005 0.0348438 -0.00779034 -0.005 0.0352512 -0.00737548 -0.0045 0.0348438 -0.00779034 -0.0045 0.0352512 -0.00737548 -0.005 0.0352512 -0.00737548 -0.005 0.0356077 -0.00691613 -0.0045 0.0352512 -0.00737548 -0.0045 0.0356077 -0.00691613 -0.005 0.0356077 -0.00691613 -0.005 0.0359084 -0.0064185 -0.0045 0.0356077 -0.00691613 -0.0045 0.0359084 -0.0064185 -0.005 0.0359084 -0.0064185 -0.005 0.0361493 -0.00588932 -0.0045 0.0359084 -0.0064185 -0.0045 0.0361493 -0.00588932 -0.005 0.0361493 -0.00588932 -0.005 0.0363272 -0.00533574 -0.0045 0.0361493 -0.00588932 -0.0045 0.0363272 -0.00533574 -0.005 0.0363272 -0.00533574 -0.005 0.0364396 -0.00476527 -0.0045 0.0363272 -0.00533574 -0.0045 0.0364396 -0.00476527 -0.005 0.0364396 -0.00476527 -0.005 0.036485 -0.00418559 -0.0045 0.0364396 -0.00476527 -0.0045 0.036485 -0.00418559 -0.005 0.036485 -0.00418559 -0.005 0.0364629 -0.00360457 -0.0045 0.036485 -0.00418559 -0.0045 0.0364629 -0.00360457 -0.005 0.0364629 -0.00360457 -0.005 0.0363734 -0.00303005 -0.0045 0.0364629 -0.00360457 -0.0045 0.0363734 -0.00303005 -0.005 0.0363734 -0.00303005 -0.005 0.0362178 -0.0024698 -0.0045 0.0363734 -0.00303005 -0.0045 0.0362178 -0.0024698 -0.0045 0.0362178 -0.0024698 -0.005 0.0362178 -0.0024698 -0.005 0.0359982 -0.0019314 -0.0045 0.0359982 -0.0019314 -0.0045 0.0359982 -0.0019314 -0.005 0.0359982 -0.0019314 -0.005 0.0357176 -0.00142214 -0.0045 0.0357176 -0.00142214 -0.0045 0.0357176 -0.00142214 -0.005 0.0357176 -0.00142214 -0.005 0.0353798 -0.000948888 -0.0045 0.0353798 -0.000948888 -0.0045 0.0353798 -0.000948888 -0.005 0.0353798 -0.000948888 -0.005 0.0349893 -0.000518057 -0.0045 0.0349893 -0.000518057 -0.0045 0.0349893 -0.000518057 -0.005 0.0349893 -0.000518057 -0.005 0.0345515 -0.000135469 -0.0045 0.0345515 -0.000135469 -0.0045 0.0345515 -0.000135469 -0.005 0.0345515 -0.000135469 -0.005 0.0340722 0.0001937 -0.0045 0.0340722 0.0001937 -0.0045 0.0340722 0.0001937 -0.005 0.0340722 0.0001937 -0.005 0.0335579 0.000465001 -0.0045 0.0335579 0.000465001 -0.0055 -0.00746308 0.000743246 0.0055 -0.00749982 5.14696e-05 0.0055 -0.00746308 0.000743246 -0.0055 -0.00749982 5.14696e-05 -0.0055 -0.00736267 0.00142868 0.0055 -0.00746308 0.000743246 0.0055 -0.00736267 0.00142868 -0.0055 -0.00746308 0.000743246 -0.0055 -0.00719944 0.00210193 0.0055 -0.00736267 0.00142868 0.0055 -0.00719944 0.00210193 -0.0055 -0.00736267 0.00142868 -0.0055 -0.00697478 0.00275724 0.0055 -0.00719944 0.00210193 0.0055 -0.00697478 0.00275724 -0.0055 -0.00719944 0.00210193 -0.0055 -0.00669063 0.00338903 0.0055 -0.00697478 0.00275724 0.0055 -0.00669063 0.00338903 -0.0055 -0.00697478 0.00275724 -0.0055 -0.00634938 0.00399191 0.0055 -0.00669063 0.00338903 0.0055 -0.00634938 0.00399191 -0.0055 -0.00669063 0.00338903 -0.0055 -0.00595397 0.00456073 0.0055 -0.00634938 0.00399191 0.0055 -0.00595397 0.00456073 -0.0055 -0.00634938 0.00399191 -0.0055 -0.00550776 0.00509063 -0.0055 -0.00595397 0.00456073 0.0055 -0.00595397 0.00456073 0.0055 -0.00550776 0.00509063 -0.0055 -0.00501456 0.00557711 0.0055 -0.00550776 0.00509063 0.0055 -0.00501456 0.00557711 -0.0055 -0.00550776 0.00509063 -0.0055 -0.00447858 0.00601601 0.0055 -0.00501456 0.00557711 0.0055 -0.00447858 0.00601601 -0.0055 -0.00501456 0.00557711 -0.0055 -0.00390439 0.00640357 -0.0055 -0.00447858 0.00601601 0.0055 -0.00447858 0.00601601 0.0055 -0.00390439 0.00640357 -0.0055 -0.00329689 0.00673651 0.0055 -0.00390439 0.00640357 0.0055 -0.00329689 0.00673651 -0.0055 -0.00390439 0.00640357 -0.0055 -0.00266125 0.00701197 0.0055 -0.00329689 0.00673651 0.0055 -0.00266125 0.00701197 -0.0055 -0.00329689 0.00673651 -0.0055 -0.00200292 0.00722761 0.0055 -0.00266125 0.00701197 0.0055 -0.00200292 0.00722761 -0.0055 -0.00266125 0.00701197 -0.0055 -0.0013275 0.00738158 0.0055 -0.00200292 0.00722761 0.0055 -0.0013275 0.00738158 -0.0055 -0.00200292 0.00722761 -0.0055 -0.000640746 0.00747258 0.0055 -0.0013275 0.00738158 0.0055 -0.000640746 0.00747258 -0.0055 -0.0013275 0.00738158 -0.0055 5.14696e-05 0.00749982 0.0055 -0.000640746 0.00747258 0.0055 5.14696e-05 0.00749982 -0.0055 -0.000640746 0.00747258 -0.0055 0.000743246 0.00746308 0.0055 5.14696e-05 0.00749982 0.0055 0.000743246 0.00746308 -0.0055 5.14696e-05 0.00749982 -0.0055 0.00142868 0.00736267 0.0055 0.000743246 0.00746308 0.0055 0.00142868 0.00736267 -0.0055 0.000743246 0.00746308 -0.0055 0.00210193 0.00719944 0.0055 0.00142868 0.00736267 0.0055 0.00210193 0.00719944 -0.0055 0.00142868 0.00736267 -0.0055 0.00275724 0.00697478 0.0055 0.00210193 0.00719944 0.0055 0.00275724 0.00697478 -0.0055 0.00210193 0.00719944 -0.0055 0.00338903 0.00669063 0.0055 0.00275724 0.00697478 0.0055 0.00338903 0.00669063 -0.0055 0.00275724 0.00697478 -0.0055 0.00399191 0.00634938 0.0055 0.00338903 0.00669063 0.0055 0.00399191 0.00634938 -0.0055 0.00338903 0.00669063 -0.0055 0.00456073 0.00595397 0.0055 0.00399191 0.00634938 0.0055 0.00456073 0.00595397 -0.0055 0.00399191 0.00634938 0.0055 0.00601601 0.00447858 0.0045 0.00585892 0.00468221 0.0055 0.00557711 0.00501456 -0.0055 0.00509063 0.00550776 0.0055 0.00456073 0.00595397 0.0055 0.00509063 0.00550776 -0.0055 0.00456073 0.00595397 0.0045 0.00629875 0.00407133 0.0045 0.00585892 0.00468221 0.0055 0.00601601 0.00447858 0.0055 0.00640357 0.00390439 0.0045 0.00629875 0.00407133 0.0055 0.00601601 0.00447858 -0.0055 0.00557711 0.00501456 0.0055 0.00509063 0.00550776 0.0055 0.00557711 0.00501456 -0.0055 0.00557711 0.00501456 0.0055 0.00557711 0.00501456 0.0045 0.00585892 0.00468221 -0.0055 0.00509063 0.00550776 0.0045 0.00667513 0.00341944 0.0055 0.00640357 0.00390439 0.0055 0.00673651 0.00329689 0.0045 0.00667513 0.00341944 0.0045 0.00629875 0.00407133 0.0055 0.00640357 0.00390439 -0.0045 0.00585892 0.00468221 -0.0055 0.00601601 0.00447858 -0.0055 0.00557711 0.00501456 -0.0045 0.00585892 0.00468221 0.0045 0.00698428 0.00273311 0.0055 0.00673651 0.00329689 0.0055 0.00701197 0.00266125 0.0045 0.00698428 0.00273311 0.0045 0.00667513 0.00341944 0.0055 0.00673651 0.00329689 -0.0045 0.00629875 0.00407133 -0.0055 0.00601601 0.00447858 -0.0045 0.00585892 0.00468221 -0.0055 0.00640357 0.00390439 -0.0055 0.00601601 0.00447858 -0.0045 0.00629875 0.00407133 0.0045 0.00722306 0.00201924 0.0045 0.00698428 0.00273311 0.0055 0.00701197 0.00266125 0.0045 0.00722306 0.00201924 0.0055 0.00701197 0.00266125 0.0055 0.00722761 0.00200292 -0.0045 0.00667513 0.00341944 -0.0055 0.00640357 0.00390439 -0.0045 0.00629875 0.00407133 -0.0055 0.00673651 0.00329689 -0.0055 0.00640357 0.00390439 -0.0045 0.00667513 0.00341944 0.0055 0.00738158 0.0013275 0.0045 0.00722306 0.00201924 0.0055 0.00722761 0.00200292 0.0045 0.00738909 0.00128504 0.0045 0.00722306 0.00201924 0.0055 0.00738158 0.0013275 -0.0045 0.00698428 0.00273311 -0.0055 0.00673651 0.00329689 -0.0045 0.00667513 0.00341944 -0.0055 0.00701197 0.00266125 -0.0055 0.00673651 0.00329689 -0.0045 0.00698428 0.00273311 0.0055 0.00747258 0.000640746 0.0045 0.00738909 0.00128504 0.0055 0.00738158 0.0013275 0.0045 0.00748069 0.000537889 0.0045 0.00738909 0.00128504 0.0055 0.00747258 0.000640746 -0.0045 0.00722306 0.00201924 -0.0055 0.00701197 0.00266125 -0.0045 0.00698428 0.00273311 -0.0055 0.00722761 0.00200292 -0.0055 0.00701197 0.00266125 -0.0045 0.00722306 0.00201924 0.0055 0.00749982 -5.14696e-05 0.0045 0.00748069 0.000537889 0.0055 0.00747258 0.000640746 0.0045 0.00749693 -0.000214679 0.0045 0.00748069 0.000537889 0.0055 0.00749982 -5.14696e-05 -0.0055 0.00738158 0.0013275 -0.0055 0.00722761 0.00200292 -0.0045 0.00722306 0.00201924 -0.0055 0.00738158 0.0013275 -0.0045 0.00722306 0.00201924 -0.0045 0.00738909 0.00128504 0.0055 0.00746308 -0.000743246 0.0045 0.00749693 -0.000214679 0.0055 0.00749982 -5.14696e-05 0.0045 0.00743765 -0.000965084 0.0045 0.00749693 -0.000214679 0.0055 0.00746308 -0.000743246 -0.0055 0.00747258 0.000640746 -0.0055 0.00738158 0.0013275 -0.0045 0.00738909 0.00128504 -0.0055 0.00747258 0.000640746 -0.0045 0.00738909 0.00128504 -0.0045 0.00748069 0.000537889 0.0055 0.00736267 -0.00142868 0.0045 0.00743765 -0.000965084 0.0055 0.00746308 -0.000743246 0.0045 0.00730345 -0.00170577 0.0045 0.00743765 -0.000965084 0.0055 0.00736267 -0.00142868 -0.0055 0.00749982 -5.14696e-05 -0.0055 0.00747258 0.000640746 -0.0045 0.00748069 0.000537889 -0.0055 0.00749982 -5.14696e-05 -0.0045 0.00748069 0.000537889 -0.0045 0.00749693 -0.000214679 0.0055 0.00719944 -0.00210193 0.0045 0.00730345 -0.00170577 0.0055 0.00736267 -0.00142868 0.0045 0.00709568 -0.00242927 0.0045 0.00730345 -0.00170577 0.0055 0.00719944 -0.00210193 -0.0055 0.00746308 -0.000743246 -0.0055 0.00749982 -5.14696e-05 -0.0045 0.00749693 -0.000214679 -0.0045 0.00743765 -0.000965084 -0.0055 0.00746308 -0.000743246 -0.0045 0.00749693 -0.000214679 0.0055 0.00697478 -0.00275724 0.0045 0.00709568 -0.00242927 0.0055 0.00719944 -0.00210193 -0.0055 0.00736267 -0.00142868 -0.0055 0.00746308 -0.000743246 -0.0045 0.00743765 -0.000965084 0.0045 0.00681643 -0.0031283 0.0045 0.00709568 -0.00242927 0.0055 0.00697478 -0.00275724 -0.0045 0.00730345 -0.00170577 -0.0055 0.00736267 -0.00142868 -0.0045 0.00743765 -0.000965084 0.0055 0.00669063 -0.00338903 0.0045 0.00681643 -0.0031283 0.0055 0.00697478 -0.00275724 -0.0055 0.00719944 -0.00210193 -0.0055 0.00736267 -0.00142868 -0.0045 0.00730345 -0.00170577 0.0045 0.00646852 -0.00379582 0.0045 0.00681643 -0.0031283 0.0055 0.00669063 -0.00338903 0.0055 0.00634938 -0.00399191 0.0045 0.00646852 -0.00379582 0.0055 0.00669063 -0.00338903 -0.0045 0.00709568 -0.00242927 -0.0055 0.00719944 -0.00210193 -0.0045 0.00730345 -0.00170577 -0.0055 0.00697478 -0.00275724 -0.0055 0.00719944 -0.00210193 -0.0045 0.00709568 -0.00242927 0.0045 0.00605545 -0.0044251 0.0055 0.00634938 -0.00399191 0.0055 0.00595397 -0.00456073 0.0045 0.00605545 -0.0044251 0.0045 0.00646852 -0.00379582 0.0055 0.00634938 -0.00399191 -0.0045 0.00681643 -0.0031283 -0.0055 0.00697478 -0.00275724 -0.0045 0.00709568 -0.00242927 -0.0055 0.00669063 -0.00338903 -0.0055 0.00697478 -0.00275724 -0.0045 0.00681643 -0.0031283 0.0045 0.00558138 -0.00500981 0.0055 0.00595397 -0.00456073 0.0055 0.00550776 -0.00509063 0.0045 0.00558138 -0.00500981 0.0045 0.00605545 -0.0044251 0.0055 0.00595397 -0.00456073 -0.0045 0.00646852 -0.00379582 -0.0055 0.00669063 -0.00338903 -0.0045 0.00681643 -0.0031283 -0.0055 0.00634938 -0.00399191 -0.0055 0.00669063 -0.00338903 -0.0045 0.00646852 -0.00379582 0.0045 0.00505109 -0.00554405 0.0055 0.00550776 -0.00509063 0.0055 0.00501456 -0.00557711 0.0045 0.00505109 -0.00554405 0.0045 0.00558138 -0.00500981 0.0055 0.00550776 -0.00509063 -0.0045 0.00605545 -0.0044251 -0.0055 0.00634938 -0.00399191 -0.0045 0.00646852 -0.00379582 -0.0055 0.00595397 -0.00456073 -0.0055 0.00634938 -0.00399191 -0.0045 0.00605545 -0.0044251 0.0045 0.00446992 -0.00602244 0.0055 0.00501456 -0.00557711 0.0055 0.00447858 -0.00601601 0.0045 0.00446992 -0.00602244 0.0045 0.00505109 -0.00554405 0.0055 0.00501456 -0.00557711 -0.0045 0.00558138 -0.00500981 -0.0055 0.00595397 -0.00456073 -0.0045 0.00605545 -0.0044251 -0.0055 0.00550776 -0.00509063 -0.0055 0.00595397 -0.00456073 -0.0045 0.00558138 -0.00500981 0.0055 0.00390439 -0.00640357 0.0045 0.00446992 -0.00602244 0.0055 0.00447858 -0.00601601 -0.0045 0.00505109 -0.00554405 -0.0055 0.00550776 -0.00509063 -0.0045 0.00558138 -0.00500981 -0.0055 0.00501456 -0.00557711 -0.0055 0.00550776 -0.00509063 -0.0045 0.00505109 -0.00554405 -0.0045 0.00446992 -0.00602244 -0.0055 0.00501456 -0.00557711 -0.0045 0.00505109 -0.00554405 -0.0055 0.00447858 -0.00601601 -0.0055 0.00501456 -0.00557711 -0.0045 0.00446992 -0.00602244 -0.0055 0.00390439 -0.00640357 -0.0055 0.00447858 -0.00601601 -0.0045 0.00446992 -0.00602244 -0.0055 0.00329689 -0.00673651 -0.0055 0.00390439 -0.00640357 0.0055 0.00390439 -0.00640357 0.0055 0.00329689 -0.00673651 -0.0055 0.00266125 -0.00701197 -0.0055 0.00329689 -0.00673651 0.0055 0.00329689 -0.00673651 0.0055 0.00266125 -0.00701197 -0.0055 0.00200292 -0.00722761 -0.0055 0.00266125 -0.00701197 0.0055 0.00266125 -0.00701197 0.0055 0.00200292 -0.00722761 -0.0055 0.0013275 -0.00738158 -0.0055 0.00200292 -0.00722761 0.0055 0.00200292 -0.00722761 0.0055 0.0013275 -0.00738158 -0.0055 0.000640746 -0.00747258 -0.0055 0.0013275 -0.00738158 0.0055 0.0013275 -0.00738158 0.0055 0.000640746 -0.00747258 -0.0055 -5.14696e-05 -0.00749982 -0.0055 0.000640746 -0.00747258 0.0055 0.000640746 -0.00747258 0.0055 -5.14696e-05 -0.00749982 -0.0055 -0.000743246 -0.00746308 -0.0055 -5.14696e-05 -0.00749982 0.0055 -5.14696e-05 -0.00749982 0.0055 -0.000743246 -0.00746308 -0.0055 -0.00142868 -0.00736267 -0.0055 -0.000743246 -0.00746308 0.0055 -0.000743246 -0.00746308 0.0055 -0.00142868 -0.00736267 -0.0055 -0.00210193 -0.00719944 0.0055 -0.00142868 -0.00736267 0.0055 -0.00210193 -0.00719944 -0.0055 -0.00142868 -0.00736267 -0.0055 -0.00275724 -0.00697478 0.0055 -0.00210193 -0.00719944 0.0055 -0.00275724 -0.00697478 -0.0055 -0.00210193 -0.00719944 -0.0055 -0.00338903 -0.00669063 0.0055 -0.00275724 -0.00697478 0.0055 -0.00338903 -0.00669063 -0.0055 -0.00275724 -0.00697478 -0.0055 -0.00399191 -0.00634938 0.0055 -0.00338903 -0.00669063 0.0055 -0.00399191 -0.00634938 -0.0055 -0.00338903 -0.00669063 -0.0055 -0.00456073 -0.00595397 0.0055 -0.00399191 -0.00634938 0.0055 -0.00456073 -0.00595397 -0.0055 -0.00399191 -0.00634938 -0.0055 -0.00509063 -0.00550776 0.0055 -0.00456073 -0.00595397 0.0055 -0.00509063 -0.00550776 -0.0055 -0.00456073 -0.00595397 -0.0055 -0.00557711 -0.00501456 0.0055 -0.00509063 -0.00550776 0.0055 -0.00557711 -0.00501456 -0.0055 -0.00509063 -0.00550776 -0.0055 -0.00601601 -0.00447858 0.0055 -0.00557711 -0.00501456 0.0055 -0.00601601 -0.00447858 -0.0055 -0.00557711 -0.00501456 -0.0055 -0.00640357 -0.00390439 0.0055 -0.00601601 -0.00447858 0.0055 -0.00640357 -0.00390439 -0.0055 -0.00601601 -0.00447858 -0.0055 -0.00673651 -0.00329689 0.0055 -0.00640357 -0.00390439 0.0055 -0.00673651 -0.00329689 -0.0055 -0.00640357 -0.00390439 -0.0055 -0.00701197 -0.00266125 0.0055 -0.00673651 -0.00329689 0.0055 -0.00701197 -0.00266125 -0.0055 -0.00673651 -0.00329689 -0.0055 -0.00722761 -0.00200292 -0.0055 -0.00701197 -0.00266125 0.0055 -0.00701197 -0.00266125 0.0055 -0.00722761 -0.00200292 -0.0055 -0.00738158 -0.0013275 -0.0055 -0.00722761 -0.00200292 0.0055 -0.00722761 -0.00200292 0.0055 -0.00738158 -0.0013275 -0.0055 -0.00747258 -0.000640746 -0.0055 -0.00738158 -0.0013275 0.0055 -0.00738158 -0.0013275 0.0055 -0.00747258 -0.000640746 -0.0055 -0.00749982 5.14696e-05 -0.0055 -0.00747258 -0.000640746 0.0055 -0.00747258 -0.000640746 0.0055 -0.00749982 5.14696e-05 -0.0115 0.0266297 0.00511588 -0.012 0.026109 0.00531545 -0.012 0.0264534 0.00567974 -0.0115 0.0266297 0.00511588 -0.0115 0.0261146 0.00471048 -0.012 0.026109 0.00531545 -0.0117922 0.0267024 0.00567612 -0.0115 0.0266297 0.00511588 -0.012 0.0264534 0.00567974 -0.0117922 0.026943 0.0075307 -0.012 0.0268244 0.00710474 -0.012 0.0267014 0.00759074 -0.012 0.0266964 0.00611825 -0.0117922 0.0267024 0.00567612 -0.012 0.0264534 0.00567974 -0.01195 0.0267648 0.00615715 -0.0117922 0.0267024 0.00567612 -0.012 0.0266964 0.00611825 -0.0115 0.0270157 0.00809094 -0.012 0.0267014 0.00759074 -0.012 0.0264613 0.00803087 -0.0115 0.0270157 0.00809094 -0.0117922 0.026943 0.0075307 -0.012 0.0267014 0.00759074 -0.012 0.0268227 0.00660341 -0.01195 0.0267648 0.00615715 -0.012 0.0266964 0.00611825 -0.01195 0.0268806 0.00704967 -0.012 0.0268227 0.00660341 -0.012 0.0268244 0.00710474 -0.01195 0.0268806 0.00704967 -0.012 0.0268244 0.00710474 -0.0117922 0.026943 0.0075307 -0.0115 0.0266211 0.00861438 -0.012 0.0264613 0.00803087 -0.012 0.0261194 0.00839748 -0.0115 0.0266211 0.00861438 -0.0115 0.0270157 0.00809094 -0.012 0.0264613 0.00803087 -0.0115 0.0261041 0.00901725 -0.012 0.0261194 0.00839748 -0.012 0.025697 0.00866754 -0.0115 0.0261041 0.00901725 -0.0115 0.0266211 0.00861438 -0.012 0.0261194 0.00839748 -0.0115 0.0255 0.00927188 -0.012 0.025697 0.00866754 -0.012 0.0252207 0.00882406 -0.0115 0.0255 0.00927188 -0.0115 0.0261041 0.00901725 -0.012 0.025697 0.00866754 -0.0115 0.0248506 0.00936074 -0.012 0.0252207 0.00882406 -0.012 0.0247205 0.00885723 -0.0115 0.0248506 0.00936074 -0.0115 0.0255 0.00927188 -0.012 0.0252207 0.00882406 -0.0115 0.0242004 0.00927773 -0.012 0.0247205 0.00885723 -0.012 0.0242277 0.00876495 -0.0115 0.0242004 0.00927773 -0.0115 0.0248506 0.00936074 -0.012 0.0247205 0.00885723 -0.0115 0.0235941 0.00902856 -0.012 0.0242277 0.00876495 -0.012 0.0237734 0.00855302 -0.0115 0.0235941 0.00902856 -0.0115 0.0242004 0.00927773 -0.012 0.0242277 0.00876495 -0.0115 0.0230734 0.00863035 -0.012 0.0237734 0.00855302 -0.012 0.023386 0.00823477 -0.0115 0.0230734 0.00863035 -0.0115 0.0235941 0.00902856 -0.012 0.0237734 0.00855302 -0.0115 0.0226741 0.00811049 -0.012 0.023386 0.00823477 -0.012 0.02309 0.00783017 -0.0115 0.0226741 0.00811049 -0.0115 0.0230734 0.00863035 -0.012 0.023386 0.00823477 -0.0115 0.0224237 0.00750471 -0.012 0.0229039 0.00736467 -0.012 0.0228393 0.00686751 -0.0115 0.0224237 0.00750471 -0.012 0.02309 0.00783017 -0.012 0.0229039 0.00736467 -0.0115 0.0224237 0.00750471 -0.0115 0.0226741 0.00811049 -0.012 0.02309 0.00783017 -0.0115 0.0223393 0.00685466 -0.0115 0.0223393 0.00685466 -0.012 0.0228393 0.00686751 -0.012 0.0229005 0.00636992 -0.0115 0.0224269 0.00620503 -0.0115 0.0223393 0.00685466 -0.012 0.0229005 0.00636992 -0.0115 0.0224269 0.00620503 -0.012 0.0229005 0.00636992 -0.012 0.0230835 0.00590317 -0.0115 0.0226802 0.00560048 -0.012 0.0230835 0.00590317 -0.012 0.0233768 0.00549659 -0.0115 0.0226802 0.00560048 -0.0115 0.0224269 0.00620503 -0.012 0.0230835 0.00590317 -0.0115 0.0230821 0.00508257 -0.012 0.0233768 0.00549659 -0.012 0.023762 0.00517573 -0.0115 0.0230821 0.00508257 -0.0115 0.0226802 0.00560048 -0.012 0.0233768 0.00549659 -0.0115 0.0236047 0.00468691 -0.012 0.023762 0.00517573 -0.012 0.0242149 0.00496074 -0.0115 0.0236047 0.00468691 -0.0115 0.0230821 0.00508257 -0.012 0.023762 0.00517573 -0.0115 0.0242122 0.0044407 -0.012 0.0242149 0.00496074 -0.012 0.024707 0.00486515 -0.0115 0.0242122 0.0044407 -0.0115 0.0236047 0.00468691 -0.012 0.0242149 0.00496074 -0.0115 0.0248628 0.00436087 -0.012 0.024707 0.00486515 -0.012 0.0252075 0.00489494 -0.0115 0.0248628 0.00436087 -0.0115 0.0242122 0.0044407 -0.012 0.024707 0.00486515 -0.0115 0.0255118 0.00445291 -0.012 0.0252075 0.00489494 -0.012 0.0256848 0.00504825 -0.0115 0.0255118 0.00445291 -0.0115 0.0248628 0.00436087 -0.012 0.0252075 0.00489494 -0.0115 0.0261146 0.00471048 -0.012 0.0256848 0.00504825 -0.012 0.026109 0.00531545 -0.0115 0.0261146 0.00471048 -0.0115 0.0255118 0.00445291 -0.012 0.0256848 0.00504825 -0.0115 0.0266297 0.00511588 -0.0045 0.0266297 0.00511588 -0.0045 0.0261146 0.00471048 -0.0115 0.0261146 0.00471048 -0.0045 0.0261146 0.00471048 -0.0045 0.0255118 0.00445291 -0.0115 0.0261146 0.00471048 -0.0115 0.0255118 0.00445291 -0.0045 0.0255118 0.00445291 -0.0045 0.0248628 0.00436087 -0.0115 0.0255118 0.00445291 -0.0115 0.0248628 0.00436087 -0.0045 0.0248628 0.00436087 -0.0045 0.0242122 0.0044407 -0.0115 0.0248628 0.00436087 -0.0115 0.0242122 0.0044407 -0.0045 0.0242122 0.0044407 -0.0045 0.0236047 0.00468691 -0.0115 0.0242122 0.0044407 -0.0115 0.0236047 0.00468691 -0.0045 0.0236047 0.00468691 -0.0045 0.0230821 0.00508257 -0.0115 0.0236047 0.00468691 -0.0115 0.0230821 0.00508257 -0.0045 0.0230821 0.00508257 -0.0045 0.0226802 0.00560048 -0.0115 0.0230821 0.00508257 -0.0115 0.0226802 0.00560048 -0.0045 0.0226802 0.00560048 -0.0045 0.0224269 0.00620503 -0.0115 0.0226802 0.00560048 -0.0115 0.0224269 0.00620503 -0.0045 0.0224269 0.00620503 -0.0045 0.0223393 0.00685466 -0.0115 0.0224269 0.00620503 -0.0115 0.0223393 0.00685466 -0.0045 0.0223393 0.00685466 -0.0045 0.0224237 0.00750471 -0.0115 0.0223393 0.00685466 -0.0115 0.0224237 0.00750471 -0.0045 0.0224237 0.00750471 -0.0045 0.0226741 0.00811049 -0.0115 0.0224237 0.00750471 -0.0115 0.0226741 0.00811049 -0.0045 0.0226741 0.00811049 -0.0045 0.0230734 0.00863035 -0.0115 0.0226741 0.00811049 -0.0115 0.0230734 0.00863035 -0.0045 0.0230734 0.00863035 -0.0045 0.0235941 0.00902856 -0.0115 0.0230734 0.00863035 -0.0115 0.0235941 0.00902856 -0.0045 0.0235941 0.00902856 -0.0045 0.0242004 0.00927773 -0.0115 0.0235941 0.00902856 -0.0115 0.0242004 0.00927773 -0.0045 0.0242004 0.00927773 -0.0045 0.0248506 0.00936074 -0.0115 0.0242004 0.00927773 -0.0115 0.0248506 0.00936074 -0.0115 0.0248506 0.00936074 -0.0045 0.0248506 0.00936074 -0.0045 0.0255 0.00927188 -0.0115 0.0255 0.00927188 -0.0115 0.0255 0.00927188 -0.0045 0.0255 0.00927188 -0.0045 0.0261041 0.00901725 -0.0115 0.0261041 0.00901725 -0.0115 0.0261041 0.00901725 -0.0045 0.0261041 0.00901725 -0.0045 0.0266211 0.00861438 -0.0115 0.0266211 0.00861438 -0.0115 0.0270157 0.00809094 -0.0045 0.0266211 0.00861438 -0.0045 0.0270157 0.00809094 -0.0115 0.0266211 0.00861438 -0.012 0.023386 0.00823477 -0.012 0.0237734 0.00855302 -0.012 0.0242277 0.00876495 -0.012 0.0252207 0.00882406 -0.012 0.025697 0.00866754 -0.012 0.0261194 0.00839748 -0.012 0.0230835 0.00590317 -0.012 0.0229005 0.00636992 -0.012 0.0233768 0.00549659 -0.012 0.0228393 0.00686751 -0.012 0.0268227 0.00660341 -0.012 0.0229039 0.00736467 -0.012 0.02309 0.00783017 -0.012 0.0247205 0.00885723 -0.012 0.0264613 0.00803087 -0.012 0.0267014 0.00759074 -0.012 0.0268244 0.00710474 -0.012 0.0242149 0.00496074 -0.012 0.023762 0.00517573 -0.012 0.024707 0.00486515 -0.012 0.0266964 0.00611825 -0.012 0.0264534 0.00567974 -0.012 0.0252075 0.00489494 -0.012 0.0256848 0.00504825 -0.012 0.026109 0.00531545 -0.0045 0.0270157 0.00809094 -0.0045 0.0266297 0.00511588 -0.0115 0.0270157 0.00809094 -0.012 0.0268227 0.00660341 -0.01195 0.0268806 0.00704967 -0.01195 0.0267648 0.00615715 -0.0117922 0.026943 0.0075307 -0.0117922 0.0267024 0.00567612 -0.0115 0.0266297 0.00511588 -0.0045 0.021886 0.0120836 -0.0045 0.0224622 0.0123698 -0.0045 0.0235941 0.00902856 -0.0045 0.00709568 -0.00242927 -0.0045 0.0132728 0.00296231 -0.0045 0.00678885 -0.00541862 -0.0045 0.00681643 -0.0031283 -0.0045 0.0199807 0.0103812 -0.0045 0.0230734 0.00863035 -0.0045 0.0226741 0.00811049 -0.0045 0.0196317 0.00984077 -0.0045 0.0213437 0.0117373 -0.0045 0.0203856 0.0108812 -0.0045 0.0208417 0.011335 -0.0045 0.00730345 -0.00170577 -0.0045 0.0125923 0.0029406 -0.0045 0.00743765 -0.000965084 -0.0045 0.0119133 0.00299189 -0.0045 0.00749693 -0.000214679 -0.0045 0.0348438 -0.00779034 -0.0045 0.0357767 -0.00827955 -0.0045 0.035302 -0.00871568 -0.0045 0.00748069 0.000537889 -0.0045 0.0352512 -0.00737548 -0.0045 0.036202 -0.007795 -0.0045 0.00738909 0.00128504 -0.0045 0.034391 -0.0081551 -0.0045 0.0347832 -0.00909836 -0.0045 0.00794695 0.00350655 -0.0045 0.00722306 0.00201924 -0.0045 0.0356077 -0.00691613 -0.0045 0.0365727 -0.00726763 -0.0045 0.00698428 0.00273311 -0.0045 0.0338989 -0.00846482 -0.0045 0.0342264 -0.00942318 -0.0045 0.00715729 0.00371405 -0.0045 0.0359084 -0.0064185 -0.0045 0.0368848 -0.00670353 -0.0045 0.00667513 0.00341944 -0.0045 0.0333742 -0.00871532 -0.0045 0.0336379 -0.00968637 -0.0045 0.00644584 0.00411463 -0.0045 0.0361493 -0.00588932 -0.0045 0.0371345 -0.0061092 -0.0045 0.00629875 0.00407133 -0.0045 0.0328239 -0.00890321 -0.0045 0.00585892 0.00468221 -0.0045 0.0330246 -0.00988491 -0.0045 0.0363272 -0.00533574 -0.0045 0.037319 -0.00549151 -0.0045 0.0322556 -0.00902595 -0.0045 0.0323935 -0.0100165 -0.0045 0.0317519 -0.0100796 -0.0045 0.0364396 -0.00476527 -0.0045 0.0374362 -0.00485759 -0.0045 0.0316768 -0.00908188 -0.0045 0.0311073 -0.0100736 -0.0045 0.036485 -0.00418559 -0.0045 0.0310955 -0.00907025 -0.0045 0.0304671 -0.00999836 -0.0045 0.0364629 -0.00360457 -0.0045 0.0305194 -0.0089912 -0.0045 0.0298386 -0.00985491 -0.0045 0.0363734 -0.00303005 -0.0045 0.0299564 -0.00884581 -0.0045 0.0292291 -0.00964485 -0.0045 0.0362178 -0.0024698 -0.0045 0.0294142 -0.00863605 -0.0045 0.0286457 -0.00937062 -0.0045 0.0288999 -0.00836475 -0.0045 0.028095 -0.00903537 -0.0045 0.0284206 -0.00803558 -0.0045 0.0275835 -0.00864299 -0.0045 0.0279827 -0.00765299 -0.0045 0.0270786 -0.00828885 -0.0045 0.0275923 -0.00722216 -0.0045 0.0265151 -0.00803817 -0.0045 0.0272544 -0.00674891 -0.0045 0.025914 -0.00790024 -0.0045 0.0387229 0.00505927 -0.0045 0.0345515 -0.000135469 -0.0045 0.0340722 0.0001937 -0.0045 0.0349893 -0.000518057 -0.0045 0.0353798 -0.000948888 -0.0045 0.0357176 -0.00142214 -0.0045 0.0359982 -0.0019314 -0.0045 0.0269739 -0.00623965 -0.0045 0.0335579 0.000465001 -0.0045 0.0267543 -0.00570125 -0.0045 0.0330156 0.000674763 -0.0045 0.0265987 -0.005141 -0.0045 0.0324527 0.000820151 -0.0045 0.038772 0.00573033 -0.0045 0.0387456 0.00640266 -0.0045 0.038644 0.0070678 -0.0045 0.0265092 -0.00456648 -0.0045 0.0384687 0.00771739 -0.0045 0.0382217 0.00834326 -0.0045 0.0379062 0.00893755 -0.0045 0.0375261 0.00949277 -0.0045 0.0370863 0.010002 -0.0045 0.0365922 0.0104587 -0.0045 0.0360501 0.0108572 -0.0045 0.0354668 0.0111926 -0.0045 0.0348496 0.0114605 -0.0045 0.0342062 0.0116576 -0.0045 0.0318766 0.000899198 -0.0045 0.0335449 0.0117815 -0.0045 0.0266297 0.00511588 -0.0045 0.0295979 0.000544272 -0.0045 0.0290732 0.00029377 -0.0045 0.0301482 0.000732164 -0.0045 0.0307165 0.000854905 -0.0045 0.0312953 0.000910835 -0.0045 0.0261146 0.00471048 -0.0045 0.0285811 -1.59545e-05 -0.0045 0.0255118 0.00445291 -0.0045 0.0281283 -0.000380713 -0.0045 0.0277209 -0.000795573 -0.0045 0.0248628 0.00436087 -0.0045 0.0273644 -0.00125492 -0.0045 0.0242122 0.0044407 -0.0045 0.0270637 -0.00175255 -0.0045 0.0268228 -0.00228173 -0.0045 0.0236047 0.00468691 -0.0045 0.0266449 -0.0028353 -0.0045 0.0270157 0.00809094 -0.0045 0.0266211 0.00861438 -0.0045 0.0256114 0.0128109 -0.0045 0.0255 0.00927188 -0.0045 0.0248506 0.00936074 -0.0045 0.0261041 0.00901725 -0.0045 0.0169613 0.00455387 -0.0045 0.0230821 0.00508257 -0.0045 0.017444 0.0050341 -0.0045 0.0164299 0.00412808 -0.0045 0.0265325 -0.00340578 -0.0045 0.0178725 0.00556326 -0.0045 0.0226802 0.00560048 -0.0045 0.015856 0.00376163 -0.0045 0.026487 -0.00398546 -0.0045 0.0182418 0.00613526 -0.0045 0.0224269 0.00620503 -0.0045 0.0249699 0.0128593 -0.0045 0.0152462 0.00345873 -0.0045 0.0185479 0.00674352 -0.0045 0.0223393 0.00685466 -0.0045 0.0146075 0.00322287 -0.0045 0.0243268 0.0128388 -0.0045 0.0242004 0.00927773 -0.0045 0.018787 0.00738105 -0.0045 0.0139472 0.00305676 -0.0045 0.0189565 0.00804052 -0.0045 0.0224237 0.00750471 -0.0045 0.0236897 0.0127496 -0.0045 0.00558138 -0.00500981 -0.0045 0.00518226 -0.00562345 -0.0045 0.00505109 -0.00554405 -0.0045 0.00597238 -0.00541771 -0.0045 0.00446992 -0.00602244 -0.0045 0.00605545 -0.0044251 -0.0045 0.0191166 0.00866364 -0.0045 0.00646852 -0.00379582 -0.0045 0.0230657 0.0125926 -0.0045 0.0193425 0.00926603 0.0045 0.00646852 -0.00379582 0.0045 0.00678885 -0.00541862 0.0045 0.00681643 -0.0031283 0.0045 0.0224237 0.00750471 0.0045 0.0226741 0.00811049 0.0045 0.0193425 0.00926603 0.0045 0.0191166 0.00866364 0.0045 0.0242004 0.00927773 0.0045 0.0230657 0.0125926 0.0045 0.0224622 0.0123698 0.0045 0.0235941 0.00902856 0.0045 0.0196317 0.00984077 0.0045 0.021886 0.0120836 0.0045 0.0132728 0.00296231 0.0045 0.00709568 -0.00242927 0.0045 0.0199807 0.0103812 0.0045 0.0230734 0.00863035 0.0045 0.0213437 0.0117373 0.0045 0.0203856 0.0108812 0.0045 0.035302 -0.00871568 0.0045 0.0357767 -0.00827955 0.0045 0.0348438 -0.00779034 0.0045 0.0208417 0.011335 0.0045 0.036202 -0.007795 0.0045 0.0352512 -0.00737548 0.0045 0.00730345 -0.00170577 0.0045 0.0125923 0.0029406 0.0045 0.0347832 -0.00909836 0.0045 0.034391 -0.0081551 0.0045 0.00743765 -0.000965084 0.0045 0.0365727 -0.00726763 0.0045 0.0356077 -0.00691613 0.0045 0.0119133 0.00299189 0.0045 0.00749693 -0.000214679 0.0045 0.0342264 -0.00942318 0.0045 0.0338989 -0.00846482 0.0045 0.00748069 0.000537889 0.0045 0.0368848 -0.00670353 0.0045 0.0359084 -0.0064185 0.0045 0.00738909 0.00128504 0.0045 0.0336379 -0.00968637 0.0045 0.0333742 -0.00871532 0.0045 0.00722306 0.00201924 0.0045 0.00794695 0.00350655 0.0045 0.0371345 -0.0061092 0.0045 0.0361493 -0.00588932 0.0045 0.00698428 0.00273311 0.0045 0.00715729 0.00371405 0.0045 0.0330246 -0.00988491 0.0045 0.0328239 -0.00890321 0.0045 0.0363272 -0.00533574 0.0045 0.037319 -0.00549151 0.0045 0.00667513 0.00341944 0.0045 0.0317519 -0.0100796 0.0045 0.0323935 -0.0100165 0.0045 0.0322556 -0.00902595 0.0045 0.00644584 0.00411463 0.0045 0.00629875 0.00407133 0.0045 0.0364396 -0.00476527 0.0045 0.0374362 -0.00485759 0.0045 0.0311073 -0.0100736 0.0045 0.0316768 -0.00908188 0.0045 0.00585892 0.00468221 0.0045 0.036485 -0.00418559 0.0045 0.0310955 -0.00907025 0.0045 0.0304671 -0.00999836 0.0045 0.0364629 -0.00360457 0.0045 0.0305194 -0.0089912 0.0045 0.0298386 -0.00985491 0.0045 0.0363734 -0.00303005 0.0045 0.0292291 -0.00964485 0.0045 0.0299564 -0.00884581 0.0045 0.0362178 -0.0024698 0.0045 0.0294142 -0.00863605 0.0045 0.0286457 -0.00937062 0.0045 0.0288999 -0.00836475 0.0045 0.028095 -0.00903537 0.0045 0.0284206 -0.00803558 0.0045 0.0275835 -0.00864299 0.0045 0.0279827 -0.00765299 0.0045 0.0270786 -0.00828885 0.0045 0.0275923 -0.00722216 0.0045 0.0265151 -0.00803817 0.0045 0.0272544 -0.00674891 0.0045 0.025914 -0.00790024 0.0045 0.0387229 0.00505927 0.0045 0.0340722 0.0001937 0.0045 0.0345515 -0.000135469 0.0045 0.0349893 -0.000518057 0.0045 0.0353798 -0.000948888 0.0045 0.0357176 -0.00142214 0.0045 0.0359982 -0.0019314 0.0045 0.0269739 -0.00623965 0.0045 0.0335579 0.000465001 0.0045 0.0267543 -0.00570125 0.0045 0.0330156 0.000674763 0.0045 0.0265987 -0.005141 0.0045 0.038772 0.00573033 0.0045 0.0324527 0.000820151 0.0045 0.0387456 0.00640266 0.0045 0.038644 0.0070678 0.0045 0.0265092 -0.00456648 0.0045 0.0384687 0.00771739 0.0045 0.0382217 0.00834326 0.0045 0.0379062 0.00893755 0.0045 0.0375261 0.00949277 0.0045 0.0370863 0.010002 0.0045 0.0365922 0.0104587 0.0045 0.0360501 0.0108572 0.0045 0.0354668 0.0111926 0.0045 0.0348496 0.0114605 0.0045 0.0342062 0.0116576 0.0045 0.0318766 0.000899198 0.0045 0.0335449 0.0117815 0.0045 0.0290732 0.00029377 0.0045 0.0295979 0.000544272 0.0045 0.0266297 0.00511588 0.0045 0.0301482 0.000732164 0.0045 0.0307165 0.000854905 0.0045 0.0312953 0.000910835 0.0045 0.0285811 -1.59545e-05 0.0045 0.0261146 0.00471048 0.0045 0.0255118 0.00445291 0.0045 0.0277209 -0.000795573 0.0045 0.0281283 -0.000380713 0.0045 0.0273644 -0.00125492 0.0045 0.0248628 0.00436087 0.0045 0.0268228 -0.00228173 0.0045 0.0270637 -0.00175255 0.0045 0.0242122 0.0044407 0.0045 0.0266449 -0.0028353 0.0045 0.0236047 0.00468691 0.0045 0.0270157 0.00809094 0.0045 0.0266211 0.00861438 0.0045 0.0256114 0.0128109 0.0045 0.0248506 0.00936074 0.0045 0.0255 0.00927188 0.0045 0.0261041 0.00901725 0.0045 0.0230821 0.00508257 0.0045 0.0169613 0.00455387 0.0045 0.017444 0.0050341 0.0045 0.0265325 -0.00340578 0.0045 0.0164299 0.00412808 0.0045 0.0226802 0.00560048 0.0045 0.0178725 0.00556326 0.0045 0.026487 -0.00398546 0.0045 0.015856 0.00376163 0.0045 0.0224269 0.00620503 0.0045 0.0182418 0.00613526 0.0045 0.0249699 0.0128593 0.0045 0.0152462 0.00345873 0.0045 0.0223393 0.00685466 0.0045 0.0185479 0.00674352 0.0045 0.0146075 0.00322287 0.0045 0.0243268 0.0128388 0.0045 0.018787 0.00738105 0.0045 0.0139472 0.00305676 0.0045 0.0189565 0.00804052 0.0045 0.0236897 0.0127496 0.0045 0.00518226 -0.00562345 0.0045 0.00597238 -0.00541771 0.0045 0.00558138 -0.00500981 0.0045 0.00505109 -0.00554405 0.0045 0.00446992 -0.00602244 0.0045 0.00605545 -0.0044251 -0.0045 0.025914 -0.00790024 0.0045 0.025914 -0.00790024 -0.0045 0.00678885 -0.00541862 0.0045 0.00678885 -0.00541862 -0.0045 0.0286457 -0.00937062 0.0045 0.0292291 -0.00964485 0.0045 0.0286457 -0.00937062 -0.0045 0.0292291 -0.00964485 -0.0045 0.028095 -0.00903537 0.0045 0.0286457 -0.00937062 0.0045 0.028095 -0.00903537 -0.0045 0.0286457 -0.00937062 -0.0045 0.0275835 -0.00864299 0.0045 0.028095 -0.00903537 0.0045 0.0275835 -0.00864299 -0.0045 0.028095 -0.00903537 -0.0045 0.0374362 -0.00485759 0.0045 0.0374362 -0.00485759 0.0045 0.037319 -0.00549151 -0.0045 0.037319 -0.00549151 0.0045 0.037319 -0.00549151 0.0045 0.0371345 -0.0061092 -0.0045 0.037319 -0.00549151 -0.0045 0.0371345 -0.0061092 0.0045 0.0371345 -0.0061092 0.0045 0.0368848 -0.00670353 -0.0045 0.0371345 -0.0061092 -0.0045 0.0368848 -0.00670353 0.0045 0.0368848 -0.00670353 0.0045 0.0365727 -0.00726763 -0.0045 0.0368848 -0.00670353 -0.0045 0.0365727 -0.00726763 0.0045 0.0365727 -0.00726763 0.0045 0.036202 -0.007795 -0.0045 0.0365727 -0.00726763 -0.0045 0.036202 -0.007795 0.0045 0.036202 -0.007795 0.0045 0.0357767 -0.00827955 -0.0045 0.036202 -0.007795 -0.0045 0.0357767 -0.00827955 0.0045 0.0357767 -0.00827955 0.0045 0.035302 -0.00871568 -0.0045 0.0357767 -0.00827955 -0.0045 0.035302 -0.00871568 -0.0045 0.0347832 -0.00909836 0.0045 0.035302 -0.00871568 0.0045 0.0347832 -0.00909836 -0.0045 0.035302 -0.00871568 -0.0045 0.0342264 -0.00942318 0.0045 0.0347832 -0.00909836 0.0045 0.0342264 -0.00942318 -0.0045 0.0347832 -0.00909836 -0.0045 0.0336379 -0.00968637 0.0045 0.0342264 -0.00942318 0.0045 0.0336379 -0.00968637 -0.0045 0.0342264 -0.00942318 -0.0045 0.0330246 -0.00988491 0.0045 0.0336379 -0.00968637 0.0045 0.0330246 -0.00988491 -0.0045 0.0336379 -0.00968637 -0.0045 0.0323935 -0.0100165 0.0045 0.0330246 -0.00988491 0.0045 0.0323935 -0.0100165 -0.0045 0.0330246 -0.00988491 -0.0045 0.0317519 -0.0100796 0.0045 0.0323935 -0.0100165 0.0045 0.0317519 -0.0100796 -0.0045 0.0323935 -0.0100165 -0.0045 0.0311073 -0.0100736 -0.0045 0.0317519 -0.0100796 0.0045 0.0317519 -0.0100796 0.0045 0.0311073 -0.0100736 -0.0045 0.0304671 -0.00999836 0.0045 0.0311073 -0.0100736 0.0045 0.0304671 -0.00999836 -0.0045 0.0311073 -0.0100736 -0.0045 0.0298386 -0.00985491 0.0045 0.0304671 -0.00999836 0.0045 0.0298386 -0.00985491 -0.0045 0.0304671 -0.00999836 -0.0045 0.0292291 -0.00964485 0.0045 0.0298386 -0.00985491 0.0045 0.0292291 -0.00964485 -0.0045 0.0298386 -0.00985491 -0.0045 0.0387229 0.00505927 0.0045 0.0387229 0.00505927 -0.0045 0.0374362 -0.00485759 0.0045 0.0374362 -0.00485759 -0.0045 0.0335449 0.0117815 0.0045 0.0335449 0.0117815 0.0045 0.0342062 0.0116576 -0.0045 0.0342062 0.0116576 0.0045 0.0342062 0.0116576 0.0045 0.0348496 0.0114605 -0.0045 0.0342062 0.0116576 -0.0045 0.0348496 0.0114605 -0.0045 0.0354668 0.0111926 0.0045 0.0354668 0.0111926 0.0045 0.0360501 0.0108572 -0.0045 0.0354668 0.0111926 0.0045 0.0348496 0.0114605 0.0045 0.0354668 0.0111926 -0.0045 0.0348496 0.0114605 -0.0045 0.0360501 0.0108572 0.0045 0.0360501 0.0108572 0.0045 0.0365922 0.0104587 -0.0045 0.0360501 0.0108572 -0.0045 0.0365922 0.0104587 -0.0045 0.0370863 0.010002 0.0045 0.0370863 0.010002 0.0045 0.0375261 0.00949277 -0.0045 0.0370863 0.010002 0.0045 0.0365922 0.0104587 0.0045 0.0370863 0.010002 -0.0045 0.0365922 0.0104587 -0.0045 0.0375261 0.00949277 0.0045 0.0375261 0.00949277 0.0045 0.0379062 0.00893755 -0.0045 0.0375261 0.00949277 -0.0045 0.0379062 0.00893755 -0.0045 0.0382217 0.00834326 0.0045 0.0379062 0.00893755 0.0045 0.0382217 0.00834326 -0.0045 0.0379062 0.00893755 -0.0045 0.0384687 0.00771739 0.0045 0.0384687 0.00771739 0.0045 0.038644 0.0070678 -0.0045 0.0384687 0.00771739 0.0045 0.0382217 0.00834326 0.0045 0.0384687 0.00771739 -0.0045 0.0382217 0.00834326 -0.0045 0.038644 0.0070678 -0.0045 0.0387456 0.00640266 0.0045 0.038644 0.0070678 0.0045 0.0387456 0.00640266 -0.0045 0.038644 0.0070678 -0.0045 0.038772 0.00573033 0.0045 0.038772 0.00573033 0.0045 0.0387229 0.00505927 -0.0045 0.038772 0.00573033 0.0045 0.0387456 0.00640266 0.0045 0.038772 0.00573033 -0.0045 0.0387456 0.00640266 -0.0045 0.0387229 0.00505927 -0.0045 0.0335449 0.0117815 -0.0045 0.0256114 0.0128109 0.0045 0.0335449 0.0117815 0.0045 0.0256114 0.0128109 -0.0045 0.0191166 0.00866364 -0.0045 0.0189565 0.00804052 0.0045 0.0189565 0.00804052 0.0045 0.0191166 0.00866364 -0.0045 0.0193425 0.00926603 0.0045 0.0191166 0.00866364 0.0045 0.0193425 0.00926603 -0.0045 0.0191166 0.00866364 -0.0045 0.0196317 0.00984077 0.0045 0.0193425 0.00926603 0.0045 0.0196317 0.00984077 -0.0045 0.0193425 0.00926603 -0.0045 0.0199807 0.0103812 0.0045 0.0196317 0.00984077 0.0045 0.0199807 0.0103812 -0.0045 0.0196317 0.00984077 -0.0045 0.0203856 0.0108812 0.0045 0.0199807 0.0103812 0.0045 0.0203856 0.0108812 -0.0045 0.0199807 0.0103812 -0.0045 0.0208417 0.011335 0.0045 0.0203856 0.0108812 0.0045 0.0208417 0.011335 -0.0045 0.0203856 0.0108812 -0.0045 0.0213437 0.0117373 0.0045 0.0208417 0.011335 0.0045 0.0213437 0.0117373 -0.0045 0.0208417 0.011335 -0.0045 0.021886 0.0120836 0.0045 0.0213437 0.0117373 0.0045 0.021886 0.0120836 -0.0045 0.0213437 0.0117373 -0.0045 0.0224622 0.0123698 0.0045 0.021886 0.0120836 0.0045 0.0224622 0.0123698 -0.0045 0.021886 0.0120836 -0.0045 0.0230657 0.0125926 0.0045 0.0224622 0.0123698 0.0045 0.0230657 0.0125926 -0.0045 0.0224622 0.0123698 -0.0045 0.0236897 0.0127496 0.0045 0.0230657 0.0125926 0.0045 0.0236897 0.0127496 -0.0045 0.0230657 0.0125926 -0.0045 0.0243268 0.0128388 0.0045 0.0236897 0.0127496 0.0045 0.0243268 0.0128388 -0.0045 0.0236897 0.0127496 -0.0045 0.0249699 0.0128593 0.0045 0.0249699 0.0128593 0.0045 0.0256114 0.0128109 -0.0045 0.0249699 0.0128593 0.0045 0.0243268 0.0128388 0.0045 0.0249699 0.0128593 -0.0045 0.0243268 0.0128388 -0.0045 0.0256114 0.0128109 0.0045 0.018787 0.00738105 0.0045 0.0185479 0.00674352 0.0045 0.018787 0.00738105 -0.0045 0.018787 0.00738105 -0.0045 0.018787 0.00738105 0.0045 0.0182418 0.00613526 0.0045 0.0185479 0.00674352 -0.0045 0.0185479 0.00674352 -0.0045 0.0185479 0.00674352 0.0045 0.0178725 0.00556326 0.0045 0.0182418 0.00613526 -0.0045 0.0182418 0.00613526 -0.0045 0.0182418 0.00613526 0.0045 0.017444 0.0050341 0.0045 0.0178725 0.00556326 -0.0045 0.0178725 0.00556326 -0.0045 0.0178725 0.00556326 0.0045 0.0169613 0.00455387 0.0045 0.017444 0.0050341 -0.0045 0.017444 0.0050341 -0.0045 0.017444 0.0050341 0.0045 0.0164299 0.00412808 0.0045 0.0169613 0.00455387 -0.0045 0.0169613 0.00455387 -0.0045 0.0169613 0.00455387 0.0045 0.015856 0.00376163 0.0045 0.0164299 0.00412808 -0.0045 0.0164299 0.00412808 -0.0045 0.0164299 0.00412808 0.0045 0.0152462 0.00345873 0.0045 0.015856 0.00376163 -0.0045 0.015856 0.00376163 -0.0045 0.015856 0.00376163 0.0045 0.0146075 0.00322287 0.0045 0.0152462 0.00345873 -0.0045 0.0152462 0.00345873 -0.0045 0.0152462 0.00345873 0.0045 0.0139472 0.00305676 0.0045 0.0146075 0.00322287 -0.0045 0.0146075 0.00322287 -0.0045 0.0146075 0.00322287 -0.0045 0.0139472 0.00305676 0.0045 0.0132728 0.00296231 0.0045 0.0139472 0.00305676 -0.0045 0.0132728 0.00296231 0.0045 0.0125923 0.0029406 0.0045 0.0132728 0.00296231 -0.0045 0.0132728 0.00296231 -0.0045 0.0139472 0.00305676 0.0045 0.0119133 0.00299189 0.0045 0.0125923 0.0029406 -0.0045 0.0125923 0.0029406 -0.0045 0.0125923 0.0029406 -0.0045 0.0119133 0.00299189 -0.0045 0.0119133 0.00299189 -0.0045 0.00794695 0.00350655 0.0045 0.00794695 0.00350655 0.0045 0.0119133 0.00299189 0.0045 0.00518226 -0.00562345 0.0045 0.00446992 -0.00602244 -0.0045 0.00446992 -0.00602244 -0.0045 0.00518226 -0.00562345 0.0045 0.00597238 -0.00541771 0.0045 0.00518226 -0.00562345 -0.0045 0.00597238 -0.00541771 -0.0045 0.00518226 -0.00562345 0.0045 0.00678885 -0.00541862 0.0045 0.00597238 -0.00541771 -0.0045 0.00678885 -0.00541862 -0.0045 0.00597238 -0.00541771 0.0045 0.00715729 0.00371405 0.0045 0.00794695 0.00350655 -0.0045 0.00794695 0.00350655 0.0045 0.00644584 0.00411463 0.0045 0.00715729 0.00371405 -0.0045 0.00715729 0.00371405 -0.0045 0.00715729 0.00371405 0.0045 0.00585892 0.00468221 0.0045 0.00644584 0.00411463 -0.0045 0.00644584 0.00411463 -0.0045 0.00644584 0.00411463 -0.0045 0.00585892 0.00468221 0.0045 0.0265151 -0.00803817 0.0045 0.025914 -0.00790024 -0.0045 0.025914 -0.00790024 0.0045 0.0270786 -0.00828885 0.0045 0.0265151 -0.00803817 -0.0045 0.0265151 -0.00803817 -0.0045 0.0265151 -0.00803817 0.0045 0.0275835 -0.00864299 0.0045 0.0270786 -0.00828885 -0.0045 0.0270786 -0.00828885 -0.0045 0.0270786 -0.00828885 -0.0045 0.0275835 -0.00864299 -0.005 0.0281283 -0.000380713 -0.005 0.0285811 -1.59545e-05 -0.005 0.0290732 0.00029377 -0.005 0.0310955 -0.00907025 -0.005 0.0338989 -0.00846482 -0.005 0.0328239 -0.00890321 -0.005 0.0316768 -0.00908188 -0.005 0.0364629 -0.00360457 -0.005 0.0362178 -0.0024698 -0.005 0.0363734 -0.00303005 -0.005 0.0359982 -0.0019314 -0.005 0.0357176 -0.00142214 -0.005 0.0299564 -0.00884581 -0.005 0.0356077 -0.00691613 -0.005 0.0353798 -0.000948888 -0.005 0.0305194 -0.0089912 -0.005 0.0270637 -0.00175255 -0.005 0.0277209 -0.000795573 -0.005 0.0273644 -0.00125492 -0.005 0.0345515 -0.000135469 -0.005 0.0349893 -0.000518057 -0.005 0.0284206 -0.00803558 -0.005 0.0294142 -0.00863605 -0.005 0.0288999 -0.00836475 -0.005 0.0265325 -0.00340578 -0.005 0.0268228 -0.00228173 -0.005 0.0266449 -0.0028353 -0.005 0.0275923 -0.00722216 -0.005 0.0279827 -0.00765299 -0.005 0.0330156 0.000674763 -0.005 0.0340722 0.0001937 -0.005 0.0335579 0.000465001 -0.005 0.0265092 -0.00456648 -0.005 0.026487 -0.00398546 -0.005 0.0361493 -0.00588932 -0.005 0.0359084 -0.0064185 -0.005 0.0363272 -0.00533574 -0.005 0.0364396 -0.00476527 -0.005 0.0265987 -0.005141 -0.005 0.0269739 -0.00623965 -0.005 0.0272544 -0.00674891 -0.005 0.0267543 -0.00570125 -0.005 0.0348438 -0.00779034 -0.005 0.0352512 -0.00737548 -0.005 0.0312953 0.000910835 -0.005 0.0318766 0.000899198 -0.005 0.0324527 0.000820151 -0.005 0.0307165 0.000854905 -0.005 0.034391 -0.0081551 -0.005 0.0301482 0.000732164 -0.005 0.036485 -0.00418559 -0.005 0.0333742 -0.00871532 -0.005 0.0295979 0.000544272 -0.005 0.0322556 -0.00902595 0.005 0.0284206 -0.00803558 0.005 0.0267543 -0.00570125 0.005 0.0272544 -0.00674891 0.005 0.0290732 0.00029377 0.005 0.0301482 0.000732164 0.005 0.0295979 0.000544272 0.005 0.0275923 -0.00722216 0.005 0.0279827 -0.00765299 0.005 0.0265987 -0.005141 0.005 0.0363272 -0.00533574 0.005 0.0363734 -0.00303005 0.005 0.0362178 -0.0024698 0.005 0.0364396 -0.00476527 0.005 0.036485 -0.00418559 0.005 0.0285811 -1.59545e-05 0.005 0.0277209 -0.000795573 0.005 0.0268228 -0.00228173 0.005 0.0312953 0.000910835 0.005 0.0307165 0.000854905 0.005 0.0294142 -0.00863605 0.005 0.0288999 -0.00836475 0.005 0.0281283 -0.000380713 0.005 0.0324527 0.000820151 0.005 0.0318766 0.000899198 0.005 0.0299564 -0.00884581 0.005 0.0356077 -0.00691613 0.005 0.026487 -0.00398546 0.005 0.0361493 -0.00588932 0.005 0.0359084 -0.0064185 0.005 0.0273644 -0.00125492 0.005 0.0270637 -0.00175255 0.005 0.0316768 -0.00908188 0.005 0.0305194 -0.0089912 0.005 0.0310955 -0.00907025 0.005 0.034391 -0.0081551 0.005 0.0352512 -0.00737548 0.005 0.0340722 0.0001937 0.005 0.0330156 0.000674763 0.005 0.0348438 -0.00779034 0.005 0.0335579 0.000465001 0.005 0.0322556 -0.00902595 0.005 0.0328239 -0.00890321 0.005 0.0333742 -0.00871532 0.005 0.0338989 -0.00846482 0.005 0.0266449 -0.0028353 0.005 0.0265325 -0.00340578 0.005 0.0265092 -0.00456648 0.005 0.0345515 -0.000135469 0.005 0.0349893 -0.000518057 0.005 0.0353798 -0.000948888 0.005 0.0357176 -0.00142214 0.005 0.0359982 -0.0019314 0.005 0.0269739 -0.00623965 0.005 0.0364629 -0.00360457 0.0055 -0.00210193 -0.00719944 0.0055 -0.00142868 -0.00736267 0.0055 -0.000743246 -0.00746308 0.0055 0.00719944 -0.00210193 0.0055 0.00736267 -0.00142868 0.0055 0.00746308 -0.000743246 0.0055 -0.00338903 -0.00669063 0.0055 -0.00275724 -0.00697478 0.0055 -0.00719944 0.00210193 0.0055 -0.00669063 0.00338903 0.0055 -0.00697478 0.00275724 0.0055 0.00697478 -0.00275724 0.0055 0.00747258 0.000640746 0.0055 0.00399191 0.00634938 0.0055 0.00210193 0.00719944 0.0055 0.00142868 0.00736267 0.0055 0.00275724 0.00697478 0.0055 0.00338903 0.00669063 0.0055 -0.00746308 0.000743246 0.0055 -0.00736267 0.00142868 0.0055 5.14696e-05 0.00749982 0.0055 0.000743246 0.00746308 0.0055 0.00634938 -0.00399191 0.0055 0.00669063 -0.00338903 0.0055 0.00509063 0.00550776 0.0055 0.00456073 0.00595397 0.0055 -0.00747258 -0.000640746 0.0055 -0.00749982 5.14696e-05 0.0055 -0.0013275 0.00738158 0.0055 -0.000640746 0.00747258 0.0055 0.00550776 -0.00509063 0.0055 0.00595397 -0.00456073 0.0055 -0.00738158 -0.0013275 0.0055 0.00601601 0.00447858 0.0055 0.00557711 0.00501456 0.0055 -0.00266125 0.00701197 0.0055 -0.00200292 0.00722761 0.0055 -0.00701197 -0.00266125 0.0055 -0.00722761 -0.00200292 0.0055 0.00673651 0.00329689 0.0055 0.00640357 0.00390439 0.0055 0.00390439 -0.00640357 0.0055 0.00501456 -0.00557711 0.0055 0.00447858 -0.00601601 0.0055 -0.00673651 -0.00329689 0.0055 -0.00447858 0.00601601 0.0055 -0.00329689 0.00673651 0.0055 -0.00390439 0.00640357 0.0055 0.00722761 0.00200292 0.0055 0.00701197 0.00266125 0.0055 -0.00640357 -0.00390439 0.0055 0.00738158 0.0013275 0.0055 0.00329689 -0.00673651 0.0055 -0.00601601 -0.00447858 0.0055 0.00200292 -0.00722761 0.0055 0.00266125 -0.00701197 0.0055 -0.00557711 -0.00501456 0.0055 -0.00595397 0.00456073 0.0055 -0.00501456 0.00557711 0.0055 -0.00550776 0.00509063 0.0055 0.000640746 -0.00747258 0.0055 0.0013275 -0.00738158 0.0055 -0.00399191 -0.00634938 0.0055 -0.00509063 -0.00550776 0.0055 -0.00456073 -0.00595397 0.0055 0.00749982 -5.14696e-05 0.0055 -0.00634938 0.00399191 0.0055 -5.14696e-05 -0.00749982 -0.0055 0.00509063 0.00550776 -0.0055 0.00557711 0.00501456 -0.0055 0.00601601 0.00447858 -0.0055 -0.00550776 0.00509063 -0.0055 -0.00501456 0.00557711 -0.0055 -0.00447858 0.00601601 -0.0055 -0.00634938 0.00399191 -0.0055 -0.00595397 0.00456073 -0.0055 -0.00697478 0.00275724 -0.0055 -0.00509063 -0.00550776 -0.0055 -0.00210193 -0.00719944 -0.0055 -0.00338903 -0.00669063 -0.0055 -0.00456073 -0.00595397 -0.0055 0.00634938 -0.00399191 -0.0055 0.00595397 -0.00456073 -0.0055 0.00550776 -0.00509063 -0.0055 0.00399191 0.00634938 -0.0055 0.00456073 0.00595397 -0.0055 -0.00601601 -0.00447858 -0.0055 -0.00557711 -0.00501456 -0.0055 0.00669063 -0.00338903 -0.0055 0.00390439 -0.00640357 -0.0055 0.00501456 -0.00557711 -0.0055 0.00447858 -0.00601601 -0.0055 0.00338903 0.00669063 -0.0055 0.00329689 -0.00673651 -0.0055 0.00275724 0.00697478 -0.0055 -0.00701197 -0.00266125 -0.0055 -0.00640357 -0.00390439 -0.0055 -0.00673651 -0.00329689 -0.0055 0.00736267 -0.00142868 -0.0055 0.00719944 -0.00210193 -0.0055 0.00697478 -0.00275724 -0.0055 0.00746308 -0.000743246 -0.0055 0.0013275 -0.00738158 -0.0055 0.00266125 -0.00701197 -0.0055 0.00200292 -0.00722761 -0.0055 0.000743246 0.00746308 -0.0055 0.00142868 0.00736267 -0.0055 0.00210193 0.00719944 -0.0055 -0.00738158 -0.0013275 -0.0055 -0.00722761 -0.00200292 -0.0055 -0.000743246 -0.00746308 -0.0055 0.00738158 0.0013275 -0.0055 5.14696e-05 0.00749982 -0.0055 -5.14696e-05 -0.00749982 -0.0055 0.000640746 -0.00747258 -0.0055 0.00749982 -5.14696e-05 -0.0055 0.00747258 0.000640746 -0.0055 -0.00746308 0.000743246 -0.0055 -0.00747258 -0.000640746 -0.0055 -0.00749982 5.14696e-05 -0.0055 -0.00200292 0.00722761 -0.0055 -0.000640746 0.00747258 -0.0055 -0.0013275 0.00738158 -0.0055 0.00701197 0.00266125 -0.0055 0.00722761 0.00200292 -0.0055 -0.00142868 -0.00736267 -0.0055 -0.00329689 0.00673651 -0.0055 -0.00266125 0.00701197 -0.0055 -0.00275724 -0.00697478 -0.0055 -0.00736267 0.00142868 -0.0055 -0.00719944 0.00210193 -0.0055 0.00673651 0.00329689 -0.0055 0.00640357 0.00390439 -0.0055 -0.00390439 0.00640357 -0.0055 -0.00669063 0.00338903 -0.0055 -0.00399191 -0.00634938 0.012 0.0268227 0.00660341 0.012 0.0268244 0.00710474 0.012 0.0267014 0.00759074 0.012 0.0264613 0.00803087 0.012 0.0261194 0.00839748 0.012 0.025697 0.00866754 0.012 0.0252207 0.00882406 0.012 0.0247205 0.00885723 0.012 0.0242277 0.00876495 0.012 0.0237734 0.00855302 0.012 0.023386 0.00823477 0.012 0.02309 0.00783017 0.012 0.0229039 0.00736467 0.012 0.0228393 0.00686751 0.012 0.0229005 0.00636992 0.012 0.0230835 0.00590317 0.012 0.0233768 0.00549659 0.012 0.023762 0.00517573 0.012 0.0242149 0.00496074 0.012 0.024707 0.00486515 0.012 0.0252075 0.00489494 0.012 0.0264534 0.00567974 0.012 0.0266964 0.00611825 0.012 0.0256848 0.00504825 0.012 0.026109 0.00531545 0.01195 0.0268806 0.00704967 0.012 0.0268227 0.00660341 0.01195 0.0267648 0.00615715 0.0117922 0.026943 0.0075307 0.0117922 0.0267024 0.00567612 0.0115 0.0270157 0.00809094 0.0115 0.0266297 0.00511588 0.0045 0.0270157 0.00809094 0.0045 0.0266297 0.00511588</float_array>
          <technique_common>
            <accessor count="2218" source="#verts-array-array" stride="3">
              <param type="float" name="X"/>
              <param type="float" name="Y"/>
              <param type="float" name="Z"/>
            </accessor>
          </technique_common>
        </source>
        <source id="normals-array">
          <float_array count="6654" id="normals-array-array">0 0.6184609 -0.7858156 0 0.6184609 -0.7858156 0 0.6184609 -0.7858156 0 0.3929242 -0.9195709 0 0.3929242 -0.9195709 0 0.3929242 -0.9195709 0 0.6184609 -0.7858156 0 0.1404132 -0.990093 0 0.1404132 -0.990093 0 0.1404132 -0.990093 0 0.3929242 -0.9195709 0 -0.1217889 -0.992556 0 -0.1217889 -0.992556 0 -0.1217889 -0.992556 0 0.1404132 -0.990093 0 -0.3756085 -0.9267784 0 -0.3756085 -0.9267784 0 -0.3756085 -0.9267784 0 -0.1217889 -0.992556 0 -0.603616 -0.7972752 0 -0.603616 -0.7972752 0 -0.603616 -0.7972752 0 -0.3756085 -0.9267784 0 -0.7900315 -0.6130662 0 -0.7900315 -0.6130662 0 -0.7900315 -0.6130662 0 -0.603616 -0.7972752 0 -0.9223147 -0.3864397 0 -0.9223147 -0.3864397 0 -0.9223147 -0.3864397 0 -0.7900315 -0.6130662 0 -0.9910303 -0.1336375 0 -0.9910303 -0.1336375 0 -0.9910303 -0.1336375 0 -0.9223147 -0.3864397 0 -0.9916763 0.1287557 0 -0.9916763 0.1287557 0 -0.9916763 0.1287557 0 -0.9910303 -0.1336375 0 -0.9241606 0.3820041 0 -0.9241606 0.3820041 0 -0.9241606 0.3820041 0 -0.9916763 0.1287557 0 -0.7930609 0.6091424 0 -0.7930609 0.6091424 0 -0.7930609 0.6091424 0 -0.9241606 0.3820041 0 -0.607476 0.7943381 0 -0.607476 0.7943381 0 -0.607476 0.7943381 0 -0.7930609 0.6091424 0 -0.380121 0.9249368 0 -0.380121 0.9249368 0 -0.380121 0.9249368 0 -0.607476 0.7943381 0 -0.380121 0.9249368 0 -0.1266401 0.9919487 0 -0.1266401 0.9919487 0 -0.1266401 0.9919487 0 -0.1266401 0.9919487 0 0.1355699 0.9907678 0 0.1355699 0.9907678 0 0.1355699 0.9907678 0 0.1355699 0.9907678 0 0.38841 0.9214866 0 0.38841 0.9214866 0 0.38841 0.9214866 0 0.38841 0.9214866 0 0.6146618 0.7887908 0 0.6146618 0.7887908 0 0.6146618 0.7887908 0 0.6146618 0.7887908 0 0.7985182 0.6019707 0 0.7985182 0.6019707 0 0.7985182 0.6019707 0 0.7985182 0.6019707 0.717788 0.6112277 0.3334383 0.717788 0.6112277 0.3334383 0.717788 0.6112277 0.3334383 0.6916733 0.5766982 0.4347496 0.6916733 0.5766982 0.4347496 0.6916733 0.5766982 0.4347496 0.6938742 0.6652821 0.2755693 0.6938742 0.6652821 0.2755693 0.6938742 0.6652821 0.2755693 0.7262747 0.6012583 -0.3331869 0.7262747 0.6012583 -0.3331869 0.7262747 0.6012583 -0.3331869 0.7261723 0.6664988 0.1686807 0.7261723 0.6664988 0.1686807 0.7261723 0.6664988 0.1686807 0.675702 0.7260699 0.1274728 0.675702 0.7260699 0.1274728 0.675702 0.7260699 0.1274728 0.7178012 0.5059395 -0.4783164 0.7178012 0.5059395 -0.4783164 0.7178012 0.5059395 -0.4783164 0.6939583 0.5727903 -0.4362718 0.6939583 0.5727903 -0.4362718 0.6939583 0.5727903 -0.4362718 0.7482063 0.6634623 -0.002249055 0.7482063 0.6634623 -0.002249055 0.7482063 0.6634623 -0.002249055 0.7482456 0.6420233 -0.1671368 0.7482456 0.6420233 -0.1671368 0.7482456 0.6420233 -0.1671368 0.6757634 0.6694463 -0.3085213 0.6757634 0.6694463 -0.3085213 0.6757634 0.6694463 -0.3085213 0.7173902 0.3713064 -0.5894768 0.7173902 0.3713064 -0.5894768 0.7173902 0.3713064 -0.5894768 0.6916731 0.4466591 -0.5675245 0.6916731 0.4466591 -0.5675245 0.6916731 0.4466591 -0.5675245 0.7167419 0.2132569 -0.6639297 0.7167419 0.2132569 -0.6639297 0.7167419 0.2132569 -0.6639297 0.6921428 0.2835972 -0.66371 0.6921428 0.2835972 -0.66371 0.6921428 0.2835972 -0.66371 0.7158814 0.041485 -0.6969884 0.7158814 0.041485 -0.6969884 0.7158814 0.041485 -0.6969884 0.6928159 0.101254 -0.7139704 0.6928159 0.101254 -0.7139704 0.6928159 0.101254 -0.7139704 0.7147667 -0.1333577 -0.6865306 0.7147667 -0.1333577 -0.6865306 0.7147667 -0.1333577 -0.6865306 0.6936941 -0.08772087 -0.7149081 0.6936941 -0.08772087 -0.7149081 0.6936941 -0.08772087 -0.7149081 0.713418 -0.3005001 -0.6330359 0.713418 -0.3005001 -0.6330359 0.713418 -0.3005001 -0.6330359 0.694756 -0.2701547 -0.6665812 0.694756 -0.2701547 -0.6665812 0.694756 -0.2701547 -0.6665812 0.7118179 -0.4495277 -0.5396667 0.7118179 -0.4495277 -0.5396667 0.7118179 -0.4495277 -0.5396667 0.6960155 -0.4334125 -0.5724649 0.6960155 -0.4334125 -0.5724649 0.6960155 -0.4334125 -0.5724649 0.7100324 -0.5710821 -0.4119699 0.7100324 -0.5710821 -0.4119699 0.7100324 -0.5710821 -0.4119699 0.6974713 -0.5661466 -0.4393311 0.6974713 -0.5661466 -0.4393311 0.6974713 -0.5661466 -0.4393311 0.707889 -0.6575869 -0.2578229 0.707889 -0.6575869 -0.2578229 0.707889 -0.6575869 -0.2578229 0.6991552 -0.6594272 -0.2762927 0.6991552 -0.6594272 -0.2762927 0.6991552 -0.6594272 -0.2762927 0.7029775 -0.7052886 0.09160054 0.7029524 -0.7053077 0.0916463 0.7029721 -0.7052926 0.09161031 0.7055668 -0.7033437 -0.08650507 0.7055668 -0.7033437 -0.08650507 0.7055668 -0.7033437 -0.08650507 0.7009363 -0.7068265 -0.09531347 0.7009363 -0.7068265 -0.09531347 0.7009363 -0.7068265 -0.09531347 0.702994 -0.705276 0.09157051 0.7055979 -0.6579789 0.26305 0.7055979 -0.6579789 0.26305 0.7055979 -0.6579789 0.26305 0.7009763 -0.6590971 0.2724394 0.7009763 -0.6590971 0.2724394 0.7009763 -0.6590971 0.2724394 0.7079372 -0.5700186 0.4170177 0.7079372 -0.5700186 0.4170177 0.7079372 -0.5700186 0.4170177 0.7099839 -0.4470188 0.544148 0.7099839 -0.4470188 0.544148 0.7099839 -0.4470188 0.544148 0.6991074 -0.5670518 0.4355469 0.6991074 -0.5670518 0.4355469 0.6991074 -0.5670518 0.4355469 0.7118349 -0.2969244 0.6364959 0.7118349 -0.2969244 0.6364959 0.7118349 -0.2969244 0.6364959 0.697482 -0.4353187 0.5692244 0.697482 -0.4353187 0.5692244 0.697482 -0.4353187 0.5692244 0.7134161 -0.1289765 0.6887688 0.7134161 -0.1289765 0.6887688 0.7134161 -0.1289765 0.6887688 0.6960111 -0.2729387 0.6641333 0.6960111 -0.2729387 0.6641333 0.6960111 -0.2729387 0.6641333 0.7147679 0.04627527 0.6978291 0.7147679 0.04627527 0.6978291 0.7147679 0.04627527 0.6978291 0.6947593 -0.09108493 0.7134515 0.6947593 -0.09108493 0.7134515 0.6947593 -0.09108493 0.7134515 0.7158724 0.2179827 0.6633327 0.7158724 0.2179827 0.6633327 0.7158724 0.2179827 0.6633327 0.693693 0.09764704 0.7136211 0.693693 0.09764704 0.7136211 0.693693 0.09764704 0.7136211 0.7167522 0.3756248 0.5875137 0.7167522 0.3756248 0.5875137 0.7167522 0.3756248 0.5875137 0.6928131 0.2800892 0.6644999 0.6928131 0.2800892 0.6644999 0.6928131 0.2800892 0.6644999 0.717368 0.5095087 0.4751675 0.717368 0.5095087 0.4751675 0.717368 0.5095087 0.4751675 0.6921291 0.4436467 0.5693284 0.6921291 0.4436467 0.5693284 0.6921291 0.4436467 0.5693284 0 0.4665759 0.8844811 0 0.4665759 0.8844811 0 0.4665759 0.8844811 0 0.4665759 0.8844811 0 0.5661222 0.8243213 0 0.5661222 0.8243213 0 0.5661222 0.8243213 0 0.5661222 0.8243213 0 0.6580289 0.7529927 0 0.6580289 0.7529927 0 0.6580289 0.7529927 0 0.6580289 0.7529927 0 0.7409369 0.6715747 0 0.7409369 0.6715747 0 0.7409369 0.6715747 0 0.813924 0.5809714 0 0.813924 0.5809714 0 0.813924 0.5809714 0 0.7409369 0.6715747 0 0.8758491 0.4825851 0 0.8758491 0.4825851 0 0.8758491 0.4825851 0 0.813924 0.5809714 0 0.9259405 0.3776693 0 0.9259405 0.3776693 0 0.9259405 0.3776693 0 0.8758491 0.4825851 0 0.9259405 0.3776693 0 0.9635283 0.2676063 0 0.9635283 0.2676063 0 0.9635283 0.2676063 0 0.9635283 0.2676063 0 0.9880833 0.15392 0 0.9880833 0.15392 0 0.9880833 0.15392 0 0.9992772 0.03801312 0 0.9992772 0.03801312 0 0.9992772 0.03801312 0 0.9880833 0.15392 0 0.9992772 0.03801312 0 0.9969473 -0.07807771 0 0.9969473 -0.07807771 0 0.9969473 -0.07807771 0 0.9811369 -0.1933141 0 0.9811369 -0.1933141 0 0.9811369 -0.1933141 0 0.9969473 -0.07807771 0 0.9811369 -0.1933141 0 0.9520457 -0.305956 0 0.9520457 -0.305956 0 0.9520457 -0.305956 0 0.9520457 -0.305956 0 0.910132 -0.4143185 0 0.910132 -0.4143185 0 0.910132 -0.4143185 0 0.910132 -0.4143185 0 0.8558778 -0.5171781 0 0.8558778 -0.5171781 0 0.8558778 -0.5171781 0 0.7899965 -0.6131113 0 0.7899965 -0.6131113 0 0.7899965 -0.6131113 0 0.8558778 -0.5171781 0 0.7134907 -0.7006647 0 0.7134907 -0.7006647 0 0.7134907 -0.7006647 0 0.7899965 -0.6131113 0 0.6273335 -0.7787507 0 0.6273335 -0.7787507 0 0.6273335 -0.7787507 0 0.7134907 -0.7006647 0 0.6273335 -0.7787507 0 0.5326648 -0.8463263 0 0.5326648 -0.8463263 0 0.5326648 -0.8463263 0 0.5326648 -0.8463263 0 0.4308341 -0.9024311 0 0.4308341 -0.9024311 0 0.4308341 -0.9024311 0 0.3231169 -0.946359 0 0.3231169 -0.946359 0 0.3231169 -0.946359 0 0.4308341 -0.9024311 0 0.3231169 -0.946359 0 0.2111117 -0.977462 0 0.2111117 -0.977462 0 0.2111117 -0.977462 0 0.09618152 -0.9953638 0 0.09618152 -0.9953638 0 0.09618152 -0.9953638 0 0.2111117 -0.977462 0 0.09618152 -0.9953638 0 -0.02000302 -0.9997999 0 -0.02000302 -0.9997999 0 -0.02000302 -0.9997999 0 -0.02000302 -0.9997999 0 -0.1359402 -0.9907171 0 -0.1359402 -0.9907171 0 -0.1359402 -0.9907171 0 -0.1359402 -0.9907171 0 -0.2500397 -0.9682356 0 -0.2500397 -0.9682356 0 -0.2500397 -0.9682356 0 -0.2500397 -0.9682356 0 -0.3608083 -0.93264 0 -0.3608083 -0.93264 0 -0.3608083 -0.93264 0 -0.3608083 -0.93264 0 -0.4665764 -0.8844809 0 -0.4665764 -0.8844809 0 -0.4665764 -0.8844809 0 -0.4665764 -0.8844809 0 -0.5661221 -0.8243214 0 -0.5661221 -0.8243214 0 -0.5661221 -0.8243214 0 -0.5661221 -0.8243214 0 -0.6579462 -0.753065 0 -0.6579462 -0.753065 0 -0.6579462 -0.753065 0 -0.741021 -0.6714819 0 -0.741021 -0.6714819 0 -0.741021 -0.6714819 0 -0.6579462 -0.753065 0 -0.8138437 -0.5810839 0 -0.8138437 -0.5810839 0 -0.8138437 -0.5810839 0 -0.741021 -0.6714819 0 -0.8138437 -0.5810839 0 -0.8759199 -0.4824565 0 -0.8759199 -0.4824565 0 -0.8759199 -0.4824565 0 -0.9259405 -0.3776695 0 -0.9259405 -0.3776695 0 -0.9259405 -0.3776695 0 -0.8759199 -0.4824565 0 -0.9635292 -0.2676032 0 -0.9635292 -0.2676032 0 -0.9635292 -0.2676032 0 -0.9259405 -0.3776695 0 -0.9635292 -0.2676032 0 -0.9880823 -0.1539265 0 -0.9880823 -0.1539265 0 -0.9880823 -0.1539265 0 -0.9880823 -0.1539265 0 -0.9992709 -0.03818017 0 -0.9992709 -0.03818017 0 -0.9992709 -0.03818017 0 -0.9969337 0.07825057 0 -0.9969337 0.07825057 0 -0.9969337 0.07825057 0 -0.9992709 -0.03818017 0 -0.9811376 0.1933107 0 -0.9811376 0.1933107 0 -0.9811376 0.1933107 0 -0.9969337 0.07825057 0 -0.9811376 0.1933107 0 -0.952045 0.3059579 0 -0.952045 0.3059579 0 -0.952045 0.3059579 0 -0.9101307 0.4143213 0 -0.9101307 0.4143213 0 -0.9101307 0.4143213 0 -0.952045 0.3059579 0 -0.8558777 0.5171782 0 -0.8558777 0.5171782 0 -0.8558777 0.5171782 0 -0.9101307 0.4143213 0 -0.7899945 0.6131139 0 -0.7899945 0.6131139 0 -0.7899945 0.6131139 0 -0.8558777 0.5171782 0 -0.7899945 0.6131139 0 -0.7134926 0.7006628 0 -0.7134926 0.7006628 0 -0.7134926 0.7006628 0 -0.627332 0.778752 0 -0.627332 0.778752 0 -0.627332 0.778752 0 -0.7134926 0.7006628 0 -0.5326703 0.8463229 0 -0.5326703 0.8463229 0 -0.5326703 0.8463229 0 -0.627332 0.778752 0 -0.4308374 0.9024296 0 -0.4308374 0.9024296 0 -0.4308374 0.9024296 0 -0.5326703 0.8463229 0 -0.4308374 0.9024296 0 -0.323121 0.9463577 0 -0.323121 0.9463577 0 -0.323121 0.9463577 0 -0.323121 0.9463577 0 -0.2111114 0.977462 0 -0.2111114 0.977462 0 -0.2111114 0.977462 0 -0.2111114 0.977462 0 -0.09618295 0.9953637 0 -0.09618295 0.9953637 0 -0.09618295 0.9953637 0 -0.09618295 0.9953637 0 0.02001494 0.9997997 0 0.02001494 0.9997997 0 0.02001494 0.9997997 0 0.02001494 0.9997997 0 0.1359366 0.9907175 0 0.1359366 0.9907175 0 0.1359366 0.9907175 0 0.1359366 0.9907175 0 0.2500784 0.9682256 0 0.2500784 0.9682256 0 0.2500784 0.9682256 0 0.2500784 0.9682256 0 0.3607533 0.9326613 0 0.3607533 0.9326613 0 0.3607533 0.9326613 0 0.3607533 0.9326613 0 0.3607533 0.9326613 0 0.3607533 0.9326613 0 0.3607533 0.9326613 0 0.2500784 0.9682256 0 0.2500784 0.9682256 0 0.2500784 0.9682256 0 0.3607533 0.9326613 0 0.1359366 0.9907175 0 0.1359366 0.9907175 0 0.1359366 0.9907175 0 0.2500784 0.9682256 0 0.02001494 0.9997997 0 0.02001494 0.9997997 0 0.02001494 0.9997997 0 0.1359366 0.9907175 0 -0.09618295 0.9953637 0 -0.09618295 0.9953637 0 -0.09618295 0.9953637 0 0.02001494 0.9997997 0 -0.2111114 0.977462 0 -0.2111114 0.977462 0 -0.2111114 0.977462 0 -0.09618295 0.9953637 0 -0.323121 0.9463577 0 -0.323121 0.9463577 0 -0.323121 0.9463577 0 -0.2111114 0.977462 0 -0.4308374 0.9024296 0 -0.4308374 0.9024296 0 -0.4308374 0.9024296 0 -0.323121 0.9463577 0 -0.5326703 0.8463229 0 -0.5326703 0.8463229 0 -0.5326703 0.8463229 0 -0.4308374 0.9024296 0 -0.627332 0.778752 0 -0.627332 0.778752 0 -0.627332 0.778752 0 -0.5326703 0.8463229 0 -0.7134926 0.7006628 0 -0.7134926 0.7006628 0 -0.7134926 0.7006628 0 -0.627332 0.778752 0 -0.7899945 0.6131139 0 -0.7899945 0.6131139 0 -0.7899945 0.6131139 0 -0.7134926 0.7006628 0 -0.8558777 0.5171782 0 -0.8558777 0.5171782 0 -0.8558777 0.5171782 0 -0.7899945 0.6131139 0 -0.9101307 0.4143213 0 -0.9101307 0.4143213 0 -0.9101307 0.4143213 0 -0.8558777 0.5171782 0 -0.952045 0.3059579 0 -0.952045 0.3059579 0 -0.952045 0.3059579 0 -0.9101307 0.4143213 0 -0.9811376 0.1933107 0 -0.9811376 0.1933107 0 -0.9811376 0.1933107 0 -0.952045 0.3059579 0 -0.9969337 0.07825057 0 -0.9969337 0.07825057 0 -0.9969337 0.07825057 0 -0.9811376 0.1933107 0 -0.9992709 -0.03818017 0 -0.9992709 -0.03818017 0 -0.9992709 -0.03818017 0 -0.9969337 0.07825057 0 -0.9880823 -0.1539265 0 -0.9880823 -0.1539265 0 -0.9880823 -0.1539265 0 -0.9992709 -0.03818017 0 -0.9635292 -0.2676032 0 -0.9635292 -0.2676032 0 -0.9635292 -0.2676032 0 -0.9880823 -0.1539265 0 -0.9259405 -0.3776695 0 -0.9259405 -0.3776695 0 -0.9259405 -0.3776695 0 -0.9635292 -0.2676032 0 -0.8759199 -0.4824565 0 -0.8759199 -0.4824565 0 -0.8759199 -0.4824565 0 -0.9259405 -0.3776695 0 -0.8759199 -0.4824565 0 -0.8138437 -0.5810839 0 -0.8138437 -0.5810839 0 -0.8138437 -0.5810839 0 -0.8138437 -0.5810839 0 -0.741021 -0.6714819 0 -0.741021 -0.6714819 0 -0.741021 -0.6714819 0 -0.741021 -0.6714819 0 -0.6579462 -0.753065 0 -0.6579462 -0.753065 0 -0.6579462 -0.753065 0 -0.6579462 -0.753065 0 -0.5661221 -0.8243214 0 -0.5661221 -0.8243214 0 -0.5661221 -0.8243214 0 -0.5661221 -0.8243214 0 -0.4665764 -0.8844809 0 -0.4665764 -0.8844809 0 -0.4665764 -0.8844809 0 -0.4665764 -0.8844809 0 -0.3608083 -0.93264 0 -0.3608083 -0.93264 0 -0.3608083 -0.93264 0 -0.3608083 -0.93264 0 -0.2500397 -0.9682356 0 -0.2500397 -0.9682356 0 -0.2500397 -0.9682356 0 -0.1359402 -0.9907171 0 -0.1359402 -0.9907171 0 -0.1359402 -0.9907171 0 -0.2500397 -0.9682356 0 -0.02000302 -0.9997999 0 -0.02000302 -0.9997999 0 -0.02000302 -0.9997999 0 -0.1359402 -0.9907171 0 0.09618152 -0.9953638 0 0.09618152 -0.9953638 0 0.09618152 -0.9953638 0 -0.02000302 -0.9997999 0 0.2111117 -0.977462 0 0.2111117 -0.977462 0 0.2111117 -0.977462 0 0.09618152 -0.9953638 0 0.3231169 -0.946359 0 0.3231169 -0.946359 0 0.3231169 -0.946359 0 0.2111117 -0.977462 0 0.4308341 -0.9024311 0 0.4308341 -0.9024311 0 0.4308341 -0.9024311 0 0.3231169 -0.946359 0 0.5326648 -0.8463263 0 0.5326648 -0.8463263 0 0.5326648 -0.8463263 0 0.4308341 -0.9024311 0 0.6273335 -0.7787507 0 0.6273335 -0.7787507 0 0.6273335 -0.7787507 0 0.5326648 -0.8463263 0 0.7134907 -0.7006647 0 0.7134907 -0.7006647 0 0.7134907 -0.7006647 0 0.6273335 -0.7787507 0 0.7899965 -0.6131113 0 0.7899965 -0.6131113 0 0.7899965 -0.6131113 0 0.7134907 -0.7006647 0 0.8558778 -0.5171781 0 0.8558778 -0.5171781 0 0.8558778 -0.5171781 0 0.7899965 -0.6131113 0 0.910132 -0.4143185 0 0.910132 -0.4143185 0 0.910132 -0.4143185 0 0.8558778 -0.5171781 0 0.9520457 -0.305956 0 0.9520457 -0.305956 0 0.9520457 -0.305956 0 0.910132 -0.4143185 0 0.9811369 -0.1933141 0 0.9811369 -0.1933141 0 0.9811369 -0.1933141 0 0.9520457 -0.305956 0 0.9969473 -0.07807771 0 0.9969473 -0.07807771 0 0.9969473 -0.07807771 0 0.9811369 -0.1933141 0 0.9992772 0.03801312 0 0.9992772 0.03801312 0 0.9992772 0.03801312 0 0.9969473 -0.07807771 0 0.9880833 0.15392 0 0.9880833 0.15392 0 0.9880833 0.15392 0 0.9992772 0.03801312 0 0.9635283 0.2676063 0 0.9635283 0.2676063 0 0.9635283 0.2676063 0 0.9880833 0.15392 0 0.9635283 0.2676063 0 0.9259405 0.3776693 0 0.9259405 0.3776693 0 0.9259405 0.3776693 0 0.9259405 0.3776693 0 0.8758491 0.4825851 0 0.8758491 0.4825851 0 0.8758491 0.4825851 0 0.8758491 0.4825851 0 0.813924 0.5809714 0 0.813924 0.5809714 0 0.813924 0.5809714 0 0.813924 0.5809714 0 0.7409369 0.6715747 0 0.7409369 0.6715747 0 0.7409369 0.6715747 0 0.7409369 0.6715747 0 0.6580289 0.7529927 0 0.6580289 0.7529927 0 0.6580289 0.7529927 0 0.6580289 0.7529927 0 0.5661222 0.8243213 0 0.5661222 0.8243213 0 0.5661222 0.8243213 0 0.5661222 0.8243213 0 0.4665759 0.8844811 0 0.4665759 0.8844811 0 0.4665759 0.8844811 0 0.4665759 0.8844811 0 -0.9985926 0.05303534 0 -0.9985926 0.05303534 0 -0.9985926 0.05303534 0 -0.9985926 0.05303534 0 -0.9894398 0.1449442 0 -0.9894398 0.1449442 0 -0.9894398 0.1449442 0 -0.9894398 0.1449442 0 -0.9718442 0.2356243 0 -0.9718442 0.2356243 0 -0.9718442 0.2356243 0 -0.9718442 0.2356243 0 -0.9459538 0.3243013 0 -0.9459538 0.3243013 0 -0.9459538 0.3243013 0 -0.9459538 0.3243013 0 -0.9120054 0.4101782 0 -0.9120054 0.4101782 0 -0.9120054 0.4101782 0 -0.9120054 0.4101782 0 -0.8702586 0.4925951 0 -0.8702586 0.4925951 0 -0.8702586 0.4925951 0 -0.8702586 0.4925951 0 -0.8211019 0.5707816 0 -0.8211019 0.5707816 0 -0.8211019 0.5707816 0 -0.8211019 0.5707816 0 -0.7649267 0.6441174 0 -0.7649267 0.6441174 0 -0.7649267 0.6441174 0 -0.7649267 0.6441174 0 -0.7022399 0.7119404 0 -0.7022399 0.7119404 0 -0.7022399 0.7119404 0 -0.7022399 0.7119404 0 -0.6335583 0.773695 0 -0.6335583 0.773695 0 -0.6335583 0.773695 0 -0.6335583 0.773695 0 -0.5594552 0.8288606 0 -0.5594552 0.8288606 0 -0.5594552 0.8288606 0 -0.5594552 0.8288606 0 -0.4806044 0.8769375 0 -0.4806044 0.8769375 0 -0.4806044 0.8769375 0 -0.4806044 0.8769375 0 -0.3976272 0.917547 0 -0.3976272 0.917547 0 -0.3976272 0.917547 0 -0.3976272 0.917547 0 -0.3112823 0.9503175 0 -0.3112823 0.9503175 0 -0.3112823 0.9503175 0 -0.3112823 0.9503175 0 -0.2222597 0.9749875 0 -0.2222597 0.9749875 0 -0.2222597 0.9749875 0 -0.2222597 0.9749875 0 -0.1313593 0.9913348 0 -0.1313593 0.9913348 0 -0.1313593 0.9913348 0 -0.1313593 0.9913348 0 -0.03932187 0.9992266 0 -0.03932187 0.9992266 0 -0.03932187 0.9992266 0 -0.03932187 0.9992266 0 0.05303534 0.9985926 0 0.05303534 0.9985926 0 0.05303534 0.9985926 0 0.05303534 0.9985926 0 0.1449442 0.9894398 0 0.1449442 0.9894398 0 0.1449442 0.9894398 0 0.1449442 0.9894398 0 0.2356243 0.9718442 0 0.2356243 0.9718442 0 0.2356243 0.9718442 0 0.2356243 0.9718442 0 0.3243013 0.9459538 0 0.3243013 0.9459538 0 0.3243013 0.9459538 0 0.3243013 0.9459538 0 0.4101782 0.9120054 0 0.4101782 0.9120054 0 0.4101782 0.9120054 0 0.4101782 0.9120054 0 0.4925951 0.8702586 0 0.4925951 0.8702586 0 0.4925951 0.8702586 0 0.4925951 0.8702586 0 0.5707816 0.8211019 0 0.5707816 0.8211019 0 0.5707816 0.8211019 0 0.5707816 0.8211019 0.00747173 0.7736734 0.6335406 0.00747173 0.7736734 0.6335406 0.00747173 0.7736734 0.6335406 0 0.6441174 0.7649267 0 0.6441174 0.7649267 0 0.6441174 0.7649267 0 0.6441174 0.7649267 -0.008502458 0.8115073 0.5842804 -0.008502458 0.8115073 0.5842804 -0.008502458 0.8115073 0.5842804 0.00651392 0.828843 0.5594433 0.00651392 0.828843 0.5594433 0.00651392 0.828843 0.5594433 0 0.7119404 0.7022399 0 0.7119404 0.7022399 0 0.7119404 0.7022399 0 0.7627173 0.6467321 0 0.7627173 0.6467321 0 0.7627173 0.6467321 0 0.7119404 0.7022399 0.005071671 0.8769262 0.4805983 0.005071671 0.8769262 0.4805983 0.005071671 0.8769262 0.4805983 -0.007304308 0.8659959 0.4999977 -0.007304308 0.8659959 0.4999977 -0.007304308 0.8659959 0.4999977 0 0.7627173 0.6467321 -0.00747173 0.7736734 0.6335406 -0.00747173 0.7736734 0.6335406 -0.00747173 0.7736734 0.6335406 0.003166595 0.9175424 0.3976252 0.003166595 0.9175424 0.3976252 0.003166595 0.9175424 0.3976252 -0.005633324 0.911757 0.4106914 -0.005633324 0.911757 0.4106914 -0.005633324 0.911757 0.4106914 0.008502458 0.8115073 0.5842804 0.008502458 0.8115073 0.5842804 0.008502458 0.8115073 0.5842804 -0.00651392 0.828843 0.5594433 -0.00651392 0.828843 0.5594433 -0.00651392 0.828843 0.5594433 -0.003465054 0.948349 0.3172101 -0.003465054 0.948349 0.3172101 -0.003465054 0.948349 0.3172101 0.0007561979 0.9503172 0.3112822 0.0007561979 0.9503172 0.3112822 0.0007561979 0.9503172 0.3112822 0.007304308 0.8659959 0.4999977 0.007304308 0.8659959 0.4999977 0.007304308 0.8659959 0.4999977 -0.005071671 0.8769262 0.4805983 -0.005071671 0.8769262 0.4805983 -0.005071671 0.8769262 0.4805983 -0.0008088982 0.9749872 0.2222596 -0.0008088982 0.9749872 0.2222596 -0.0008088982 0.9749872 0.2222596 -0.002040077 0.9753696 0.2205674 -0.002040077 0.9753696 0.2205674 -0.002040077 0.9753696 0.2205674 0.005633324 0.911757 0.4106914 0.005633324 0.911757 0.4106914 0.005633324 0.911757 0.4106914 -0.003166595 0.9175424 0.3976252 -0.003166595 0.9175424 0.3976252 -0.003166595 0.9175424 0.3976252 0.001867592 0.9913331 0.1313591 0.001867592 0.9913331 0.1313591 0.001867592 0.9913331 0.1313591 -0.004466627 0.9925585 0.1216866 -0.004466627 0.9925585 0.1216866 -0.004466627 0.9925585 0.1216866 0.003465054 0.948349 0.3172101 0.003465054 0.948349 0.3172101 0.003465054 0.948349 0.3172101 -0.0007561979 0.9503172 0.3112822 -0.0007561979 0.9503172 0.3112822 -0.0007561979 0.9503172 0.3112822 0.004059212 0.9992184 0.03932154 0.004059212 0.9992184 0.03932154 0.004059212 0.9992184 0.03932154 -0.00641048 0.9997467 0.02157414 -0.00641048 0.9997467 0.02157414 -0.00641048 0.9997467 0.02157414 0.0008088982 0.9749872 0.2222596 0.0008088982 0.9749872 0.2222596 0.0008088982 0.9749872 0.2222596 0.002040077 0.9753696 0.2205674 0.002040077 0.9753696 0.2205674 0.002040077 0.9753696 0.2205674 0.005769727 0.998576 -0.05303446 0.005769727 0.998576 -0.05303446 0.005769727 0.998576 -0.05303446 -0.007880342 0.9968633 -0.07874944 -0.007880342 0.9968633 -0.07874944 -0.007880342 0.9968633 -0.07874944 -0.001867592 0.9913331 0.1313591 -0.001867592 0.9913331 0.1313591 -0.001867592 0.9913331 0.1313591 0.004466627 0.9925585 0.1216866 0.004466627 0.9925585 0.1216866 0.004466627 0.9925585 0.1216866 0.006992766 0.9894156 -0.1449406 0.006992766 0.9894156 -0.1449406 0.006992766 0.9894156 -0.1449406 -0.008870899 0.9839409 -0.1782739 -0.008870899 0.9839409 -0.1782739 -0.008870899 0.9839409 -0.1782739 -0.004059212 0.9992184 0.03932154 -0.004059212 0.9992184 0.03932154 -0.004059212 0.9992184 0.03932154 0.00641048 0.9997467 0.02157414 0.00641048 0.9997467 0.02157414 0.00641048 0.9997467 0.02157414 0.007736477 0.9718151 -0.2356173 0.007736477 0.9718151 -0.2356173 0.007736477 0.9718151 -0.2356173 -0.009377005 0.9611104 -0.2760052 -0.009377005 0.9611104 -0.2760052 -0.009377005 0.9611104 -0.2760052 -0.005769727 0.998576 -0.05303446 -0.005769727 0.998576 -0.05303446 -0.005769727 0.998576 -0.05303446 0.007880342 0.9968633 -0.07874944 0.007880342 0.9968633 -0.07874944 0.007880342 0.9968633 -0.07874944 0.008004613 0.9459235 -0.3242909 0.008004613 0.9459235 -0.3242909 0.008004613 0.9459235 -0.3242909 -0.006992766 0.9894156 -0.1449406 -0.006992766 0.9894156 -0.1449406 -0.006992766 0.9894156 -0.1449406 -0.009395679 0.9286014 -0.3709599 -0.009395679 0.9286014 -0.3709599 -0.009395679 0.9286014 -0.3709599 0.008870899 0.9839409 -0.1782739 0.008870899 0.9839409 -0.1782739 0.008870899 0.9839409 -0.1782739 0.007784393 0.9119778 -0.4101658 0.007784393 0.9119778 -0.4101658 0.007784393 0.9119778 -0.4101658 -0.007736477 0.9718151 -0.2356173 -0.007736477 0.9718151 -0.2356173 -0.007736477 0.9718151 -0.2356173 -0.008948833 0.8867462 -0.4621701 -0.008948833 0.8867462 -0.4621701 -0.008948833 0.8867462 -0.4621701 0.007089608 0.8702368 -0.4925827 0.007089608 0.8702368 -0.4925827 0.007089608 0.8702368 -0.4925827 0.009377005 0.9611104 -0.2760052 0.009377005 0.9611104 -0.2760052 0.009377005 0.9611104 -0.2760052 -0.008004613 0.9459235 -0.3242909 -0.008004613 0.9459235 -0.3242909 -0.008004613 0.9459235 -0.3242909 0.00591015 0.8210876 -0.5707716 0.00591015 0.8210876 -0.5707716 0.00591015 0.8210876 -0.5707716 -0.008005722 0.8359569 -0.5487366 -0.008005722 0.8359569 -0.5487366 -0.008005722 0.8359569 -0.5487366 0.009395679 0.9286014 -0.3709599 0.009395679 0.9286014 -0.3709599 0.009395679 0.9286014 -0.3709599 -0.007784393 0.9119778 -0.4101658 -0.007784393 0.9119778 -0.4101658 -0.007784393 0.9119778 -0.4101658 0.00425612 0.7649197 -0.6441116 0.00425612 0.7649197 -0.6441116 0.00425612 0.7649197 -0.6441116 -0.006591444 0.7767514 -0.6297729 -0.006591444 0.7767514 -0.6297729 -0.006591444 0.7767514 -0.6297729 0.008948833 0.8867462 -0.4621701 0.008948833 0.8867462 -0.4621701 0.008948833 0.8867462 -0.4621701 -0.007089608 0.8702368 -0.4925827 -0.007089608 0.8702368 -0.4925827 -0.007089608 0.8702368 -0.4925827 0.002116034 0.7022383 -0.7119388 0.002116034 0.7022383 -0.7119388 0.002116034 0.7022383 -0.7119388 -0.00468603 0.7097179 -0.7044704 -0.00468603 0.7097179 -0.7044704 -0.00468603 0.7097179 -0.7044704 0.008005722 0.8359569 -0.5487366 0.008005722 0.8359569 -0.5487366 0.008005722 0.8359569 -0.5487366 -0.00591015 0.8210876 -0.5707716 -0.00591015 0.8210876 -0.5707716 -0.00591015 0.8210876 -0.5707716 -0.0005115392 0.6335582 -0.7736949 -0.0005115392 0.6335582 -0.7736949 -0.0005115392 0.6335582 -0.7736949 -0.002308732 0.635531 -0.7720719 -0.002308732 0.635531 -0.7720719 -0.002308732 0.635531 -0.7720719 0.006591444 0.7767514 -0.6297729 0.006591444 0.7767514 -0.6297729 0.006591444 0.7767514 -0.6297729 -0.00425612 0.7649197 -0.6441116 -0.00425612 0.7649197 -0.6441116 -0.00425612 0.7649197 -0.6441116 0.0003001408 0.5592306 -0.8290121 9.372371e-05 0.5589797 -0.8291814 0.000484905 0.5594551 -0.8288605 0.00468603 0.7097179 -0.7044704 0.00468603 0.7097179 -0.7044704 0.00468603 0.7097179 -0.7044704 -0.002116034 0.7022383 -0.7119388 -0.002116034 0.7022383 -0.7119388 -0.002116034 0.7022383 -0.7119388 0.002308732 0.635531 -0.7720719 0.002308732 0.635531 -0.7720719 0.002308732 0.635531 -0.7720719 0.0005115392 0.6335582 -0.7736949 0.0005115392 0.6335582 -0.7736949 0.0005115392 0.6335582 -0.7736949 -0.0003001408 0.5592306 -0.8290121 -0.000484905 0.5594551 -0.8288605 -9.372371e-05 0.5589797 -0.8291814 0 0.4806044 -0.8769375 0 0.4806044 -0.8769375 0 0.4806044 -0.8769375 0 0.4806044 -0.8769375 0 0.3976272 -0.917547 0 0.3976272 -0.917547 0 0.3976272 -0.917547 0 0.3976272 -0.917547 0 0.3112823 -0.9503175 0 0.3112823 -0.9503175 0 0.3112823 -0.9503175 0 0.3112823 -0.9503175 0 0.2222597 -0.9749875 0 0.2222597 -0.9749875 0 0.2222597 -0.9749875 0 0.2222597 -0.9749875 0 0.1313593 -0.9913348 0 0.1313593 -0.9913348 0 0.1313593 -0.9913348 0 0.1313593 -0.9913348 0 0.03932187 -0.9992266 0 0.03932187 -0.9992266 0 0.03932187 -0.9992266 0 0.03932187 -0.9992266 0 -0.05303534 -0.9985926 0 -0.05303534 -0.9985926 0 -0.05303534 -0.9985926 0 -0.05303534 -0.9985926 0 -0.1449442 -0.9894398 0 -0.1449442 -0.9894398 0 -0.1449442 -0.9894398 0 -0.1449442 -0.9894398 0 -0.2356243 -0.9718442 0 -0.2356243 -0.9718442 0 -0.2356243 -0.9718442 0 -0.2356243 -0.9718442 0 -0.3243013 -0.9459538 0 -0.3243013 -0.9459538 0 -0.3243013 -0.9459538 0 -0.3243013 -0.9459538 0 -0.4101782 -0.9120054 0 -0.4101782 -0.9120054 0 -0.4101782 -0.9120054 0 -0.4101782 -0.9120054 0 -0.4925951 -0.8702586 0 -0.4925951 -0.8702586 0 -0.4925951 -0.8702586 0 -0.4925951 -0.8702586 0 -0.5707816 -0.8211019 0 -0.5707816 -0.8211019 0 -0.5707816 -0.8211019 0 -0.5707816 -0.8211019 0 -0.6441174 -0.7649267 0 -0.6441174 -0.7649267 0 -0.6441174 -0.7649267 0 -0.6441174 -0.7649267 0 -0.7119404 -0.7022399 0 -0.7119404 -0.7022399 0 -0.7119404 -0.7022399 0 -0.7119404 -0.7022399 0 -0.773695 -0.6335583 0 -0.773695 -0.6335583 0 -0.773695 -0.6335583 0 -0.773695 -0.6335583 0 -0.8288606 -0.5594552 0 -0.8288606 -0.5594552 0 -0.8288606 -0.5594552 0 -0.8288606 -0.5594552 0 -0.8769375 -0.4806044 0 -0.8769375 -0.4806044 0 -0.8769375 -0.4806044 0 -0.8769375 -0.4806044 0 -0.917547 -0.3976272 0 -0.917547 -0.3976272 0 -0.917547 -0.3976272 0 -0.917547 -0.3976272 0 -0.9503175 -0.3112823 0 -0.9503175 -0.3112823 0 -0.9503175 -0.3112823 0 -0.9503175 -0.3112823 0 -0.9749875 -0.2222597 0 -0.9749875 -0.2222597 0 -0.9749875 -0.2222597 0 -0.9749875 -0.2222597 0 -0.9913348 -0.1313593 0 -0.9913348 -0.1313593 0 -0.9913348 -0.1313593 0 -0.9913348 -0.1313593 0 -0.9992266 -0.03932187 0 -0.9992266 -0.03932187 0 -0.9992266 -0.03932187 0 -0.9992266 -0.03932187 -0.7178012 0.5059395 -0.4783164 -0.7178012 0.5059395 -0.4783164 -0.7178012 0.5059395 -0.4783164 -0.6916731 0.4466591 -0.5675245 -0.6916731 0.4466591 -0.5675245 -0.6916731 0.4466591 -0.5675245 -0.6939583 0.5727903 -0.4362718 -0.6939583 0.5727903 -0.4362718 -0.6939583 0.5727903 -0.4362718 -0.7261723 0.6664988 0.1686807 -0.7261723 0.6664988 0.1686807 -0.7261723 0.6664988 0.1686807 -0.7262747 0.6012583 -0.3331869 -0.7262747 0.6012583 -0.3331869 -0.7262747 0.6012583 -0.3331869 -0.6757634 0.6694463 -0.3085213 -0.6757634 0.6694463 -0.3085213 -0.6757634 0.6694463 -0.3085213 -0.717788 0.6112277 0.3334383 -0.717788 0.6112277 0.3334383 -0.717788 0.6112277 0.3334383 -0.6938742 0.6652821 0.2755693 -0.6938742 0.6652821 0.2755693 -0.6938742 0.6652821 0.2755693 -0.7482456 0.6420233 -0.1671368 -0.7482456 0.6420233 -0.1671368 -0.7482456 0.6420233 -0.1671368 -0.7482063 0.6634623 -0.002249055 -0.7482063 0.6634623 -0.002249055 -0.7482063 0.6634623 -0.002249055 -0.675702 0.7260699 0.1274728 -0.675702 0.7260699 0.1274728 -0.675702 0.7260699 0.1274728 -0.717368 0.5095087 0.4751675 -0.717368 0.5095087 0.4751675 -0.717368 0.5095087 0.4751675 -0.6916733 0.5766982 0.4347496 -0.6916733 0.5766982 0.4347496 -0.6916733 0.5766982 0.4347496 -0.7167522 0.3756248 0.5875137 -0.7167522 0.3756248 0.5875137 -0.7167522 0.3756248 0.5875137 -0.6921291 0.4436467 0.5693284 -0.6921291 0.4436467 0.5693284 -0.6921291 0.4436467 0.5693284 -0.7158724 0.2179827 0.6633327 -0.7158724 0.2179827 0.6633327 -0.7158724 0.2179827 0.6633327 -0.6928131 0.2800892 0.6644999 -0.6928131 0.2800892 0.6644999 -0.6928131 0.2800892 0.6644999 -0.7147679 0.04627527 0.6978291 -0.7147679 0.04627527 0.6978291 -0.7147679 0.04627527 0.6978291 -0.693693 0.09764704 0.7136211 -0.693693 0.09764704 0.7136211 -0.693693 0.09764704 0.7136211 -0.7134161 -0.1289765 0.6887688 -0.7134161 -0.1289765 0.6887688 -0.7134161 -0.1289765 0.6887688 -0.6947593 -0.09108493 0.7134515 -0.6947593 -0.09108493 0.7134515 -0.6947593 -0.09108493 0.7134515 -0.7118349 -0.2969244 0.6364959 -0.7118349 -0.2969244 0.6364959 -0.7118349 -0.2969244 0.6364959 -0.6960111 -0.2729387 0.6641333 -0.6960111 -0.2729387 0.6641333 -0.6960111 -0.2729387 0.6641333 -0.7099839 -0.4470188 0.544148 -0.7099839 -0.4470188 0.544148 -0.7099839 -0.4470188 0.544148 -0.697482 -0.4353187 0.5692244 -0.697482 -0.4353187 0.5692244 -0.697482 -0.4353187 0.5692244 -0.7079372 -0.5700186 0.4170177 -0.7079372 -0.5700186 0.4170177 -0.7079372 -0.5700186 0.4170177 -0.6991074 -0.5670518 0.4355469 -0.6991074 -0.5670518 0.4355469 -0.6991074 -0.5670518 0.4355469 -0.7029744 -0.7052916 0.09160093 -0.7029995 -0.7052615 0.09164029 -0.7029798 -0.7052852 0.09160934 -0.7055979 -0.6579789 0.26305 -0.7055979 -0.6579789 0.26305 -0.7055979 -0.6579789 0.26305 -0.7009763 -0.6590971 0.2724394 -0.7009763 -0.6590971 0.2724394 -0.7009763 -0.6590971 0.2724394 -0.7029579 -0.7053114 0.09157509 -0.7055668 -0.7033437 -0.08650507 -0.7055668 -0.7033437 -0.08650507 -0.7055668 -0.7033437 -0.08650507 -0.7009363 -0.7068265 -0.09531347 -0.7009363 -0.7068265 -0.09531347 -0.7009363 -0.7068265 -0.09531347 -0.707889 -0.6575869 -0.2578229 -0.707889 -0.6575869 -0.2578229 -0.707889 -0.6575869 -0.2578229 -0.7100324 -0.5710821 -0.4119699 -0.7100324 -0.5710821 -0.4119699 -0.7100324 -0.5710821 -0.4119699 -0.6991552 -0.6594272 -0.2762927 -0.6991552 -0.6594272 -0.2762927 -0.6991552 -0.6594272 -0.2762927 -0.7118179 -0.4495277 -0.5396667 -0.7118179 -0.4495277 -0.5396667 -0.7118179 -0.4495277 -0.5396667 -0.6974713 -0.5661466 -0.4393311 -0.6974713 -0.5661466 -0.4393311 -0.6974713 -0.5661466 -0.4393311 -0.713418 -0.3005001 -0.6330359 -0.713418 -0.3005001 -0.6330359 -0.713418 -0.3005001 -0.6330359 -0.6960155 -0.4334125 -0.5724649 -0.6960155 -0.4334125 -0.5724649 -0.6960155 -0.4334125 -0.5724649 -0.7147667 -0.1333577 -0.6865306 -0.7147667 -0.1333577 -0.6865306 -0.7147667 -0.1333577 -0.6865306 -0.694756 -0.2701547 -0.6665812 -0.694756 -0.2701547 -0.6665812 -0.694756 -0.2701547 -0.6665812 -0.7158814 0.041485 -0.6969884 -0.7158814 0.041485 -0.6969884 -0.7158814 0.041485 -0.6969884 -0.6936941 -0.08772087 -0.7149081 -0.6936941 -0.08772087 -0.7149081 -0.6936941 -0.08772087 -0.7149081 -0.7167419 0.2132569 -0.6639297 -0.7167419 0.2132569 -0.6639297 -0.7167419 0.2132569 -0.6639297 -0.6928159 0.101254 -0.7139704 -0.6928159 0.101254 -0.7139704 -0.6928159 0.101254 -0.7139704 -0.7173902 0.3713064 -0.5894768 -0.7173902 0.3713064 -0.5894768 -0.7173902 0.3713064 -0.5894768 -0.6921428 0.2835972 -0.66371 -0.6921428 0.2835972 -0.66371 -0.6921428 0.2835972 -0.66371 0 0.6184609 -0.7858156 0 0.6184609 -0.7858156 0 0.6184609 -0.7858156 0 0.3929242 -0.9195709 0 0.3929242 -0.9195709 0 0.3929242 -0.9195709 0 0.6184609 -0.7858156 0 0.1404132 -0.990093 0 0.1404132 -0.990093 0 0.1404132 -0.990093 0 0.3929242 -0.9195709 0 -0.1217889 -0.992556 0 -0.1217889 -0.992556 0 -0.1217889 -0.992556 0 0.1404132 -0.990093 0 -0.3756085 -0.9267784 0 -0.3756085 -0.9267784 0 -0.3756085 -0.9267784 0 -0.1217889 -0.992556 0 -0.603616 -0.7972752 0 -0.603616 -0.7972752 0 -0.603616 -0.7972752 0 -0.3756085 -0.9267784 0 -0.7900315 -0.6130662 0 -0.7900315 -0.6130662 0 -0.7900315 -0.6130662 0 -0.603616 -0.7972752 0 -0.9223147 -0.3864397 0 -0.9223147 -0.3864397 0 -0.9223147 -0.3864397 0 -0.7900315 -0.6130662 0 -0.9910303 -0.1336375 0 -0.9910303 -0.1336375 0 -0.9910303 -0.1336375 0 -0.9223147 -0.3864397 0 -0.9916763 0.1287557 0 -0.9916763 0.1287557 0 -0.9916763 0.1287557 0 -0.9910303 -0.1336375 0 -0.9241606 0.3820041 0 -0.9241606 0.3820041 0 -0.9241606 0.3820041 0 -0.9916763 0.1287557 0 -0.7930609 0.6091424 0 -0.7930609 0.6091424 0 -0.7930609 0.6091424 0 -0.9241606 0.3820041 0 -0.607476 0.7943381 0 -0.607476 0.7943381 0 -0.607476 0.7943381 0 -0.7930609 0.6091424 0 -0.380121 0.9249368 0 -0.380121 0.9249368 0 -0.380121 0.9249368 0 -0.607476 0.7943381 0 -0.1266401 0.9919487 0 -0.1266401 0.9919487 0 -0.1266401 0.9919487 0 -0.380121 0.9249368 0 -0.1266401 0.9919487 0 0.1355699 0.9907678 0 0.1355699 0.9907678 0 0.1355699 0.9907678 0 0.1355699 0.9907678 0 0.38841 0.9214866 0 0.38841 0.9214866 0 0.38841 0.9214866 0 0.38841 0.9214866 0 0.6146618 0.7887908 0 0.6146618 0.7887908 0 0.6146618 0.7887908 0 0.6146618 0.7887908 0 0.7985182 0.6019707 0 0.7985182 0.6019707 0 0.7985182 0.6019707 0 0.7985182 0.6019707 -1 0 0 -1 0 0 -1 0 0 -1 0 0 -1 0 0 -1 0 0 -1 0 0 -1 0 0 -1 0 0 -1 0 0 -1 0 0 -1 0 0 -1 0 0 -1 0 0 -1 0 0 -1 0 0 -1 0 0 -1 0 0 -1 0 0 -1 0 0 -1 0 0 -1 0 0 -1 0 0 -1 0 0 -1 0 0 0 0.9916879 -0.1286667 0 0.9916879 -0.1286667 -7.598168e-06 0.9916882 -0.1286647 1.95284e-05 0.9916878 -0.1286674 6.63302e-05 0.9916878 -0.1286674 -3.513366e-05 0.9916893 -0.128656 -4.813385e-05 0.9916893 -0.1286558 2.839577e-05 0.9916881 -0.128665 9.572377e-06 0.9916879 -0.1286667 -1 0 0 -1 0 0 -1 0 0 -1 0 0 -1 0 0 -1 0 0 -1 0 0 -1 0 0 -1 0 0 -1 0 0 -1 0 0 -1 0 0 -1 0 0 -1 0 0 -1 0 0 -1 0 0 -1 0 0 -1 0 0 -1 0 0 -1 0 0 -1 0 0 -1 0 0 -1 0 0 -1 0 0 -1 0 0 -1 0 0 -1 0 0 -1 0 0 -1 0 0 -1 0 0 -1 0 0 -1 0 0 -1 0 0 -1 0 0 -1 0 0 -1 0 0 -1 0 0 -1 0 0 -1 0 0 -1 0 0 -1 0 0 -1 0 0 -1 0 0 -1 0 0 -1 0 0 -1 0 0 -1 0 0 -1 0 0 -1 0 0 -1 0 0 -1 0 0 -1 0 0 -1 0 0 -1 0 0 -1 0 0 -1 0 0 -1 0 0 -1 0 0 -1 0 0 -1 0 0 -1 0 0 -1 0 0 -1 0 0 -1 0 0 -1 0 0 -1 0 0 -1 0 0 -1 0 0 -1 0 0 -1 0 0 -1 0 0 -1 0 0 -1 0 0 -1 0 0 -1 0 0 -1 0 0 -1 0 0 -1 0 0 -1 0 0 -1 0 0 -1 0 0 -1 0 0 -1 0 0 -1 0 0 -1 0 0 -1 0 0 -1 0 0 -1 0 0 -1 0 0 -1 0 0 -1 0 0 -1 0 0 -1 0 0 -1 0 0 -1 0 0 -1 0 0 -1 0 0 -1 0 0 -1 0 0 -1 0 0 -1 0 0 -1 0 0 -1 0 0 -1 0 0 -1 0 0 -1 0 0 -1 0 0 -1 0 0 -1 0 0 -1 0 0 -1 0 0 -1 0 0 -1 0 0 -1 0 0 -1 0 0 -1 0 0 -1 0 0 -1 0 0 -1 0 0 -1 0 0 -1 0 0 -1 0 0 -1 0 0 -1 0 0 -1 0 0 -1 0 0 -1 0 0 -1 0 0 -1 0 0 -1 0 0 -1 0 0 -1 0 0 -1 0 0 -1 0 0 -1 0 0 -1 0 0 -1 0 0 -1 0 0 -1 0 0 -1 0 0 -1 0 0 -1 0 0 -1 0 0 -1 0 0 -1 0 0 -1 0 0 -1 0 0 -1 0 0 -1 0 0 -1 0 0 -1 0 0 -1 0 0 -1 0 0 -1 0 0 -1 0 0 -1 0 0 -1 0 0 -1 0 0 -1 0 0 -1 0 0 -1 0 0 -1 0 0 -1 0 0 -1 0 0 -1 0 0 1 0 0 1 0 0 1 0 0 1 0 0 1 0 0 1 0 0 1 0 0 1 0 0 1 0 0 1 0 0 1 0 0 1 0 0 1 0 0 1 0 0 1 0 0 1 0 0 1 0 0 1 0 0 1 0 0 1 0 0 1 0 0 1 0 0 1 0 0 1 0 0 1 0 0 1 0 0 1 0 0 1 0 0 1 0 0 1 0 0 1 0 0 1 0 0 1 0 0 1 0 0 1 0 0 1 0 0 1 0 0 1 0 0 1 0 0 1 0 0 1 0 0 1 0 0 1 0 0 1 0 0 1 0 0 1 0 0 1 0 0 1 0 0 1 0 0 1 0 0 1 0 0 1 0 0 1 0 0 1 0 0 1 0 0 1 0 0 1 0 0 1 0 0 1 0 0 1 0 0 1 0 0 1 0 0 1 0 0 1 0 0 1 0 0 1 0 0 1 0 0 1 0 0 1 0 0 1 0 0 1 0 0 1 0 0 1 0 0 1 0 0 1 0 0 1 0 0 1 0 0 1 0 0 1 0 0 1 0 0 1 0 0 1 0 0 1 0 0 1 0 0 1 0 0 1 0 0 1 0 0 1 0 0 1 0 0 1 0 0 1 0 0 1 0 0 1 0 0 1 0 0 1 0 0 1 0 0 1 0 0 1 0 0 1 0 0 1 0 0 1 0 0 1 0 0 1 0 0 1 0 0 1 0 0 1 0 0 1 0 0 1 0 0 1 0 0 1 0 0 1 0 0 1 0 0 1 0 0 1 0 0 1 0 0 1 0 0 1 0 0 1 0 0 1 0 0 1 0 0 1 0 0 1 0 0 1 0 0 1 0 0 1 0 0 1 0 0 1 0 0 1 0 0 1 0 0 1 0 0 1 0 0 1 0 0 1 0 0 1 0 0 1 0 0 1 0 0 1 0 0 1 0 0 1 0 0 1 0 0 1 0 0 1 0 0 1 0 0 1 0 0 1 0 0 1 0 0 1 0 0 1 0 0 1 0 0 1 0 0 1 0 0 1 0 0 1 0 0 1 0 0 1 0 0 1 0 0 1 0 0 1 0 0 1 0 0 1 0 0 1 0 0 1 0 0 1 0 0 1 0 0 1 0 0 0 -0.1286781 -0.9916864 0 -0.1286781 -0.9916864 0 -0.1286781 -0.9916864 0 -0.1286781 -0.9916864 0 -0.4254025 -0.9050043 0 -0.4254025 -0.9050043 0 -0.4254025 -0.9050043 0 -0.4254025 -0.9050043 0 -0.5199928 -0.8541706 0 -0.5199928 -0.8541706 0 -0.5199928 -0.8541706 0 -0.5199928 -0.8541706 0 -0.6086564 -0.7934339 0 -0.6086564 -0.7934339 0 -0.6086564 -0.7934339 0 -0.6086564 -0.7934339 0 0.9833357 -0.1817989 0 0.9833357 -0.1817989 0 0.9833357 -0.1817989 0 0.9581694 -0.2862015 0 0.9581694 -0.2862015 0 0.9581694 -0.2862015 0 0.9833357 -0.1817989 0 0.9219377 -0.3873381 0 0.9219377 -0.3873381 0 0.9219377 -0.3873381 0 0.9581694 -0.2862015 0 0.8750051 -0.4841136 0 0.8750051 -0.4841136 0 0.8750051 -0.4841136 0 0.9219377 -0.3873381 0 0.8181067 -0.5750665 0 0.8181067 -0.5750665 0 0.8181067 -0.5750665 0 0.8750051 -0.4841136 0 0.7515613 -0.6596632 0 0.7515613 -0.6596632 0 0.7515613 -0.6596632 0 0.8181067 -0.5750665 0 0.676557 -0.7363902 0 0.676557 -0.7363902 0 0.676557 -0.7363902 0 0.7515613 -0.6596632 0 0.676557 -0.7363902 0 0.5936083 -0.8047541 0 0.5936083 -0.8047541 0 0.5936083 -0.8047541 0 0.5936083 -0.8047541 0 0.5038931 -0.863766 0 0.5038931 -0.863766 0 0.5038931 -0.863766 0 0.5038931 -0.863766 0 0.4082565 -0.9128673 0 0.4082565 -0.9128673 0 0.4082565 -0.9128673 0 0.4082565 -0.9128673 0 0.3079874 -0.9513904 0 0.3079874 -0.9513904 0 0.3079874 -0.9513904 0 0.3079874 -0.9513904 0 0.2041204 -0.9789458 0 0.2041204 -0.9789458 0 0.2041204 -0.9789458 0 0.2041204 -0.9789458 0 0.09787523 -0.9951987 0 0.09787523 -0.9951987 0 0.09787523 -0.9951987 0 0.09787523 -0.9951987 0 -0.009308501 -0.9999567 0 -0.009308501 -0.9999567 0 -0.009308501 -0.9999567 0 -0.009308501 -0.9999567 0 -0.1167227 -0.9931645 0 -0.1167227 -0.9931645 0 -0.1167227 -0.9931645 0 -0.1167227 -0.9931645 0 -0.2225191 -0.9749283 0 -0.2225191 -0.9749283 0 -0.2225191 -0.9749283 0 -0.2225191 -0.9749283 0 -0.3258346 -0.9454268 0 -0.3258346 -0.9454268 0 -0.3258346 -0.9454268 0 -0.3258346 -0.9454268 0 0.9916874 -0.1286703 0 0.9916874 -0.1286703 0 0.9916874 -0.1286703 0 0.9916874 -0.1286703 0 0.184153 0.9828976 0 0.184153 0.9828976 0 0.184153 0.9828976 0 0.2929056 0.9561414 0 0.2929056 0.9561414 0 0.2929056 0.9561414 0 0.184153 0.9828976 0 0.2929056 0.9561414 0 0.498476 0.8669035 0 0.498476 0.8669035 0 0.498476 0.8669035 0 0.3981662 0.9173133 0 0.3981662 0.9173133 0 0.3981662 0.9173133 0 0.3981662 0.9173133 0 0.5922886 0.8057259 0 0.5922886 0.8057259 0 0.5922886 0.8057259 0 0.498476 0.8669035 0 0.5922886 0.8057259 0 0.7568149 0.6536292 0 0.7568149 0.6536292 0 0.7568149 0.6536292 0 0.6787689 0.734352 0 0.6787689 0.734352 0 0.6787689 0.734352 0 0.6787689 0.734352 0 0.8251601 0.564899 0 0.8251601 0.564899 0 0.8251601 0.564899 0 0.7568149 0.6536292 0 0.8251601 0.564899 0 0.88325 0.4689024 0 0.88325 0.4689024 0 0.88325 0.4689024 0 0.88325 0.4689024 0 0.9654623 0.260543 0 0.9654623 0.260543 0 0.9654623 0.260543 0 0.9301817 0.3670994 0 0.9301817 0.3670994 0 0.9301817 0.3670994 0 0.9301817 0.3670994 0 0.9654623 0.260543 0 0.9885339 0.1509993 0 0.9885339 0.1509993 0 0.9885339 0.1509993 0 0.9885339 0.1509993 0 0.997334 -0.07297122 0 0.997334 -0.07297122 0 0.997334 -0.07297122 0 0.9992301 0.0392328 0 0.9992301 0.0392328 0 0.9992301 0.0392328 0 0.9992301 0.0392328 0 0.997334 -0.07297122 0 0.1286749 0.9916868 0 0.1286749 0.9916868 0 0.1286749 0.9916868 0 0.1286749 0.9916868 0 -0.9685417 0.2488515 0 -0.9685314 0.2488915 0 -0.9685314 0.2488915 0 -0.9685417 0.2488515 0 -0.936327 0.3511293 0 -0.936327 0.3511293 0 -0.936327 0.3511293 0 -0.936327 0.3511293 0 -0.8932865 0.4494877 0 -0.8932865 0.4494877 0 -0.8932865 0.4494877 0 -0.8932865 0.4494877 0 -0.8400597 0.5424939 0 -0.8400597 0.5424939 0 -0.8400597 0.5424939 0 -0.8400597 0.5424939 0 -0.7771402 0.6293275 0 -0.7771402 0.6293275 0 -0.7771402 0.6293275 0 -0.7771402 0.6293275 0 -0.7053169 0.7088921 0 -0.7053169 0.7088921 0 -0.7053169 0.7088921 0 -0.7053169 0.7088921 0 -0.6253576 0.7803383 0 -0.6253576 0.7803383 0 -0.6253576 0.7803383 0 -0.6253576 0.7803383 0 -0.5382029 0.8428153 0 -0.5382029 0.8428153 0 -0.5382029 0.8428153 0 -0.5382029 0.8428153 0 -0.4448486 0.8956058 0 -0.4448486 0.8956058 0 -0.4448486 0.8956058 0 -0.4448486 0.8956058 0 -0.3463322 0.938112 0 -0.3463322 0.938112 0 -0.3463322 0.938112 0 -0.3463322 0.938112 0 -0.2439993 0.9697754 0 -0.2439993 0.9697754 0 -0.2439993 0.9697754 0 -0.2439993 0.9697754 0 -0.138657 0.9903405 0 -0.138657 0.9903405 0 -0.138657 0.9903405 0 -0.138657 0.9903405 0 0.07523417 0.9971659 0 0.07523417 0.9971659 0 0.07523417 0.9971659 0 -0.03185943 0.9994924 0 -0.03185943 0.9994924 0 -0.03185943 0.9994924 0 -0.03185943 0.9994924 0 0.07523417 0.9971659 0 -0.9685211 0.2489316 0 -0.9363159 0.3511589 0 -0.9363159 0.3511589 0 -0.9363159 0.3511589 0 -0.9685211 0.2489316 0 -0.8932675 0.4495255 0 -0.8932675 0.4495255 0 -0.8932675 0.4495255 0 -0.9363159 0.3511589 0 -0.8401169 0.5424054 0 -0.8401169 0.5424054 0 -0.8401169 0.5424054 0 -0.8932675 0.4495255 0 -0.7771504 0.629315 0 -0.7771504 0.629315 0 -0.7771504 0.629315 0 -0.8401169 0.5424054 0 -0.7052903 0.7089186 0 -0.7052903 0.7089186 0 -0.7052903 0.7089186 0 -0.7771504 0.629315 0 -0.6252946 0.7803888 0 -0.6252946 0.7803888 0 -0.6252946 0.7803888 0 -0.7052903 0.7089186 0 -0.5381723 0.8428348 0 -0.5381723 0.8428348 0 -0.5381723 0.8428348 0 -0.6252946 0.7803888 0 -0.4448621 0.8955991 0 -0.4448621 0.8955991 0 -0.4448621 0.8955991 0 -0.5381723 0.8428348 0 -0.3464159 0.938081 0 -0.3464159 0.938081 0 -0.3464159 0.938081 0 -0.4448621 0.8955991 0 -0.243966 0.9697838 0 -0.243966 0.9697838 0 -0.243966 0.9697838 0 -0.3464159 0.938081 0 -0.243966 0.9697838 0 -0.1386969 0.9903349 0 -0.1386969 0.9903349 0 -0.1386969 0.9903349 0 -0.03188702 0.9994915 0 -0.03188702 0.9994915 0 -0.03188702 0.9994915 0 -0.1386969 0.9903349 0 0.07532292 0.9971592 0 0.07532292 0.9971592 0 0.07532292 0.9971592 0 -0.03188702 0.9994915 0 0.07532292 0.9971592 0 0.1286779 0.9916864 0 0.1286779 0.9916864 0 0.1286779 0.9916864 0 0.1286779 0.9916864 0 0.4886778 -0.8724643 0 0.4886778 -0.8724643 0 0.4886778 -0.8724643 0 0.4886778 -0.8724643 0 0.251988 -0.9677303 0 0.251988 -0.9677303 0 0.251988 -0.9677303 0 0.251988 -0.9677303 0 -0.001114899 -0.9999994 0 -0.001114899 -0.9999994 0 -0.001114899 -0.9999994 0 -0.001114899 -0.9999994 0 0.2541436 0.9671665 0 0.2541436 0.9671665 0 0.2541436 0.9671665 0 0.4906236 0.8713716 0 0.4906236 0.8713716 0 0.4906236 0.8713716 0 0.2541436 0.9671665 0 0.6951639 0.7188513 0 0.6951639 0.7188513 0 0.6951639 0.7188513 0 0.4906236 0.8713716 0 0.6951639 0.7188513 0 -0.2236498 -0.9746696 0 -0.2236498 -0.9746696 0 -0.2236498 -0.9746696 0 -0.4064577 -0.9136696 0 -0.4064577 -0.9136696 0 -0.4064577 -0.9136696 0 -0.2236498 -0.9746696 0 -0.5742351 -0.8186905 0 -0.5742351 -0.8186905 0 -0.5742351 -0.8186905 0 -0.4064577 -0.9136696 0 -0.5742351 -0.8186905 -1 0 0 -1 0 0 -1 0 0 -1 0 0 -1 0 0 -1 0 0 -1 0 0 -1 0 0 -1 0 0 -1 0 0 -1 0 0 -1 0 0 -1 0 0 -1 0 0 -1 0 0 -1 0 0 -1 0 0 -1 0 0 -1 0 0 -1 0 0 -1 0 0 -1 0 0 -1 0 0 -1 0 0 -1 0 0 -1 0 0 -1 0 0 -1 0 0 -1 0 0 -1 0 0 -1 0 0 -1 0 0 -1 0 0 -1 0 0 -1 0 0 -1 0 0 -1 0 0 -1 0 0 -1 0 0 -1 0 0 -1 0 0 -1 0 0 -1 0 0 -1 0 0 -1 0 0 -1 0 0 -1 0 0 -1 0 0 -1 0 0 -1 0 0 -1 0 0 -1 0 0 -1 0 0 -1 0 0 1 0 0 1 0 0 1 0 0 1 0 0 1 0 0 1 0 0 1 0 0 1 0 0 1 0 0 1 0 0 1 0 0 1 0 0 1 0 0 1 0 0 1 0 0 1 0 0 1 0 0 1 0 0 1 0 0 1 0 0 1 0 0 1 0 0 1 0 0 1 0 0 1 0 0 1 0 0 1 0 0 1 0 0 1 0 0 1 0 0 1 0 0 1 0 0 1 0 0 1 0 0 1 0 0 1 0 0 1 0 0 1 0 0 1 0 0 1 0 0 1 0 0 1 0 0 1 0 0 1 0 0 1 0 0 1 0 0 1 0 0 1 0 0 1 0 0 1 0 0 1 0 0 1 0 0 1 0 0 1 0 0 1 0 0 1 0 0 1 0 0 1 0 0 1 0 0 1 0 0 1 0 0 1 0 0 1 0 0 1 0 0 1 0 0 1 0 0 1 0 0 1 0 0 1 0 0 1 0 0 1 0 0 1 0 0 1 0 0 1 0 0 1 0 0 1 0 0 1 0 0 1 0 0 1 0 0 1 0 0 1 0 0 1 0 0 1 0 0 1 0 0 1 0 0 1 0 0 1 0 0 1 0 0 1 0 0 1 0 0 1 0 0 1 0 0 1 0 0 1 0 0 1 0 0 1 0 0 1 0 0 1 0 0 1 0 0 1 0 0 1 0 0 1 0 0 1 0 0 1 0 0 1 0 0 1 0 0 1 0 0 1 0 0 1 0 0 1 0 0 1 0 0 1 0 0 1 0 0 1 0 0 1 0 0 1 0 0 1 0 0 1 0 0 1 0 0 1 0 0 1 0 0 1 0 0 -1 0 0 -1 0 0 -1 0 0 -1 0 0 -1 0 0 -1 0 0 -1 0 0 -1 0 0 -1 0 0 -1 0 0 -1 0 0 -1 0 0 -1 0 0 -1 0 0 -1 0 0 -1 0 0 -1 0 0 -1 0 0 -1 0 0 -1 0 0 -1 0 0 -1 0 0 -1 0 0 -1 0 0 -1 0 0 -1 0 0 -1 0 0 -1 0 0 -1 0 0 -1 0 0 -1 0 0 -1 0 0 -1 0 0 -1 0 0 -1 0 0 -1 0 0 -1 0 0 -1 0 0 -1 0 0 -1 0 0 -1 0 0 -1 0 0 -1 0 0 -1 0 0 -1 0 0 -1 0 0 -1 0 0 -1 0 0 -1 0 0 -1 0 0 -1 0 0 -1 0 0 -1 0 0 -1 0 0 -1 0 0 -1 0 0 -1 0 0 -1 0 0 -1 0 0 -1 0 0 -1 0 0 -1 0 0 -1 0 0 -1 0 0 -1 0 0 -1 0 0 -1 0 0 -1 0 0 1 0 0 1 0 0 1 0 0 1 0 0 1 0 0 1 0 0 1 0 0 1 0 0 1 0 0 1 0 0 1 0 0 1 0 0 1 0 0 1 0 0 1 0 0 1 0 0 1 0 0 1 0 0 1 0 0 1 0 0 1 0 0 1 0 0 1 0 0 1 0 0 1 0 0 -2.506965e-05 0.9916893 -0.128656 -1.95284e-05 0.9916878 -0.1286674 7.639419e-05 0.9916878 -0.1286674 2.368382e-05 0.9916881 -0.128665 -5.284579e-05 0.9916893 -0.1286558 8.014788e-06 0.9916879 -0.1286667 -9.155757e-06 0.9916882 -0.1286647 0 0.9916879 -0.1286667 0 0.9916879 -0.1286667</float_array>
          <technique_common>
            <accessor count="2218" source="#normals-array-array" stride="3">
              <param type="float" name="X"/>
              <param type="float" name="Y"/>
              <param type="float" name="Z"/>
            </accessor>
          </technique_common>
        </source>
        <vertices id="verts-array-vertices">
          <input semantic="POSITION" source="#verts-array"/>
        </vertices>
        <triangles count="1340" material="material0">
          <input offset="0" semantic="VERTEX" source="#verts-array-vertices"/>
          <input offset="1" semantic="NORMAL" source="#normals-array"/>
          <p>0 0 1 1 2 2 3 3 4 4 5 5 6 6 0 0 2 2 7 7 8 8 9 9 10 10 3 3 5 5 11 11 12 12 13 13 14 14 7 7 9 9 15 15 16 16 17 17 18 18 11 11 13 13 19 19 20 20 21 21 22 22 15 15 17 17 23 23 24 24 25 25 26 26 19 19 21 21 27 27 28 28 29 29 30 30 23 23 25 25 31 31 32 32 33 33 34 34 27 27 29 29 35 35 36 36 37 37 38 38 31 31 33 33 39 39 40 40 41 41 42 42 35 35 37 37 43 43 44 44 45 45 46 46 39 39 41 41 47 47 48 48 49 49 50 50 43 43 45 45 51 51 52 52 53 53 54 54 47 47 49 49 55 55 51 51 53 53 56 56 57 57 58 58 56 56 58 58 59 59 60 60 61 61 62 62 60 60 62 62 63 63 64 64 65 65 66 66 64 64 66 66 67 67 68 68 69 69 70 70 68 68 70 70 71 71 72 72 73 73 74 74 72 72 74 74 75 75 76 76 77 77 78 78 79 79 80 80 81 81 82 82 83 83 84 84 85 85 86 86 87 87 88 88 89 89 90 90 91 91 92 92 93 93 94 94 95 95 96 96 97 97 98 98 99 99 100 100 101 101 102 102 103 103 104 104 105 105 106 106 107 107 108 108 109 109 110 110 111 111 112 112 113 113 114 114 115 115 116 116 117 117 118 118 119 119 120 120 121 121 122 122 123 123 124 124 125 125 126 126 127 127 128 128 129 129 130 130 131 131 132 132 133 133 134 134 135 135 136 136 137 137 138 138 139 139 140 140 141 141 142 142 143 143 144 144 145 145 146 146 147 147 148 148 149 149 150 150 151 151 152 152 153 153 154 154 155 155 156 156 157 157 158 158 159 159 160 160 161 161 162 162 163 163 164 164 165 165 166 166 157 157 159 159 167 167 168 168 169 169 170 170 171 171 172 172 173 173 174 174 175 175 176 176 177 177 178 178 179 179 180 180 181 181 182 182 183 183 184 184 185 185 186 186 187 187 188 188 189 189 190 190 191 191 192 192 193 193 194 194 195 195 196 196 197 197 198 198 199 199 200 200 201 201 202 202 203 203 204 204 205 205 206 206 207 207 208 208 209 209 210 210 211 211 212 212 213 213 214 214 215 215 216 216 217 217 218 218 219 219 220 220 218 218 221 221 219 219 222 222 223 223 224 224 222 222 225 225 223 223 226 226 227 227 228 228 226 226 229 229 227 227 230 230 231 231 232 232 233 233 234 234 235 235 230 230 236 236 231 231 237 237 238 238 239 239 240 240 233 233 235 235 241 241 242 242 243 243 244 244 237 237 239 239 245 245 241 241 243 243 246 246 247 247 248 248 246 246 249 249 247 247 250 250 251 251 252 252 253 253 254 254 255 255 250 250 256 256 251 251 257 257 253 253 255 255 258 258 259 259 260 260 261 261 262 262 263 263 258 258 264 264 259 259 265 265 261 261 263 263 266 266 267 267 268 268 266 266 269 269 267 267 270 270 271 271 272 272 270 270 273 273 271 271 274 274 275 275 276 276 277 277 278 278 279 279 274 274 280 280 275 275 281 281 282 282 283 283 284 284 277 277 279 279 285 285 286 286 287 287 288 288 281 281 283 283 289 289 285 285 287 287 290 290 291 291 292 292 290 290 293 293 291 291 294 294 295 295 296 296 297 297 298 298 299 299 294 294 300 300 295 295 301 301 297 297 299 299 302 302 303 303 304 304 305 305 306 306 307 307 302 302 308 308 303 303 309 309 305 305 307 307 310 310 311 311 312 312 313 313 310 310 312 312 314 314 315 315 316 316 314 314 316 316 317 317 318 318 319 319 320 320 321 321 318 318 320 320 322 322 323 323 324 324 322 322 324 324 325 325 326 326 327 327 328 328 329 329 326 326 328 328 330 330 331 331 332 332 333 333 330 330 332 332 334 334 335 335 336 336 337 337 338 338 339 339 334 334 340 340 335 335 341 341 342 342 343 343 344 344 337 337 339 339 345 345 341 341 343 343 346 346 347 347 348 348 349 349 350 350 351 351 346 346 352 352 347 347 353 353 354 354 355 355 356 356 349 349 351 351 357 357 353 353 355 355 358 358 359 359 360 360 358 358 361 361 359 359 362 362 363 363 364 364 365 365 366 366 367 367 362 362 368 368 363 363 369 369 370 370 371 371 372 372 365 365 367 367 373 373 369 369 371 371 374 374 375 375 376 376 377 377 378 378 379 379 374 374 380 380 375 375 381 381 382 382 383 383 384 384 377 377 379 379 385 385 386 386 387 387 388 388 381 381 383 383 389 389 385 385 387 387 390 390 391 391 392 392 393 393 394 394 395 395 390 390 396 396 391 391 397 397 398 398 399 399 400 400 393 393 395 395 401 401 402 402 403 403 404 404 397 397 399 399 405 405 401 401 403 403 406 406 407 407 408 408 409 409 406 406 408 408 410 410 411 411 412 412 410 410 412 412 413 413 414 414 415 415 416 416 417 417 414 414 416 416 418 418 419 419 420 420 421 421 418 418 420 420 422 422 423 423 424 424 425 425 422 422 424 424 426 426 427 427 428 428 426 426 428 428 429 429 430 430 431 431 432 432 433 433 430 430 432 432 434 434 435 435 436 436 437 437 438 438 439 439 440 440 434 434 436 436 441 441 442 442 443 443 444 444 437 437 439 439 445 445 446 446 447 447 448 448 441 441 443 443 449 449 450 450 451 451 452 452 445 445 447 447 453 453 454 454 455 455 456 456 449 449 451 451 457 457 458 458 459 459 460 460 453 453 455 455 461 461 462 462 463 463 464 464 457 457 459 459 465 465 466 466 467 467 468 468 461 461 463 463 469 469 470 470 471 471 472 472 465 465 467 467 473 473 474 474 475 475 476 476 469 469 471 471 477 477 478 478 479 479 480 480 473 473 475 475 481 481 482 482 483 483 484 484 477 477 479 479 485 485 486 486 487 487 488 488 481 481 483 483 489 489 490 490 491 491 492 492 485 485 487 487 493 493 494 494 495 495 496 496 489 489 491 491 497 497 498 498 499 499 500 500 493 493 495 495 501 501 502 502 503 503 504 504 497 497 499 499 505 505 506 506 507 507 508 508 501 501 503 503 509 509 510 510 511 511 512 512 505 505 507 507 513 513 514 514 515 515 516 516 509 509 511 511 517 517 518 518 519 519 520 520 513 513 515 515 521 521 517 517 519 519 522 522 523 523 524 524 525 525 522 522 524 524 526 526 527 527 528 528 529 529 526 526 528 528 530 530 531 531 532 532 533 533 530 530 532 532 534 534 535 535 536 536 537 537 534 534 536 536 538 538 539 539 540 540 541 541 538 538 540 540 542 542 543 543 544 544 545 545 542 542 544 544 546 546 547 547 548 548 549 549 550 550 551 551 552 552 546 546 548 548 553 553 554 554 555 555 556 556 549 549 551 551 557 557 558 558 559 559 560 560 553 553 555 555 561 561 562 562 563 563 564 564 557 557 559 559 565 565 566 566 567 567 568 568 561 561 563 563 569 569 570 570 571 571 572 572 565 565 567 567 573 573 574 574 575 575 576 576 569 569 571 571 577 577 578 578 579 579 580 580 573 573 575 575 581 581 582 582 583 583 584 584 577 577 579 579 585 585 586 586 587 587 588 588 581 581 583 583 589 589 590 590 591 591 592 592 585 585 587 587 593 593 594 594 595 595 596 596 589 589 591 591 597 597 598 598 599 599 600 600 593 593 595 595 601 601 602 602 603 603 604 604 597 597 599 599 605 605 606 606 607 607 608 608 601 601 603 603 609 609 610 610 611 611 612 612 605 605 607 607 613 613 614 614 615 615 616 616 609 609 611 611 617 617 618 618 619 619 620 620 613 613 615 615 621 621 617 617 619 619 622 622 623 623 624 624 625 625 622 622 624 624 626 626 627 627 628 628 629 629 626 626 628 628 630 630 631 631 632 632 633 633 630 630 632 632 634 634 635 635 636 636 637 637 634 634 636 636 638 638 639 639 640 640 641 641 638 638 640 640 642 642 643 643 644 644 645 645 642 642 644 644 646 646 647 647 648 648 649 649 646 646 648 648 650 650 651 651 652 652 650 650 653 653 651 651 654 654 655 655 656 656 654 654 657 657 655 655 658 658 659 659 660 660 658 658 661 661 659 659 662 662 663 663 664 664 662 662 665 665 663 663 666 666 667 667 668 668 666 666 669 669 667 667 670 670 671 671 672 672 670 670 673 673 671 671 674 674 675 675 676 676 674 674 677 677 675 675 678 678 679 679 680 680 678 678 680 680 681 681 682 682 683 683 684 684 682 682 685 685 683 683 686 686 687 687 688 688 686 686 689 689 687 687 690 690 691 691 692 692 690 690 692 692 693 693 694 694 695 695 696 696 694 694 697 697 695 695 698 698 699 699 700 700 698 698 701 701 699 699 702 702 703 703 704 704 702 702 705 705 703 703 706 706 707 707 708 708 706 706 709 709 707 707 710 710 711 711 712 712 710 710 713 713 711 711 714 714 715 715 716 716 714 714 717 717 715 715 718 718 719 719 720 720 718 718 721 721 719 719 722 722 723 723 724 724 722 722 725 725 723 723 726 726 727 727 728 728 726 726 729 729 727 727 730 730 731 731 732 732 730 730 733 733 731 731 734 734 735 735 736 736 734 734 737 737 735 735 738 738 739 739 740 740 738 738 741 741 739 739 742 742 743 743 744 744 742 742 745 745 743 743 746 746 747 747 748 748 749 749 750 750 751 751 749 749 752 752 750 750 753 753 754 754 755 755 756 756 757 757 758 758 759 759 760 760 761 761 762 762 763 763 764 764 759 759 765 765 760 760 766 766 767 767 768 768 769 769 770 770 771 771 772 772 762 762 764 764 773 773 774 774 775 775 776 776 777 777 778 778 779 779 780 780 781 781 782 782 783 783 784 784 785 785 786 786 787 787 788 788 789 789 790 790 791 791 792 792 793 793 794 794 795 795 796 796 797 797 798 798 799 799 800 800 801 801 802 802 803 803 804 804 805 805 806 806 807 807 808 808 809 809 810 810 811 811 812 812 813 813 814 814 815 815 816 816 817 817 818 818 819 819 820 820 821 821 822 822 823 823 824 824 825 825 826 826 827 827 828 828 829 829 830 830 831 831 832 832 833 833 834 834 835 835 836 836 837 837 838 838 839 839 840 840 841 841 842 842 843 843 844 844 845 845 846 846 847 847 848 848 849 849 850 850 851 851 852 852 853 853 854 854 855 855 856 856 857 857 858 858 859 859 860 860 861 861 862 862 863 863 864 864 865 865 866 866 867 867 868 868 869 869 870 870 871 871 872 872 873 873 874 874 875 875 876 876 877 877 878 878 879 879 880 880 881 881 882 882 883 883 884 884 885 885 886 886 887 887 888 888 889 889 890 890 891 891 892 892 893 893 894 894 895 895 896 896 897 897 898 898 899 899 900 900 901 901 902 902 903 903 904 904 905 905 906 906 907 907 908 908 909 909 910 910 911 911 912 912 913 913 914 914 915 915 916 916 917 917 918 918 919 919 920 920 921 921 922 922 923 923 924 924 925 925 926 926 927 927 928 928 929 929 930 930 931 931 932 932 933 933 934 934 935 935 936 936 937 937 938 938 939 939 940 940 941 941 942 942 943 943 944 944 945 945 946 946 947 947 948 948 949 949 950 950 951 951 952 952 953 953 954 954 955 955 956 956 957 957 958 958 959 959 960 960 961 961 962 962 963 963 964 964 965 965 951 951 950 950 965 965 966 966 967 967 965 965 967 967 951 951 968 968 969 969 970 970 968 968 970 970 971 971 972 972 973 973 974 974 972 972 974 974 975 975 976 976 977 977 978 978 976 976 978 978 979 979 980 980 981 981 982 982 980 980 982 982 983 983 984 984 985 985 986 986 984 984 986 986 987 987 988 988 989 989 990 990 988 988 990 990 991 991 992 992 993 993 994 994 992 992 994 994 995 995 996 996 997 997 998 998 996 996 998 998 999 999 1000 1000 1001 1001 1002 1002 1000 1000 1003 1003 1001 1001 1004 1004 1005 1005 1006 1006 1004 1004 1007 1007 1005 1005 1008 1008 1009 1009 1010 1010 1008 1008 1011 1011 1009 1009 1012 1012 1013 1013 1014 1014 1012 1012 1015 1015 1013 1013 1016 1016 1017 1017 1018 1018 1016 1016 1019 1019 1017 1017 1020 1020 1021 1021 1022 1022 1020 1020 1023 1023 1021 1021 1024 1024 1025 1025 1026 1026 1024 1024 1027 1027 1025 1025 1028 1028 1029 1029 1030 1030 1028 1028 1031 1031 1029 1029 1032 1032 1033 1033 1034 1034 1032 1032 1035 1035 1033 1033 1036 1036 1037 1037 1038 1038 1036 1036 1039 1039 1037 1037 1040 1040 1041 1041 1042 1042 1040 1040 1043 1043 1041 1041 1044 1044 1045 1045 1046 1046 1044 1044 1046 1046 1047 1047 1048 1048 1049 1049 1050 1050 1048 1048 1050 1050 1051 1051 1052 1052 1053 1053 1054 1054 1052 1052 1054 1054 1055 1055 1056 1056 1057 1057 1058 1058 1056 1056 1058 1058 1059 1059 1060 1060 1061 1061 1062 1062 1063 1063 1064 1064 1065 1065 1066 1066 1067 1067 1068 1068 1069 1069 1070 1070 1071 1071 1072 1072 1073 1073 1074 1074 1075 1075 1076 1076 1077 1077 1078 1078 1079 1079 1080 1080 1081 1081 1082 1082 1083 1083 1084 1084 1085 1085 1086 1086 1087 1087 1088 1088 1089 1089 1090 1090 1091 1091 1092 1092 1093 1093 1094 1094 1095 1095 1096 1096 1097 1097 1098 1098 1099 1099 1100 1100 1101 1101 1102 1102 1103 1103 1104 1104 1105 1105 1106 1106 1107 1107 1108 1108 1109 1109 1110 1110 1111 1111 1112 1112 1113 1113 1114 1114 1115 1115 1116 1116 1117 1117 1118 1118 1119 1119 1120 1120 1121 1121 1122 1122 1123 1123 1124 1124 1125 1125 1126 1126 1127 1127 1128 1128 1129 1129 1130 1130 1131 1131 1132 1132 1133 1133 1134 1134 1135 1135 1136 1136 1137 1137 1138 1138 1139 1139 1140 1140 1141 1141 1142 1142 1143 1143 1144 1144 1145 1145 1146 1146 1147 1147 1148 1148 1149 1149 1150 1150 1141 1141 1143 1143 1151 1151 1152 1152 1153 1153 1154 1154 1155 1155 1156 1156 1157 1157 1158 1158 1159 1159 1160 1160 1161 1161 1162 1162 1163 1163 1164 1164 1165 1165 1166 1166 1167 1167 1168 1168 1169 1169 1170 1170 1171 1171 1172 1172 1173 1173 1174 1174 1175 1175 1176 1176 1177 1177 1178 1178 1179 1179 1180 1180 1181 1181 1182 1182 1183 1183 1184 1184 1185 1185 1186 1186 1187 1187 1188 1188 1189 1189 1190 1190 1191 1191 1192 1192 1193 1193 1194 1194 1195 1195 1196 1196 1197 1197 1198 1198 1199 1199 1200 1200 1201 1201 1202 1202 1203 1203 1204 1204 1205 1205 1206 1206 1207 1207 1208 1208 1202 1202 1204 1204 1209 1209 1210 1210 1211 1211 1212 1212 1205 1205 1207 1207 1213 1213 1214 1214 1215 1215 1216 1216 1209 1209 1211 1211 1217 1217 1218 1218 1219 1219 1220 1220 1213 1213 1215 1215 1221 1221 1222 1222 1223 1223 1224 1224 1217 1217 1219 1219 1225 1225 1226 1226 1227 1227 1228 1228 1221 1221 1223 1223 1229 1229 1230 1230 1231 1231 1232 1232 1225 1225 1227 1227 1233 1233 1234 1234 1235 1235 1236 1236 1229 1229 1231 1231 1237 1237 1238 1238 1239 1239 1240 1240 1233 1233 1235 1235 1241 1241 1242 1242 1243 1243 1244 1244 1237 1237 1239 1239 1245 1245 1246 1246 1247 1247 1248 1248 1241 1241 1243 1243 1249 1249 1250 1250 1251 1251 1252 1252 1245 1245 1247 1247 1253 1253 1254 1254 1255 1255 1256 1256 1249 1249 1251 1251 1257 1257 1258 1258 1259 1259 1260 1260 1253 1253 1255 1255 1261 1261 1257 1257 1259 1259 1262 1262 1263 1263 1264 1264 1265 1265 1262 1262 1264 1264 1266 1266 1267 1267 1268 1268 1269 1269 1266 1266 1268 1268 1270 1270 1271 1271 1272 1272 1273 1273 1270 1270 1272 1272 1274 1274 1275 1275 1276 1276 1274 1274 1277 1277 1275 1275 1278 1278 1279 1279 1280 1280 1281 1281 1282 1282 1283 1283 1284 1284 1285 1285 1286 1286 1285 1285 1287 1287 1288 1288 1287 1287 1289 1289 1288 1288 1289 1289 1290 1290 1288 1288 1290 1290 1278 1278 1288 1288 1280 1280 1291 1291 1288 1288 1291 1291 1281 1281 1288 1288 1283 1283 1292 1292 1288 1288 1292 1292 1293 1293 1288 1288 1293 1293 1294 1294 1288 1288 1278 1278 1280 1280 1288 1288 1281 1281 1283 1283 1288 1288 1286 1286 1285 1285 1288 1288 1295 1295 1296 1296 1297 1297 1296 1296 1286 1286 1297 1297 1286 1286 1288 1288 1297 1297 1288 1288 1298 1298 1299 1299 1300 1300 1297 1297 1301 1301 1297 1297 1288 1288 1301 1301 1288 1288 1299 1299 1302 1302 1301 1301 1288 1288 1302 1302 1303 1303 1304 1304 1305 1305 1306 1306 1307 1307 1308 1308 1307 1307 1309 1309 1308 1308 1309 1309 1305 1305 1310 1310 1308 1308 1309 1309 1310 1310 1305 1305 1304 1304 1311 1311 1310 1310 1305 1305 1311 1311 1312 1312 1313 1313 1314 1314 1315 1315 1316 1316 1317 1317 1315 1315 1317 1317 1318 1318 1319 1319 1320 1320 1321 1321 1319 1319 1321 1321 1322 1322 1323 1323 1314 1314 1320 1320 1323 1323 1312 1312 1314 1314 1324 1324 1320 1320 1319 1319 1325 1325 1323 1323 1320 1320 1325 1325 1320 1320 1324 1324 1326 1326 1327 1327 1316 1316 1326 1326 1316 1316 1315 1315 1328 1328 1327 1327 1326 1326 1328 1328 1329 1329 1327 1327 1330 1330 1329 1329 1328 1328 1331 1331 1332 1332 1333 1333 1334 1334 1329 1329 1330 1330 1335 1335 1336 1336 1332 1332 1335 1335 1332 1332 1331 1331 1337 1337 1329 1329 1334 1334 1338 1338 1333 1333 1339 1339 1338 1338 1331 1331 1333 1333 1340 1340 1337 1337 1341 1341 1342 1342 1343 1343 1336 1336 1342 1342 1336 1336 1335 1335 1340 1340 1329 1329 1337 1337 1344 1344 1340 1340 1341 1341 1345 1345 1339 1339 1346 1346 1345 1345 1338 1338 1339 1339 1347 1347 1340 1340 1344 1344 1348 1348 1349 1349 1343 1343 1350 1350 1347 1347 1344 1344 1348 1348 1343 1343 1342 1342 1351 1351 1346 1346 1352 1352 1351 1351 1345 1345 1346 1346 1353 1353 1347 1347 1350 1350 1354 1354 1349 1349 1348 1348 1354 1354 1355 1355 1349 1349 1356 1356 1353 1353 1350 1350 1357 1357 1351 1351 1352 1352 1358 1358 1353 1353 1356 1356 1357 1357 1352 1352 1359 1359 1360 1360 1355 1355 1354 1354 1360 1360 1361 1361 1355 1355 1362 1362 1357 1357 1359 1359 1362 1362 1363 1363 1364 1364 1362 1362 1359 1359 1363 1363 1365 1365 1361 1361 1360 1360 1365 1365 1366 1366 1361 1361 1367 1367 1362 1362 1364 1364 1367 1367 1364 1364 1368 1368 1369 1369 1366 1366 1365 1365 1370 1370 1367 1367 1368 1368 1370 1370 1368 1368 1371 1371 1372 1372 1366 1366 1369 1369 1373 1373 1370 1370 1371 1371 1373 1373 1371 1371 1374 1374 1375 1375 1366 1366 1372 1372 1376 1376 1373 1373 1374 1374 1376 1376 1374 1374 1377 1377 1378 1378 1366 1366 1375 1375 1379 1379 1376 1376 1377 1377 1380 1380 1379 1379 1377 1377 1381 1381 1379 1379 1380 1380 1382 1382 1381 1381 1380 1380 1383 1383 1381 1381 1382 1382 1384 1384 1383 1383 1382 1382 1385 1385 1383 1383 1384 1384 1386 1386 1385 1385 1384 1384 1387 1387 1385 1385 1386 1386 1388 1388 1387 1387 1386 1386 1389 1389 1387 1387 1388 1388 1390 1390 1389 1389 1388 1388 1391 1391 1392 1392 1393 1393 1391 1391 1394 1394 1392 1392 1391 1391 1395 1395 1394 1394 1391 1391 1396 1396 1395 1395 1391 1391 1397 1397 1396 1396 1391 1391 1378 1378 1397 1397 1391 1391 1366 1366 1378 1378 1398 1398 1389 1389 1390 1390 1399 1399 1391 1391 1393 1393 1400 1400 1398 1398 1390 1390 1401 1401 1391 1391 1399 1399 1402 1402 1400 1400 1390 1390 1403 1403 1404 1404 1391 1391 1403 1403 1405 1405 1404 1404 1403 1403 1391 1391 1401 1401 1406 1406 1405 1405 1403 1403 1407 1407 1402 1402 1390 1390 1408 1408 1406 1406 1403 1403 1409 1409 1408 1408 1403 1403 1410 1410 1409 1409 1403 1403 1411 1411 1410 1410 1403 1403 1412 1412 1411 1411 1403 1403 1413 1413 1412 1412 1403 1403 1414 1414 1413 1413 1403 1403 1415 1415 1414 1414 1403 1403 1416 1416 1415 1415 1403 1403 1417 1417 1416 1416 1403 1403 1417 1417 1403 1403 1418 1418 1419 1419 1417 1417 1418 1418 1420 1420 1421 1421 1422 1422 1420 1420 1423 1423 1421 1421 1420 1420 1424 1424 1423 1423 1420 1420 1425 1425 1424 1424 1426 1426 1420 1420 1422 1422 1426 1426 1422 1422 1427 1427 1428 1428 1429 1429 1430 1430 1428 1428 1427 1427 1429 1429 1428 1428 1426 1426 1427 1427 1431 1431 1428 1428 1430 1430 1431 1431 1430 1430 1432 1432 1433 1433 1434 1434 1435 1435 1433 1433 1432 1432 1434 1434 1433 1433 1431 1431 1432 1432 1436 1436 1433 1433 1435 1435 1436 1436 1435 1435 1437 1437 1438 1438 1419 1419 1418 1418 1438 1438 1425 1425 1420 1420 1438 1438 1418 1418 1425 1425 1439 1439 1419 1419 1438 1438 1440 1440 1441 1441 1442 1442 1440 1440 1443 1443 1441 1441 1440 1440 1439 1439 1443 1443 1440 1440 1419 1419 1439 1439 1444 1444 1445 1445 1436 1436 1446 1446 1445 1445 1444 1444 1447 1447 1437 1437 1448 1448 1447 1447 1436 1436 1437 1437 1447 1447 1444 1444 1436 1436 1449 1449 1445 1445 1446 1446 1449 1449 1450 1450 1445 1445 1451 1451 1448 1448 1452 1452 1451 1451 1447 1447 1448 1448 1453 1453 1450 1450 1449 1449 1453 1453 1454 1454 1450 1450 1455 1455 1440 1440 1442 1442 1456 1456 1452 1452 1407 1407 1456 1456 1451 1451 1452 1452 1457 1457 1454 1454 1453 1453 1457 1457 1458 1458 1454 1454 1459 1459 1456 1456 1407 1407 1459 1459 1407 1407 1390 1390 1460 1460 1442 1442 1461 1461 1460 1460 1455 1455 1442 1442 1462 1462 1458 1458 1457 1457 1463 1463 1459 1459 1390 1390 1463 1463 1390 1390 1317 1317 1464 1464 1465 1465 1458 1458 1464 1464 1458 1458 1462 1462 1466 1466 1460 1460 1461 1461 1467 1467 1468 1468 1469 1469 1467 1467 1470 1470 1468 1468 1471 1471 1469 1469 1468 1468 1472 1472 1470 1470 1467 1467 1472 1472 1317 1317 1470 1470 1473 1473 1465 1465 1464 1464 1474 1474 1317 1317 1472 1472 1475 1475 1466 1466 1461 1461 1316 1316 1463 1463 1317 1317 1318 1318 1317 1317 1474 1474 1476 1476 1321 1321 1465 1465 1476 1476 1465 1465 1473 1473 1313 1313 1461 1461 1314 1314 1313 1313 1475 1475 1461 1461 1322 1322 1321 1321 1476 1476 1477 1477 1478 1478 1479 1479 1480 1480 1481 1481 1482 1482 1483 1483 1480 1480 1482 1482 1484 1484 1485 1485 1486 1486 1487 1487 1484 1484 1486 1486 1482 1482 1481 1481 1488 1488 1487 1487 1486 1486 1489 1489 1478 1478 1490 1490 1491 1491 1479 1479 1478 1478 1491 1491 1488 1488 1481 1481 1492 1492 1481 1481 1493 1493 1492 1492 1487 1487 1489 1489 1494 1494 1493 1493 1487 1487 1494 1494 1492 1492 1493 1493 1495 1495 1496 1496 1497 1497 1498 1498 1493 1493 1494 1494 1499 1499 1495 1495 1493 1493 1499 1499 1497 1497 1500 1500 1501 1501 1491 1491 1490 1490 1502 1502 1490 1490 1503 1503 1502 1502 1498 1498 1497 1497 1501 1501 1504 1504 1496 1496 1505 1505 1496 1496 1498 1498 1505 1505 1502 1502 1503 1503 1506 1506 1500 1500 1507 1507 1508 1508 1503 1503 1509 1509 1506 1506 1501 1501 1500 1500 1508 1508 1506 1506 1509 1509 1510 1510 1511 1511 1504 1504 1512 1512 1504 1504 1505 1505 1512 1512 1510 1510 1509 1509 1513 1513 1507 1507 1514 1514 1515 1515 1513 1513 1509 1509 1516 1516 1508 1508 1507 1507 1515 1515 1517 1517 1511 1511 1518 1518 1511 1511 1512 1512 1518 1518 1519 1519 1516 1516 1520 1520 1516 1516 1509 1509 1520 1520 1514 1514 1521 1521 1522 1522 1515 1515 1514 1514 1522 1522 1519 1519 1520 1520 1523 1523 1523 1523 1520 1520 1524 1524 1525 1525 1517 1517 1526 1526 1517 1517 1518 1518 1526 1526 1522 1522 1521 1521 1527 1527 1521 1521 1528 1528 1527 1527 1523 1523 1524 1524 1529 1529 1530 1530 1531 1531 1532 1532 1531 1531 1525 1525 1532 1532 1525 1525 1526 1526 1532 1532 1529 1529 1524 1524 1533 1533 1529 1529 1533 1533 1534 1534 1527 1527 1528 1528 1535 1535 1528 1528 1536 1536 1535 1535 1537 1537 1530 1530 1538 1538 1530 1530 1532 1532 1538 1538 1534 1534 1533 1533 1539 1539 1535 1535 1536 1536 1540 1540 1537 1537 1538 1538 1541 1541 1542 1542 1537 1537 1541 1541 1540 1540 1536 1536 1543 1543 1542 1542 1541 1541 1544 1544 1545 1545 1542 1542 1544 1544 1543 1543 1536 1536 1546 1546 1547 1547 1545 1545 1548 1548 1545 1545 1544 1544 1548 1548 1546 1546 1536 1536 1549 1549 1547 1547 1548 1548 1550 1550 1547 1547 1550 1550 1551 1551 1551 1551 1550 1550 1552 1552 1551 1551 1552 1552 1553 1553 1553 1553 1552 1552 1554 1554 1553 1553 1554 1554 1555 1555 1555 1555 1554 1554 1556 1556 1555 1555 1556 1556 1557 1557 1557 1557 1556 1556 1558 1558 1557 1557 1558 1558 1559 1559 1559 1559 1558 1558 1560 1560 1559 1559 1560 1560 1561 1561 1549 1549 1536 1536 1562 1562 1563 1563 1564 1564 1562 1562 1564 1564 1565 1565 1562 1562 1565 1565 1566 1566 1562 1562 1566 1566 1567 1567 1562 1562 1567 1567 1568 1568 1562 1562 1568 1568 1549 1549 1562 1562 1561 1561 1560 1560 1569 1569 1563 1563 1562 1562 1570 1570 1561 1561 1569 1569 1571 1571 1570 1570 1562 1562 1572 1572 1561 1561 1571 1571 1573 1573 1562 1562 1574 1574 1575 1575 1574 1574 1576 1576 1575 1575 1572 1572 1562 1562 1575 1575 1575 1575 1576 1576 1577 1577 1561 1561 1573 1573 1578 1578 1575 1575 1577 1577 1579 1579 1575 1575 1579 1579 1580 1580 1575 1575 1580 1580 1581 1581 1575 1575 1581 1581 1582 1582 1575 1575 1582 1582 1583 1583 1575 1575 1583 1583 1584 1584 1575 1575 1584 1584 1585 1585 1575 1575 1585 1585 1586 1586 1575 1575 1586 1586 1587 1587 1575 1575 1587 1587 1588 1588 1589 1589 1575 1575 1588 1588 1589 1589 1588 1588 1590 1590 1591 1591 1592 1592 1593 1593 1592 1592 1594 1594 1593 1593 1594 1594 1595 1595 1593 1593 1595 1595 1596 1596 1593 1593 1597 1597 1591 1591 1598 1598 1591 1591 1593 1593 1598 1598 1597 1597 1598 1598 1599 1599 1600 1600 1601 1601 1599 1599 1601 1601 1597 1597 1599 1599 1602 1602 1600 1600 1603 1603 1600 1600 1599 1599 1603 1603 1604 1604 1605 1605 1606 1606 1605 1605 1602 1602 1606 1606 1602 1602 1603 1603 1606 1606 1607 1607 1604 1604 1608 1608 1604 1604 1606 1606 1608 1608 1593 1593 1596 1596 1609 1609 1596 1596 1589 1589 1609 1609 1589 1589 1590 1590 1609 1609 1609 1609 1590 1590 1610 1610 1610 1610 1590 1590 1611 1611 1612 1612 1613 1613 1611 1611 1613 1613 1614 1614 1611 1611 1614 1614 1610 1610 1611 1611 1608 1608 1615 1615 1616 1616 1616 1616 1615 1615 1617 1617 1618 1618 1607 1607 1619 1619 1607 1607 1608 1608 1619 1619 1608 1608 1616 1616 1619 1619 1615 1615 1620 1620 1621 1621 1617 1617 1615 1615 1621 1621 1622 1622 1618 1618 1623 1623 1618 1618 1619 1619 1623 1623 1620 1620 1624 1624 1625 1625 1621 1621 1620 1620 1625 1625 1612 1612 1611 1611 1626 1626 1578 1578 1622 1622 1627 1627 1622 1622 1623 1623 1627 1627 1624 1624 1628 1628 1629 1629 1625 1625 1624 1624 1629 1629 1578 1578 1627 1627 1630 1630 1561 1561 1578 1578 1630 1630 1612 1612 1626 1626 1631 1631 1484 1484 1612 1612 1631 1631 1629 1629 1628 1628 1632 1632 1561 1561 1630 1630 1633 1633 1478 1478 1561 1561 1633 1633 1628 1628 1480 1480 1634 1634 1632 1632 1628 1628 1634 1634 1484 1484 1631 1631 1635 1635 1636 1636 1637 1637 1638 1638 1639 1639 1636 1636 1638 1638 1636 1636 1639 1639 1640 1640 1638 1638 1637 1637 1641 1641 1637 1637 1478 1478 1641 1641 1634 1634 1480 1480 1483 1483 1641 1641 1478 1478 1477 1477 1484 1484 1635 1635 1485 1485 1478 1478 1633 1633 1490 1490 1642 1642 1643 1643 1644 1644 1644 1644 1643 1643 1645 1645 1646 1646 1647 1647 1648 1648 1646 1646 1649 1649 1647 1647 1650 1650 1651 1651 1652 1652 1650 1650 1653 1653 1651 1651 1654 1654 1655 1655 1656 1656 1654 1654 1657 1657 1655 1655 1658 1658 1659 1659 1660 1660 1661 1661 1662 1662 1663 1663 1664 1664 1658 1658 1660 1660 1665 1665 1666 1666 1667 1667 1668 1668 1661 1661 1663 1663 1669 1669 1670 1670 1671 1671 1672 1672 1665 1665 1667 1667 1673 1673 1674 1674 1675 1675 1676 1676 1669 1669 1671 1671 1677 1677 1678 1678 1679 1679 1680 1680 1673 1673 1675 1675 1681 1681 1682 1682 1683 1683 1684 1684 1677 1677 1679 1679 1685 1685 1681 1681 1683 1683 1686 1686 1687 1687 1688 1688 1686 1686 1689 1689 1687 1687 1690 1690 1691 1691 1692 1692 1690 1690 1693 1693 1691 1691 1694 1694 1695 1695 1696 1696 1694 1694 1697 1697 1695 1695 1698 1698 1699 1699 1700 1700 1698 1698 1701 1701 1699 1699 1702 1702 1703 1703 1704 1704 1702 1702 1705 1705 1703 1703 1706 1706 1707 1707 1708 1708 1706 1706 1709 1709 1707 1707 1710 1710 1711 1711 1712 1712 1710 1710 1712 1712 1713 1713 1714 1714 1715 1715 1716 1716 1714 1714 1717 1717 1715 1715 1718 1718 1719 1719 1720 1720 1718 1718 1721 1721 1719 1719 1722 1722 1723 1723 1724 1724 1722 1722 1725 1725 1723 1723 1726 1726 1727 1727 1728 1728 1728 1728 1727 1727 1729 1729 1730 1730 1731 1731 1732 1732 1733 1733 1734 1734 1735 1735 1736 1736 1730 1730 1732 1732 1737 1737 1733 1733 1735 1735 1738 1738 1739 1739 1740 1740 1741 1741 1742 1742 1743 1743 1741 1741 1744 1744 1742 1742 1745 1745 1746 1746 1747 1747 1748 1748 1738 1738 1740 1740 1749 1749 1745 1745 1747 1747 1750 1750 1751 1751 1752 1752 1753 1753 1754 1754 1755 1755 1753 1753 1756 1756 1754 1754 1757 1757 1758 1758 1759 1759 1760 1760 1750 1750 1752 1752 1761 1761 1757 1757 1759 1759 1762 1762 1763 1763 1764 1764 1762 1762 1765 1765 1763 1763 1766 1766 1767 1767 1768 1768 1769 1769 1770 1770 1771 1771 1769 1769 1772 1772 1770 1770 1773 1773 1766 1766 1768 1768 1774 1774 1775 1775 1776 1776 1774 1774 1777 1777 1775 1775 1778 1778 1779 1779 1780 1780 1781 1781 1782 1782 1783 1783 1781 1781 1784 1784 1782 1782 1785 1785 1778 1778 1780 1780 1786 1786 1787 1787 1788 1788 1787 1787 1789 1789 1788 1788 1790 1790 1791 1791 1792 1792 1790 1790 1792 1792 1793 1793 1794 1794 1795 1795 1796 1796 1794 1794 1797 1797 1795 1795 1798 1798 1799 1799 1800 1800 1798 1798 1801 1801 1799 1799 1802 1802 1803 1803 1804 1804 1802 1802 1805 1805 1803 1803 1806 1806 1807 1807 1808 1808 1806 1806 1809 1809 1807 1807 1810 1810 1811 1811 1812 1812 1810 1810 1813 1813 1811 1811 1814 1814 1815 1815 1816 1816 1814 1814 1817 1817 1815 1815 1818 1818 1819 1819 1820 1820 1818 1818 1821 1821 1819 1819 1822 1822 1823 1823 1824 1824 1822 1822 1825 1825 1823 1823 1826 1826 1827 1827 1828 1828 1826 1826 1829 1829 1827 1827 1830 1830 1831 1831 1832 1832 1830 1830 1833 1833 1831 1831 1834 1834 1835 1835 1836 1836 1834 1834 1837 1837 1835 1835 1838 1838 1839 1839 1840 1840 1841 1841 1842 1842 1843 1843 1841 1841 1844 1844 1842 1842 1845 1845 1838 1838 1840 1840 1846 1846 1792 1792 1791 1791 1847 1847 1848 1848 1849 1849 1846 1846 1791 1791 1850 1850 1851 1851 1852 1852 1853 1853 1847 1847 1849 1849 1854 1854 1855 1855 1856 1856 1857 1857 1851 1851 1853 1853 1858 1858 1859 1859 1860 1860 1861 1861 1855 1855 1857 1857 1862 1862 1863 1863 1864 1864 1865 1865 1859 1859 1861 1861 1866 1866 1867 1867 1868 1868 1869 1869 1863 1863 1865 1865 1870 1870 1871 1871 1872 1872 1873 1873 1867 1867 1869 1869 1874 1874 1875 1875 1876 1876 1877 1877 1871 1871 1873 1873 1878 1878 1879 1879 1880 1880 1881 1881 1875 1875 1877 1877 1882 1882 1883 1883 1884 1884 1885 1885 1879 1879 1881 1881 1886 1886 1883 1883 1885 1885 1887 1887 1888 1888 1889 1889 1890 1890 1891 1891 1892 1892 1893 1893 1889 1889 1894 1894 1890 1890 1895 1895 1896 1896 1897 1897 1891 1891 1893 1893 1898 1898 1895 1895 1897 1897 1899 1899 1900 1900 1901 1901 1902 1902 1900 1900 1902 1902 1903 1903 1904 1904 1905 1905 1906 1906 1904 1904 1906 1906 1907 1907 1908 1908 1909 1909 1910 1910 1909 1909 1911 1911 1910 1910 1912 1912 1913 1913 1914 1914 1913 1913 1915 1915 1914 1914 1916 1916 1917 1917 1918 1918 1919 1919 1920 1920 1921 1921 1916 1916 1918 1918 1922 1922 1923 1923 1924 1924 1925 1925 1919 1919 1921 1921 1926 1926 1923 1923 1925 1925 1927 1927 1928 1928 1929 1929 1930 1930 1931 1931 1932 1932 1933 1933 1928 1928 1930 1930 1934 1934 1935 1935 1936 1936 1937 1937 1931 1931 1933 1933 1938 1938 1935 1935 1937 1937 1939 1939 1940 1940 1941 1941 1942 1942 1943 1943 1944 1944 1945 1945 1943 1943 1945 1945 1946 1946 1947 1947 1948 1948 1949 1949 1947 1947 1950 1950 1948 1948 1947 1947 1951 1951 1950 1950 1952 1952 1953 1953 1944 1944 1954 1954 1951 1951 1947 1947 1952 1952 1944 1944 1943 1943 1952 1952 1943 1943 1955 1955 1956 1956 1957 1957 1940 1940 1956 1956 1942 1942 1953 1953 1956 1956 1958 1958 1957 1957 1956 1956 1940 1940 1942 1942 1956 1956 1953 1953 1952 1952 1959 1959 1960 1960 1954 1954 1961 1961 1962 1962 1963 1963 1961 1961 1952 1952 1962 1962 1964 1964 1965 1965 1956 1956 1964 1964 1966 1966 1965 1965 1964 1964 1956 1956 1952 1952 1967 1967 1961 1961 1968 1968 1967 1967 1952 1952 1961 1961 1969 1969 1970 1970 1959 1959 1969 1969 1971 1971 1970 1970 1972 1972 1973 1973 1964 1964 1953 1953 1974 1974 1975 1975 1953 1953 1976 1976 1974 1974 1953 1953 1977 1977 1976 1976 1978 1978 1964 1964 1952 1952 1978 1978 1972 1972 1964 1964 1979 1979 1967 1967 1980 1980 1979 1979 1952 1952 1967 1967 1979 1979 1978 1978 1952 1952 1981 1981 1978 1978 1979 1979 1982 1982 1953 1953 1983 1983 1984 1984 1985 1985 1986 1986 1987 1987 1984 1984 1986 1986 1944 1944 1982 1982 1988 1988 1944 1944 1953 1953 1982 1982 1989 1989 1986 1986 1969 1969 1989 1989 1987 1987 1986 1986 1989 1989 1947 1947 1990 1990 1989 1989 1954 1954 1947 1947 1989 1989 1959 1959 1954 1954 1989 1989 1969 1969 1959 1959 1945 1945 1944 1944 1991 1991 1942 1942 1992 1992 1989 1989 1942 1942 1990 1990 1977 1977 1942 1942 1977 1977 1953 1953 1942 1942 1989 1989 1990 1990 1946 1946 1945 1945 1993 1993 1994 1994 1995 1995 1996 1996 1997 1997 1998 1998 1999 1999 1994 1994 2000 2000 2001 2001 1994 1994 1996 1996 2000 2000 1994 1994 2002 2002 1995 1995 2003 2003 2004 2004 2005 2005 2003 2003 2006 2006 2007 2007 2003 2003 2007 2007 2004 2004 2008 2008 1998 1998 1997 1997 2003 2003 2009 2009 2010 2010 2003 2003 2005 2005 2009 2009 2011 2011 2012 2012 1998 1998 2011 2011 1998 1998 2008 2008 2013 2013 1994 1994 2014 2014 2009 2009 2008 2008 2015 2015 2016 2016 2017 2017 2011 2011 2018 2018 2002 2002 1994 1994 2018 2018 1994 1994 2013 2013 2016 2016 2011 2011 2008 2008 2019 2019 2020 2020 2002 2002 2019 2019 2021 2021 2003 2003 2019 2019 2022 2022 2021 2021 2019 2019 2003 2003 2010 2010 2019 2019 2002 2002 2018 2018 2019 2019 2010 2010 2020 2020 2010 2010 2023 2023 2024 2024 2010 2010 2009 2009 2023 2023 2025 2025 2026 2026 2027 2027 2028 2028 2029 2029 2019 2019 2030 2030 2031 2031 2016 2016 2028 2028 2032 2032 2029 2029 2030 2030 2033 2033 2031 2031 2034 2034 2018 2018 2026 2026 2034 2034 2019 2019 2018 2018 2034 2034 2026 2026 2025 2025 2034 2034 2028 2028 2019 2019 2035 2035 2028 2028 2034 2034 2036 2036 2037 2037 2028 2028 2036 2036 2028 2028 2035 2035 2020 2020 2038 2038 2039 2039 2020 2020 2010 2010 2038 2038 2002 2002 2020 2020 2040 2040 2005 2005 2041 2041 2030 2030 2005 2005 2042 2042 2041 2041 2005 2005 2043 2043 2042 2042 2005 2005 2044 2044 2043 2043 2005 2005 2045 2045 2044 2044 2005 2005 2008 2008 2009 2009 2005 2005 2016 2016 2008 2008 2005 2005 2030 2030 2016 2016 1996 1996 1995 1995 2046 2046 2007 2007 2047 2047 2004 2004 2048 2048 2049 2049 2050 2050 2051 2051 2052 2052 2053 2053 2048 2048 2054 2054 2055 2055 2048 2048 2050 2050 2054 2054 2056 2056 2057 2057 2058 2058 2059 2059 2053 2053 2060 2060 2059 2059 2051 2051 2053 2053 2061 2061 2062 2062 2063 2063 2061 2061 2064 2064 2062 2062 2061 2061 2065 2065 2064 2064 2066 2066 2056 2056 2067 2067 2068 2068 2063 2063 2069 2069 2070 2070 2071 2071 2059 2059 2072 2072 2073 2073 2061 2061 2074 2074 2066 2066 2075 2075 2076 2076 2068 2068 2077 2077 2074 2074 2056 2056 2066 2066 2078 2078 2079 2079 2070 2070 2078 2078 2070 2070 2059 2059 2080 2080 2057 2057 2056 2056 2080 2080 2056 2056 2074 2074 2081 2081 2082 2082 2072 2072 2081 2081 2063 2063 2068 2068 2081 2081 2061 2061 2063 2063 2081 2081 2072 2072 2061 2061 2083 2083 2076 2076 2084 2084 2085 2085 2080 2080 2086 2086 2087 2087 2088 2088 2081 2081 2089 2089 2078 2078 2059 2059 2089 2089 2090 2090 2078 2078 2089 2089 2091 2091 2090 2090 2092 2092 2080 2080 2085 2085 2092 2092 2057 2057 2080 2080 2093 2093 2094 2094 2095 2095 2093 2093 2083 2083 2094 2094 2093 2093 2076 2076 2083 2083 2096 2096 2097 2097 2087 2087 2098 2098 2099 2099 2081 2081 2098 2098 2081 2081 2057 2057 2098 2098 2060 2060 2099 2099 2098 2098 2089 2089 2059 2059 2098 2098 2059 2059 2060 2060 2098 2098 2100 2100 2089 2089 2098 2098 2057 2057 2092 2092 2099 2099 2087 2087 2081 2081 2099 2099 2096 2096 2087 2087 2101 2101 2100 2100 2098 2098 2102 2102 2103 2103 2100 2100 2102 2102 2100 2100 2101 2101 2104 2104 2102 2102 2101 2101 2105 2105 2106 2106 2107 2107 2105 2105 2093 2093 2106 2106 2105 2105 2076 2076 2093 2093 2108 2108 2109 2109 2102 2102 2105 2105 2068 2068 2076 2076 2110 2110 2111 2111 2112 2112 2110 2110 2104 2104 2111 2111 2053 2053 2113 2113 2060 2060 2057 2057 2105 2105 2114 2114 2050 2050 2115 2115 2108 2108 2050 2050 2108 2108 2102 2102 2057 2057 2068 2068 2105 2105 2054 2054 2102 2102 2104 2104 2057 2057 2081 2081 2068 2068 2054 2054 2104 2104 2110 2110 2054 2054 2050 2050 2102 2102 2116 2116 2117 2117 2118 2118 2119 2119 2120 2120 2121 2121 2119 2119 2122 2122 2123 2123 2119 2119 2118 2118 2124 2124 2125 2125 2126 2126 2127 2127 2119 2119 2124 2124 2122 2122 2119 2119 2121 2121 2118 2118 2125 2125 2127 2127 2128 2128 2129 2129 2130 2130 2131 2131 2132 2132 2133 2133 2116 2116 2134 2134 2125 2125 2135 2135 2136 2136 2129 2129 2131 2131 2137 2137 2138 2138 2139 2139 2140 2140 2132 2132 2116 2116 2141 2141 2131 2131 2138 2138 2142 2142 2116 2116 2118 2118 2142 2142 2140 2140 2116 2116 2141 2141 2138 2138 2137 2137 2141 2141 2136 2136 2131 2131 2143 2143 2144 2144 2145 2145 2143 2143 2134 2134 2144 2144 2146 2146 2147 2147 2148 2148 2143 2143 2125 2125 2134 2134 2149 2149 2146 2146 2148 2148 2150 2150 2151 2151 2152 2152 2150 2150 2141 2141 2151 2151 2150 2150 2136 2136 2141 2141 2153 2153 2154 2154 2155 2155 2156 2156 2143 2143 2157 2157 2156 2156 2136 2136 2158 2158 2156 2156 2158 2158 2126 2126 2156 2156 2126 2126 2125 2125 2156 2156 2125 2125 2143 2143 2156 2156 2159 2159 2136 2136 2160 2160 2155 2155 2142 2142 2160 2160 2142 2142 2118 2118 2160 2160 2153 2153 2155 2155 2161 2161 2150 2150 2162 2162 2159 2159 2148 2148 2136 2136 2159 2159 2163 2163 2149 2149 2159 2159 2164 2164 2163 2163 2159 2159 2149 2149 2148 2148 2158 2158 2136 2136 2150 2150 2158 2158 2150 2150 2161 2161 2165 2165 2166 2166 2167 2167 2165 2165 2156 2156 2166 2166 2168 2168 2169 2169 2160 2160 2168 2168 2170 2170 2169 2169 2168 2168 2160 2160 2118 2118 2171 2171 2172 2172 2159 2159 2126 2126 2158 2158 2173 2173 2174 2174 2175 2175 2168 2168 2174 2174 2168 2168 2118 2118 2127 2127 2126 2126 2176 2176 2124 2124 2118 2118 2159 2159 2124 2124 2159 2159 2156 2156 2124 2124 2177 2177 2178 2178 2124 2124 2165 2165 2177 2177 2124 2124 2156 2156 2165 2165 2118 2118 2171 2171 2159 2159 2118 2118 2179 2179 2171 2171 2118 2118 2180 2180 2179 2179 2121 2121 2181 2181 2174 2174 2121 2121 2174 2174 2118 2118 2122 2122 2124 2124 2182 2182 2128 2128 2127 2127 2183 2183 2184 2184 2185 2185 2186 2186 2184 2184 2186 2186 2187 2187 2184 2184 2187 2187 2188 2188 2184 2184 2188 2188 2189 2189 2184 2184 2189 2189 2190 2190 2184 2184 2190 2190 2191 2191 2184 2184 2191 2191 2192 2192 2184 2184 2192 2192 2193 2193 2184 2184 2193 2193 2194 2194 2184 2184 2194 2194 2195 2195 2184 2184 2195 2195 2196 2196 2184 2184 2196 2196 2197 2197 2184 2184 2197 2197 2198 2198 2184 2184 2198 2198 2199 2199 2184 2184 2199 2199 2200 2200 2184 2184 2200 2200 2201 2201 2184 2184 2201 2201 2202 2202 2203 2203 2184 2184 2202 2202 2204 2204 2184 2184 2203 2203 2205 2205 2206 2206 2184 2184 2207 2207 2184 2184 2204 2204 2208 2208 2205 2205 2184 2184 2208 2208 2184 2184 2207 2207 2209 2209 2210 2210 2211 2211 2212 2212 2209 2209 2213 2213 2209 2209 2211 2211 2213 2213 2214 2214 2212 2212 2215 2215 2212 2212 2213 2213 2215 2215 2214 2214 2215 2215 2216 2216 2216 2216 2215 2215 2217 2217</p>
        </triangles>
      </mesh>
    </geometry>
  </library_geometries>
  <library_materials>
    <material id="43adc57e530e4979955c113b8ab4b179" name="defaultmaterial">
      <instance_effect url="#3d71c5a480c84a48b25621f175839f79"/>
    </material>
  </library_materials>
  <library_visual_scenes>
    <visual_scene id="scene">
      <node id="node0" name="node0">
        <instance_geometry url="#2808dfe47a7646f98cffe828e49d5b9b">
          <bind_material>
            <technique_common>
              <instance_material symbol="material0" target="#43adc57e530e4979955c113b8ab4b179"/>
            </technique_common>
          </bind_material>
        </instance_geometry>
      </node>
    </visual_scene>
  </library_visual_scenes>
  <scene>
    <instance_visual_scene url="#scene"/>
  </scene>
</COLLADA>
