<COLLADA xmlns="http://www.collada.org/2005/11/COLLADASchema" version="1.4.1">
  <asset>
    <created>2026-09-03T15:32:12.689924</created>
    <modified>2026-09-03T15:32:12.689926</modified>
    <up_axis>Y_UP</up_axis>
  </asset>
  <library_effects>
    <effect id="62d5c45106964a68800de1403fe0911f" name="62d5c45106964a68800de1403fe0911f">
      <profile_COMMON>
        <technique sid="common">
          <phong>
            <emission>
              <color>0.0 0.0 0.0 1.0</color>
            </emission>
            <ambient>
              <color>0.0 0.0 0.0 1.0</color>
            </ambient>
            <diffuse>
              <color>0.0784313725490196 0.0784313725490196 0.0784313725490196 1.0</color>
            </diffuse>
            <specular>
              <color>1.0 1.0 1.0 1.0</color>
            </specular>
            <shininess>
              <float>0.3125</float>
            </shininess>
            <reflective>
              <color>0.0 0.0 0.0 1.0</color>
            </reflective>
            <reflectivity>
              <float>0.0</float>
            </reflectivity>
            <transparent>
              <color>0.0 0.0 0.0 1.0</color>
            </transparent>
            <transparency>
              <float>1.0</float>
            </transparency>
          </phong>
        </technique>
        <extra>
          <technique profile="GOOGLEEARTH">
            <double_sided>0</double_sided>
          </technique>
        </extra>
      </profile_COMMON>
    </effect>
  </library_effects>
  <library_geometries>
    <geometry id="5d44e9a214b244f59e6e709124568057" name="880efac477f846808d04803bcd6b5a50">
      <mesh>
        <source id="verts-array">
          <float_array count="6738" id="verts-array-array">-0.002847997 -0.01390268 0.03444917 -0.002369148 -0.01390265 0.03379009 -0.002369148 -0.01190265 0.03379018 -0.001741437 -0.01190263 0.03327089 -0.003147895 -0.01390278 0.03682311 -0.00325 -0.01390275 0.03601486 -0.00325 -0.01190275 0.03601495 -0.003147895 -0.01390271 0.03520662 -0.002847997 -0.01190268 0.03444925 -0.002847997 -0.01390282 0.03758056 -0.003147895 -0.01190278 0.0368232 -0.003147895 -0.01190271 0.03520671 -0.002369148 -0.01390285 0.03823964 -0.002847997 -0.01190282 0.03758065 -0.001741437 -0.01390287 0.03875893 -0.002369148 -0.01190285 0.03823973 -0.001004305 -0.01390289 0.0391058 -0.001741437 -0.01190287 0.03875902 -0.0002040692 -0.01390289 0.03925845 -0.001004305 -0.01190289 0.03910589 0.0006089893 -0.01390289 0.0392073 -0.0002040692 -0.01190289 0.03925854 0.001383783 -0.01390288 0.03895555 0.0006089893 -0.01190289 0.03920739 0.002071628 -0.01390286 0.03851903 0.001383783 -0.01190288 0.03895564 0.002629305 -0.01390283 0.03792517 0.002071628 -0.01190286 0.03851912 0.003021774 -0.0139028 0.03721127 0.002629305 -0.01190283 0.03792526 0.003021774 -0.0119028 0.03721136 0.003224373 -0.01390277 0.0364222 0.003224373 -0.01190277 0.03642229 0.003224373 -0.01390273 0.03560753 0.003224373 -0.01190273 0.03560762 0.003021774 -0.01390269 0.03481846 0.003021774 -0.01190269 0.03481855 0.002629305 -0.01390266 0.03410456 0.002071628 -0.01390264 0.0335107 0.002629305 -0.01190266 0.03410465 0.001383783 -0.01390262 0.03307418 0.002071628 -0.01190264 0.03351079 0.0006089893 -0.01390261 0.03282243 0.001383783 -0.01190262 0.03307427 -0.0002040692 -0.0139026 0.03277128 0.0006089893 -0.01190261 0.03282252 -0.001004305 -0.01390261 0.03292393 -0.0002040692 -0.0119026 0.03277137 -0.001741437 -0.01390263 0.0332708 -0.001004305 -0.01190261 0.03292402 -0.0001067439 -0.01890267 0.034318 0.0003185482 -0.01890267 0.03434475 -0.0001067439 -0.01390267 0.03431822 0.0003185482 -0.01390267 0.03434498 -0.0005253289 -0.01890268 0.03439785 -0.0005253289 -0.01390268 0.03439807 -0.0009109056 -0.01890268 0.03457928 -0.0009109056 -0.01390268 0.03457951 -0.001646591 -0.01890277 0.03643742 -0.0017 -0.01890275 0.03601464 -0.001646591 -0.01390277 0.03643764 -0.0017 -0.01390275 0.03601486 -0.001239247 -0.0189027 0.03485091 -0.001239247 -0.0139027 0.03485113 -0.001489721 -0.01890278 0.03683362 -0.001489721 -0.01390278 0.03683385 -0.001489721 -0.01890271 0.03519566 -0.001489721 -0.01390271 0.03519588 -0.001239247 -0.0189028 0.03717837 -0.001239247 -0.0139028 0.0371786 -0.001646591 -0.01890273 0.03559187 -0.001646591 -0.01390273 0.03559209 -0.0009109056 -0.01890281 0.03745 -0.0009109056 -0.01390281 0.03745022 -0.0005253289 -0.01890282 0.03763144 -0.0005253289 -0.01390282 0.03763166 -0.0001067439 -0.01890282 0.03771129 -0.0001067439 -0.01390282 0.03771151 0.0003185482 -0.01890282 0.03768453 0.0003185482 -0.01390282 0.03768475 0.0007238248 -0.01890282 0.03755285 0.0007238248 -0.01390282 0.03755307 0.001083621 -0.01890281 0.03732451 0.001083621 -0.01390281 0.03732474 0.001375329 -0.01890279 0.03701388 0.001375329 -0.01390279 0.0370141 0.00158062 -0.01890278 0.03664045 0.00158062 -0.01390278 0.03664068 0.001686595 -0.01390276 0.03622793 0.001686595 -0.01890276 0.03622771 0.001686595 -0.01390274 0.0358018 0.001686595 -0.01890274 0.03580158 0.00158062 -0.01390272 0.03538905 0.00158062 -0.01890272 0.03538883 0.001375329 -0.0189027 0.03501541 0.001375329 -0.0139027 0.03501563 0.001083621 -0.01890269 0.03470477 0.001083621 -0.01390269 0.03470499 0.0007238248 -0.01890268 0.03447644 0.0007238248 -0.01390268 0.03447666 -0.002847997 -0.01390197 0.01844917 -0.002369148 -0.01390194 0.01779009 -0.002369148 -0.01190194 0.01779018 -0.001741437 -0.01190191 0.01727089 -0.003147895 -0.01390207 0.02082311 -0.00325 -0.01390204 0.02001486 -0.00325 -0.01190204 0.02001495 -0.003147895 -0.013902 0.01920662 -0.002847997 -0.01190197 0.01844925 -0.002847997 -0.01390211 0.02158056 -0.003147895 -0.01190207 0.0208232 -0.003147895 -0.011902 0.01920671 -0.002369148 -0.01390213 0.02223964 -0.002847997 -0.01190211 0.02158065 -0.001741437 -0.01390216 0.02275893 -0.002369148 -0.01190213 0.02223973 -0.001004305 -0.01390217 0.0231058 -0.001741437 -0.01190216 0.02275902 -0.0002040692 -0.01390218 0.02325845 -0.001004305 -0.01190217 0.02310589 0.0006089893 -0.01390218 0.0232073 -0.0002040692 -0.01190218 0.02325854 0.001383783 -0.01390217 0.02295555 0.0006089893 -0.01190218 0.02320739 0.002071628 -0.01390215 0.02251903 0.001383783 -0.01190217 0.02295564 0.002629305 -0.01390212 0.02192517 0.002071628 -0.01190215 0.02251912 0.003021774 -0.01390209 0.02121127 0.002629305 -0.01190212 0.02192526 0.003021774 -0.01190209 0.02121136 0.003224373 -0.01390205 0.0204222 0.003224373 -0.01190205 0.02042229 0.003224373 -0.01390202 0.01960753 0.003224373 -0.01190202 0.01960762 0.003021774 -0.01390198 0.01881846 0.003021774 -0.01190198 0.01881855 0.002629305 -0.01390195 0.01810456 0.002071628 -0.01390192 0.0175107 0.002629305 -0.01190195 0.01810465 0.001383783 -0.0139019 0.01707418 0.002071628 -0.01190192 0.01751079 0.0006089893 -0.01390189 0.01682243 0.001383783 -0.0119019 0.01707427 -0.0002040692 -0.01390189 0.01677128 0.0006089893 -0.01190189 0.01682252 -0.001004305 -0.0139019 0.01692393 -0.0002040692 -0.01190189 0.01677137 -0.001741437 -0.01390191 0.0172708 -0.001004305 -0.0119019 0.01692402 -0.0001067439 -0.01890196 0.018318 0.0003185482 -0.01890196 0.01834475 -0.0001067439 -0.01390196 0.01831822 0.0003185482 -0.01390196 0.01834498 -0.0005253289 -0.01890196 0.01839785 -0.0005253289 -0.01390196 0.01839807 -0.0009109056 -0.01890197 0.01857928 -0.0009109056 -0.01390197 0.01857951 -0.001646591 -0.01890205 0.02043742 -0.0017 -0.01890204 0.02001464 -0.001646591 -0.01390205 0.02043764 -0.0017 -0.01390204 0.02001486 -0.001239247 -0.01890198 0.01885091 -0.001239247 -0.01390198 0.01885113 -0.001489721 -0.01890207 0.02083362 -0.001489721 -0.01390207 0.02083385 -0.001489721 -0.018902 0.01919566 -0.001489721 -0.013902 0.01919588 -0.001239247 -0.01890209 0.02117837 -0.001239247 -0.01390209 0.0211786 -0.001646591 -0.01890202 0.01959187 -0.001646591 -0.01390202 0.01959209 -0.0009109056 -0.0189021 0.02145 -0.0009109056 -0.0139021 0.02145022 -0.0005253289 -0.01890211 0.02163144 -0.0005253289 -0.01390211 0.02163166 -0.0001067439 -0.01890211 0.02171129 -0.0001067439 -0.01390211 0.02171151 0.0003185482 -0.01890211 0.02168453 0.0003185482 -0.01390211 0.02168475 0.0007238248 -0.0189021 0.02155285 0.0007238248 -0.0139021 0.02155307 0.001083621 -0.01890209 0.02132451 0.001083621 -0.01390209 0.02132474 0.001375329 -0.01890208 0.02101388 0.001375329 -0.01390208 0.0210141 0.00158062 -0.01890206 0.02064045 0.00158062 -0.01390206 0.02064068 0.001686595 -0.01390204 0.02022793 0.001686595 -0.01890204 0.02022771 0.001686595 -0.01390203 0.0198018 0.001686595 -0.01890203 0.01980158 0.00158062 -0.01390201 0.01938905 0.00158062 -0.01890201 0.01938883 0.001375329 -0.01890199 0.01901541 0.001375329 -0.01390199 0.01901563 0.001083621 -0.01890198 0.01870477 0.001083621 -0.01390198 0.01870499 0.0007238248 -0.01890197 0.01847644 0.0007238248 -0.01390197 0.01847666 0.0008037402 -0.01190234 0.02674846 0.0004635255 -0.01890233 0.02658806 0.0008037402 -0.01890234 0.02674815 0.00131446 -0.01190236 0.02729232 0.001093453 -0.01190235 0.02698813 0.001093453 -0.01890235 0.02698782 0.001452875 -0.01190241 0.02838799 0.0015 -0.01190239 0.02801495 0.0015 -0.01890239 0.02801464 0.001452875 -0.01190237 0.02764192 0.00131446 -0.01890236 0.02729201 0.00131446 -0.01190242 0.02873758 0.001452875 -0.01890241 0.02838768 0.001452875 -0.01890237 0.02764161 0.001093453 -0.01190244 0.02904177 0.00131446 -0.01890242 0.02873727 0.0008037402 -0.01190245 0.02928145 0.001093453 -0.01890244 0.02904146 0.0004635255 -0.01190246 0.02944154 0.0008037402 -0.01890245 0.02928113 9.418578e-05 -0.01190246 0.02951199 0.0004635255 -0.01890246 0.02944123 -0.000281072 -0.01190246 0.02948838 9.418578e-05 -0.01890246 0.02951168 -0.0006386689 -0.01190245 0.02937219 -0.000281072 -0.01890246 0.02948807 -0.000956136 -0.01190244 0.02917072 -0.0006386689 -0.01890245 0.02937188 -0.001213525 -0.01190243 0.02889663 -0.000956136 -0.01890244 0.02917041 -0.001394665 -0.01190242 0.02856714 -0.001213525 -0.01890243 0.02889632 -0.001488172 -0.0119024 0.02820295 -0.001394665 -0.01890242 0.02856683 -0.001488172 -0.0189024 0.02820264 -0.001488172 -0.01190238 0.02782695 -0.001488172 -0.01890238 0.02782664 -0.001394665 -0.01190237 0.02746277 -0.001394665 -0.01890237 0.02746246 -0.001213525 -0.01190235 0.02713328 -0.000956136 -0.01190234 0.02685918 -0.001213525 -0.01890235 0.02713296 -0.0006386689 -0.01190233 0.02665771 -0.000956136 -0.01890234 0.02685887 -0.000281072 -0.01190233 0.02654152 -0.0006386689 -0.01890233 0.0266574 9.418578e-05 -0.01190232 0.02651791 -0.000281072 -0.01890233 0.02654121 0.0004635255 -0.01190233 0.02658837 9.418578e-05 -0.01890232 0.0265176 -0.007 0.004938625 -0.0007810144 -0.0075 0.004814562 -0.001349073 -0.0075 0.004938625 -0.0007810144 -0.007 0.004814562 -0.001349073 -0.007 0.004995902 -0.0002023941 -0.0075 0.004995902 -0.0002023941 -0.007 0.004985618 0.0003789632 -0.0075 0.004985618 0.0003789632 -0.007 0.004907912 0.0009551957 -0.0075 0.004907912 0.0009551957 -0.0075 0.004763835 0.001518511 -0.007 0.004763835 0.001518511 -0.007 0.004555335 0.002061291 -0.0075 0.004555335 0.002061291 -0.0075 0.004285233 0.002576195 -0.007 0.004285233 0.002576195 -0.007 0.003957179 0.003056261 -0.0075 0.003957179 0.003056261 -0.0075 0.003575612 0.003494996 -0.007 0.003575612 0.003494996 -0.0075 0.003145691 0.003886467 -0.007 0.003145691 0.003886467 -0.0075 0.002673229 0.004225381 -0.007 0.002673229 0.004225381 -0.007 0.002164617 0.004507153 -0.0075 0.002164617 0.004507153 -0.0075 0.001626732 0.004727974 -0.007 0.001626732 0.004727974 -0.0075 0.001066849 0.004884858 -0.007 0.001066849 0.004884858 -0.0075 0.0004925376 0.004975682 -0.007 0.0004925376 0.004975682 -0.007 -8.843417e-05 0.004999218 -0.0075 -8.843417e-05 0.004999218 -0.007 -0.00066821 0.004955148 -0.0075 -0.00066821 0.004955148 -0.007 -0.001238949 0.004844069 -0.0075 -0.001238949 0.004844069 -0.0075 -0.001792934 0.004667482 -0.007 -0.001792934 0.004667482 -0.0075 -0.002322673 0.004427775 -0.007 -0.002322673 0.004427775 -0.0075 -0.002821001 0.00412819 -0.007 -0.002821001 0.00412819 -0.0075 -0.00328118 0.003772779 -0.007 -0.00328118 0.003772779 -0.0075 -0.003696987 0.003366347 -0.007 -0.003696987 0.003366347 -0.007 -0.004062798 0.002914391 -0.0075 -0.004062798 0.002914391 -0.0075 -0.004373667 0.002423023 -0.007 -0.004373667 0.002423023 -0.0075 -0.004625389 0.001898887 -0.007 -0.004625389 0.001898887 -0.0075 -0.004814562 0.001349073 -0.007 -0.004814562 0.001349073 -0.0075 -0.004938625 0.0007810144 -0.007 -0.004938625 0.0007810144 -0.0075 -0.004995902 0.0002023941 -0.007 -0.004995902 0.0002023941 -0.0075 -0.004985618 -0.0003789632 -0.007 -0.004985618 -0.0003789632 -0.0075 -0.004907912 -0.0009551957 -0.007 -0.004907912 -0.0009551957 -0.0075 -0.004763835 -0.001518511 -0.007 -0.004763835 -0.001518511 -0.0075 -0.004555335 -0.002061291 -0.007 -0.004555335 -0.002061291 -0.0075 -0.004285233 -0.002576195 -0.007 -0.004285233 -0.002576195 -0.0075 -0.003957179 -0.003056261 -0.007 -0.003957179 -0.003056261 -0.0075 -0.003575612 -0.003494996 -0.007 -0.003575612 -0.003494996 -0.0075 -0.003145691 -0.003886467 -0.007 -0.003145691 -0.003886467 -0.0075 -0.002673229 -0.004225381 -0.007 -0.002673229 -0.004225381 -0.007 -0.002164617 -0.004507153 -0.0075 -0.002164617 -0.004507153 -0.007 -0.001626732 -0.004727974 -0.0075 -0.001626732 -0.004727974 -0.0075 -0.001066849 -0.004884858 -0.007 -0.001066849 -0.004884858 -0.0075 -0.0004925376 -0.004975682 -0.007 -0.0004925376 -0.004975682 -0.007 8.843417e-05 -0.004999218 -0.0075 8.843417e-05 -0.004999218 -0.0075 0.00066821 -0.004955148 -0.007 0.00066821 -0.004955148 -0.007 0.001238949 -0.004844069 -0.0075 0.001238949 -0.004844069 -0.0075 0.001792934 -0.004667482 -0.007 0.001792934 -0.004667482 -0.007 0.002322673 -0.004427775 -0.0075 0.002322673 -0.004427775 -0.007 0.002821001 -0.00412819 -0.0075 0.002821001 -0.00412819 -0.0075 0.00328118 -0.003772779 -0.007 0.00328118 -0.003772779 -0.007 0.003696987 -0.003366347 -0.0075 0.003696987 -0.003366347 -0.0075 0.004062798 -0.002914391 -0.007 0.004062798 -0.002914391 -0.007 0.004373667 -0.002423023 -0.0075 0.004373667 -0.002423023 -0.0075 0.004625389 -0.001898887 -0.007 0.004625389 -0.001898887 0.007 -0.004964106 -0.0005980366 0.0075 -0.004964106 -0.0005980366 0.0075 -0.004999969 -1.769533e-05 0.007 -0.004999969 -1.769533e-05 0.0075 -0.004968215 0.0005628853 0.007 -0.004968215 0.0005628853 0.0075 -0.004869275 0.001135854 0.007 -0.004869275 0.001135854 0.0075 -0.004704486 0.001693462 0.007 -0.004704486 0.001693462 0.0075 -0.004476077 0.002228169 0.007 -0.004476077 0.002228169 0.0075 -0.004187137 0.002732743 0.007 -0.004187137 0.002732743 0.0075 -0.003841573 0.003200363 0.007 -0.003841573 0.003200363 0.0075 -0.003444058 0.003624702 0.007 -0.003444058 0.003624702 0.0075 -0.002999968 0.004000024 0.007 -0.002999968 0.004000024 0.0075 -0.002515309 0.004321252 0.007 -0.002515309 0.004321252 0.0075 -0.001996635 0.004584043 0.007 -0.001996635 0.004584043 0.0075 -0.001450959 0.004784842 0.007 -0.001450959 0.004784842 0.0075 -0.000885662 0.004920935 0.007 -0.000885662 0.004920935 0.0075 -0.0003083877 0.004990481 0.007 -0.0003083877 0.004990481 0.0075 0.0002730569 0.004992538 0.007 0.0002730569 0.004992538 0.0075 0.000850809 0.004927081 0.007 0.000850809 0.004927081 0.0075 0.001417055 0.004794993 0.007 0.001417055 0.004794993 0.0075 0.001964138 0.004598061 0.007 0.001964138 0.004598061 0.0075 0.00248466 0.004338948 0.007 0.00248466 0.004338948 0.0075 0.00297158 0.004021158 0.007 0.00297158 0.004021158 0.0075 0.003418316 0.003648989 0.007 0.003418316 0.003648989 0.0075 0.003818824 0.003227473 0.007 0.003818824 0.003227473 0.0075 0.004167689 0.002762312 0.007 0.004167689 0.002762312 0.0075 0.004460194 0.002259795 0.007 0.004460194 0.002259795 0.0075 0.004692382 0.001726718 0.007 0.004692382 0.001726718 0.0075 0.004861113 0.00117029 0.007 0.004861113 0.00117029 0.0075 0.004964106 0.0005980366 0.007 0.004964106 0.0005980366 0.0075 0.004999969 1.769533e-05 0.007 0.004999969 1.769533e-05 0.0075 0.004968215 -0.0005628853 0.007 0.004968215 -0.0005628853 0.0075 0.004869275 -0.001135854 0.007 0.004869275 -0.001135854 0.0075 0.004704486 -0.001693462 0.007 0.004704486 -0.001693462 0.0075 0.004476077 -0.002228169 0.007 0.004476077 -0.002228169 0.0075 0.004187137 -0.002732743 0.007 0.004187137 -0.002732743 0.0075 0.003841573 -0.003200363 0.007 0.003841573 -0.003200363 0.0075 0.003444058 -0.003624702 0.007 0.003444058 -0.003624702 0.0075 0.002999968 -0.004000024 0.007 0.002999968 -0.004000024 0.0075 0.002515309 -0.004321252 0.007 0.002515309 -0.004321252 0.0075 0.001996635 -0.004584043 0.007 0.001996635 -0.004584043 0.0075 0.001450959 -0.004784842 0.007 0.001450959 -0.004784842 0.0075 0.000885662 -0.004920935 0.007 0.000885662 -0.004920935 0.0075 0.0003083877 -0.004990481 0.007 0.0003083877 -0.004990481 0.0075 -0.0002730569 -0.004992538 0.007 -0.0002730569 -0.004992538 0.0075 -0.000850809 -0.004927081 0.007 -0.000850809 -0.004927081 0.0075 -0.001417055 -0.004794993 0.007 -0.001417055 -0.004794993 0.0075 -0.001964138 -0.004598061 0.007 -0.001964138 -0.004598061 0.0075 -0.00248466 -0.004338948 0.007 -0.00248466 -0.004338948 0.0075 -0.00297158 -0.004021158 0.007 -0.00297158 -0.004021158 0.0075 -0.003418316 -0.003648989 0.007 -0.003418316 -0.003648989 0.0075 -0.003818824 -0.003227473 0.007 -0.003818824 -0.003227473 0.0075 -0.004167689 -0.002762312 0.007 -0.004167689 -0.002762312 0.0075 -0.004460194 -0.002259795 0.007 -0.004460194 -0.002259795 0.007 -0.004692382 -0.001726718 0.0075 -0.004692382 -0.001726718 0.0075 -0.004861113 -0.00117029 0.007 -0.004861113 -0.00117029 0.007 -0.02286554 0.00591665 0.0075 -0.02286554 0.00591665 0.0075 -0.0229014 0.006496992 0.007 -0.0229014 0.006496992 0.0075 -0.02286965 0.007077572 0.007 -0.02286965 0.007077572 0.0075 -0.02277071 0.007650541 0.007 -0.02277071 0.007650541 0.0075 -0.02260592 0.008208149 0.007 -0.02260592 0.008208149 0.0075 -0.02237751 0.008742856 0.007 -0.02237751 0.008742856 0.0075 -0.02208857 0.00924743 0.007 -0.02208857 0.00924743 0.0075 -0.02174301 0.009715049 0.007 -0.02174301 0.009715049 0.0075 -0.02134549 0.01013939 0.007 -0.02134549 0.01013939 0.0075 -0.0209014 0.01051471 0.007 -0.0209014 0.01051471 0.0075 -0.02041674 0.01083594 0.007 -0.02041674 0.01083594 0.0075 -0.01989807 0.01109873 0.007 -0.01989807 0.01109873 0.0075 -0.01935239 0.01129953 0.007 -0.01935239 0.01129953 0.0075 -0.0187871 0.01143562 0.007 -0.0187871 0.01143562 0.0075 -0.01820982 0.01150517 0.007 -0.01820982 0.01150517 0.0075 -0.01762838 0.01150723 0.007 -0.01762838 0.01150723 0.0075 -0.01705063 0.01144177 0.007 -0.01705063 0.01144177 0.0075 -0.01648438 0.01130968 0.007 -0.01648438 0.01130968 0.0075 -0.0159373 0.01111275 0.007 -0.0159373 0.01111275 0.0075 -0.01541677 0.01085363 0.007 -0.01541677 0.01085363 0.0075 -0.01492985 0.01053584 0.007 -0.01492985 0.01053584 0.0075 -0.01448312 0.01016368 0.007 -0.01448312 0.01016368 0.0075 -0.01408261 0.00974216 0.007 -0.01408261 0.00974216 0.0075 -0.01373375 0.009276999 0.007 -0.01373375 0.009276999 0.0075 -0.01344124 0.008774482 0.007 -0.01344124 0.008774482 0.0075 -0.01320905 0.008241405 0.007 -0.01320905 0.008241405 0.0075 -0.01304032 0.007684977 0.007 -0.01304032 0.007684977 0.0075 -0.01293733 0.007112724 0.007 -0.01293733 0.007112724 0.0075 -0.01290147 0.006532382 0.007 -0.01290147 0.006532382 0.0075 -0.01293322 0.005951802 0.007 -0.01293322 0.005951802 0.0075 -0.01303216 0.005378833 0.007 -0.01303216 0.005378833 0.0075 -0.01319695 0.004821225 0.007 -0.01319695 0.004821225 0.0075 -0.01342536 0.004286518 0.007 -0.01342536 0.004286518 0.0075 -0.0137143 0.003781943 0.007 -0.0137143 0.003781943 0.0075 -0.01405986 0.003314324 0.007 -0.01405986 0.003314324 0.0075 -0.01445738 0.002889985 0.007 -0.01445738 0.002889985 0.0075 -0.01490147 0.002514663 0.007 -0.01490147 0.002514663 0.0075 -0.01538613 0.002193435 0.007 -0.01538613 0.002193435 0.0075 -0.0159048 0.001930644 0.007 -0.0159048 0.001930644 0.0075 -0.01645048 0.001729844 0.007 -0.01645048 0.001729844 0.0075 -0.01701577 0.001593752 0.007 -0.01701577 0.001593752 0.0075 -0.01759305 0.001524206 0.007 -0.01759305 0.001524206 0.0075 -0.01817449 0.001522148 0.007 -0.01817449 0.001522148 0.0075 -0.01875224 0.001587606 0.007 -0.01875224 0.001587606 0.0075 -0.01931849 0.001719694 0.007 -0.01931849 0.001719694 0.0075 -0.01986557 0.001916626 0.007 -0.01986557 0.001916626 0.0075 -0.02038609 0.002175739 0.007 -0.02038609 0.002175739 0.0075 -0.02087301 0.002493529 0.007 -0.02087301 0.002493529 0.0075 -0.02131975 0.002865698 0.007 -0.02131975 0.002865698 0.0075 -0.02172026 0.003287214 0.007 -0.02172026 0.003287214 0.0075 -0.02206912 0.003752375 0.007 -0.02206912 0.003752375 0.0075 -0.02236163 0.004254892 0.007 -0.02236163 0.004254892 0.0075 -0.02259382 0.004787969 0.007 -0.02259382 0.004787969 0.0075 -0.02276255 0.005344396 0.007 -0.02276255 0.005344396 -0.007 -0.01296281 0.005733672 -0.0075 -0.01308687 0.005165614 -0.0075 -0.01296281 0.005733672 -0.007 -0.01308687 0.005165614 -0.007 -0.01290553 0.006312293 -0.0075 -0.01290553 0.006312293 -0.007 -0.01291582 0.00689365 -0.0075 -0.01291582 0.00689365 -0.007 -0.01299352 0.007469883 -0.0075 -0.01299352 0.007469883 -0.007 -0.0131376 0.008033198 -0.0075 -0.0131376 0.008033198 -0.007 -0.0133461 0.008575978 -0.0075 -0.0133461 0.008575978 -0.007 -0.0136162 0.009090882 -0.0075 -0.0136162 0.009090882 -0.007 -0.01394426 0.009570948 -0.0075 -0.01394426 0.009570948 -0.007 -0.01432582 0.01000968 -0.0075 -0.01432582 0.01000968 -0.007 -0.01475574 0.01040115 -0.0075 -0.01475574 0.01040115 -0.007 -0.0152282 0.01074007 -0.0075 -0.0152282 0.01074007 -0.007 -0.01573682 0.01102184 -0.0075 -0.01573682 0.01102184 -0.007 -0.0162747 0.01124266 -0.0075 -0.0162747 0.01124266 -0.007 -0.01683459 0.01139954 -0.0075 -0.01683459 0.01139954 -0.007 -0.0174089 0.01149037 -0.0075 -0.0174089 0.01149037 -0.007 -0.01798987 0.0115139 -0.0075 -0.01798987 0.0115139 -0.007 -0.01856964 0.01146984 -0.0075 -0.01856964 0.01146984 -0.007 -0.01914038 0.01135876 -0.0075 -0.01914038 0.01135876 -0.007 -0.01969437 0.01118217 -0.0075 -0.01969437 0.01118217 -0.007 -0.02022411 0.01094246 -0.0075 -0.02022411 0.01094246 -0.007 -0.02072244 0.01064288 -0.0075 -0.02072244 0.01064288 -0.007 -0.02118261 0.01028747 -0.0075 -0.02118261 0.01028747 -0.007 -0.02159842 0.009881034 -0.0075 -0.02159842 0.009881034 -0.007 -0.02196423 0.009429078 -0.0075 -0.02196423 0.009429078 -0.007 -0.0222751 0.00893771 -0.0075 -0.0222751 0.00893771 -0.007 -0.02252682 0.008413574 -0.0075 -0.02252682 0.008413574 -0.007 -0.022716 0.00786376 -0.0075 -0.022716 0.00786376 -0.007 -0.02284006 0.007295701 -0.0075 -0.02284006 0.007295701 -0.007 -0.02289734 0.006717081 -0.0075 -0.02289734 0.006717081 -0.007 -0.02288705 0.006135724 -0.0075 -0.02288705 0.006135724 -0.007 -0.02280935 0.005559491 -0.0075 -0.02280935 0.005559491 -0.007 -0.02266527 0.004996176 -0.0075 -0.02266527 0.004996176 -0.007 -0.02245677 0.004453396 -0.0075 -0.02245677 0.004453396 -0.007 -0.02218667 0.003938492 -0.0075 -0.02218667 0.003938492 -0.007 -0.02185861 0.003458426 -0.0075 -0.02185861 0.003458426 -0.007 -0.02147705 0.003019691 -0.0075 -0.02147705 0.003019691 -0.007 -0.02104713 0.002628219 -0.0075 -0.02104713 0.002628219 -0.007 -0.02057466 0.002289306 -0.0075 -0.02057466 0.002289306 -0.007 -0.02006605 0.002007533 -0.0075 -0.02006605 0.002007533 -0.007 -0.01952817 0.001786712 -0.0075 -0.01952817 0.001786712 -0.007 -0.01896828 0.001629829 -0.0075 -0.01896828 0.001629829 -0.007 -0.01839397 0.001539005 -0.0075 -0.01839397 0.001539005 -0.007 -0.017813 0.001515469 -0.0075 -0.017813 0.001515469 -0.007 -0.01723322 0.001559539 -0.0075 -0.01723322 0.001559539 -0.007 -0.01666249 0.001670618 -0.0075 -0.01666249 0.001670618 -0.007 -0.0161085 0.001847205 -0.0075 -0.0161085 0.001847205 -0.007 -0.01557876 0.002086912 -0.0075 -0.01557876 0.002086912 -0.007 -0.01508043 0.002386497 -0.0075 -0.01508043 0.002386497 -0.007 -0.01462025 0.002741908 -0.0075 -0.01462025 0.002741908 -0.007 -0.01420445 0.00314834 -0.0075 -0.01420445 0.00314834 -0.007 -0.01383864 0.003600296 -0.0075 -0.01383864 0.003600296 -0.0075 -0.01352777 0.004091664 -0.007 -0.01352777 0.004091664 -0.007 -0.01327605 0.0046158 -0.0075 -0.01327605 0.0046158 -0.007 -0.01190262 0.03319295 -0.007 -0.01890262 0.03319264 -0.00687059 -0.01890262 0.03320968 -0.00687059 -0.01190262 0.03320999 -0.00675 -0.01190263 0.03325994 -0.006646447 -0.01190263 0.0333394 -0.00675 -0.01890263 0.03325963 -0.006566987 -0.01190263 0.03344295 -0.006646447 -0.01890263 0.03333909 -0.006517037 -0.01190264 0.03356354 -0.006566987 -0.01890263 0.03344264 -0.0065 -0.01190264 0.03369295 -0.006517037 -0.01890264 0.03356323 -0.006517037 -0.01190265 0.03382236 -0.0065 -0.01890264 0.03369264 -0.006566987 -0.01190266 0.03394295 -0.006517037 -0.01890265 0.03382205 -0.006646447 -0.01190266 0.03404651 -0.006566987 -0.01890266 0.03394264 -0.00675 -0.01190266 0.03412597 -0.006646447 -0.01890266 0.0340462 -0.00687059 -0.01190267 0.03417592 -0.00675 -0.01890266 0.03412566 -0.00687059 -0.01890267 0.03417561 -0.007 -0.01190267 0.03419295 -0.007 -0.01890267 0.03419264 -0.00687059 -0.01190244 0.02914599 -0.007 -0.01190244 0.02912895 -0.007 -0.01890244 0.02912864 -0.00675 -0.01190244 0.02919594 -0.00687059 -0.01890244 0.02914568 -0.006646447 -0.01190245 0.0292754 -0.00675 -0.01890244 0.02919563 -0.006566987 -0.01190245 0.02937895 -0.006646447 -0.01890245 0.02927509 -0.006517037 -0.01190246 0.02949954 -0.006566987 -0.01890245 0.02937864 -0.0065 -0.01190246 0.02962895 -0.006517037 -0.01890246 0.02949923 -0.006517037 -0.01190247 0.02975836 -0.0065 -0.01890246 0.02962864 -0.006566987 -0.01190247 0.02987895 -0.006517037 -0.01890247 0.02975805 -0.006646447 -0.01190248 0.02998251 -0.006566987 -0.01890247 0.02987864 -0.00675 -0.01190248 0.03006197 -0.006646447 -0.01890248 0.0299822 -0.00687059 -0.01190248 0.03011192 -0.00675 -0.01890248 0.03006166 -0.007 -0.01190249 0.03012895 -0.00687059 -0.01890248 0.03011161 -0.007 -0.01890249 0.03012864 -0.007 0.004316224 -0.004167758 0.007 0.004316224 -0.004167758 0.007 0.00385693 -0.004596095 -0.007 0.004728229 -0.003693758 -0.007 0.00385693 -0.004596095 0.007 0.003355379 -0.004974076 -0.007 0.003355379 -0.004974076 0.007 0.002817065 -0.00529756 -0.007 0.002629987 0.005392881 0.007 0.00205187 0.005638247 0.007 0.002629987 0.005392881 -0.007 0.00205187 0.005638247 -0.007 0.002817065 -0.00529756 0.007 0.002247887 -0.005563003 -0.007 0.003179289 0.00508843 0.007 0.003179289 0.00508843 -0.007 0.002247887 -0.005563003 0.007 0.001654081 -0.005767497 -0.007 0.003693758 0.004728229 0.007 0.003693758 0.004728229 -0.007 0.001654081 -0.005767497 0.007 0.001042152 -0.0059088 -0.007 0.004167758 0.004316224 0.007 0.004167758 0.004316224 -0.007 0.001042152 -0.0059088 0.007 0.0004188052 -0.005985366 -0.007 0.004596095 0.00385693 0.007 0.004596095 0.00385693 0.007 0.004974076 0.003355379 -0.007 0.0004188052 -0.005985366 0.007 -0.0002091302 -0.005996354 -0.007 0.004974076 0.003355379 0.007 0.00529756 0.002817065 -0.007 -0.0002091302 -0.005996354 0.007 -0.0008347742 -0.005941646 -0.007 0.00529756 0.002817065 0.007 0.005563003 0.002247887 -0.007 -0.0008347742 -0.005941646 0.007 -0.001451272 -0.005821839 -0.007 -0.001451272 -0.005821839 -0.007 -0.00205187 -0.005638247 0.007 -0.00205187 -0.005638247 -0.007 0.005563003 0.002247887 0.007 0.005767496 0.001654081 -0.007 0.005767496 0.001654081 0.007 0.0059088 0.001042152 -0.007 0.0059088 0.001042152 0.007 0.005985366 0.0004188053 -0.007 0.005985366 0.0004188053 0.007 0.005996354 -0.00020913 -0.007 0.005996354 -0.00020913 0.007 0.005941645 -0.0008347741 -0.007 0.005941645 -0.0008347741 0.007 0.005821839 -0.001451272 -0.007 0.005821839 -0.001451272 0.007 0.005638247 -0.00205187 -0.007 0.005638247 -0.00205187 0.007 0.005392881 -0.002629987 -0.007 0.005392881 -0.002629987 0.007 0.00508843 -0.003179289 -0.007 0.00508843 -0.003179289 0.007 0.004728229 -0.003693758 0.007 -0.02390143 0.00651442 0.007 -0.0229014 0.006496992 0.007 -0.02286965 0.007077572 0.007 -0.02385668 0.005783206 0.007 -0.02277071 0.007650541 0.007 -0.02260592 0.008208149 0.007 -0.01890175 0.01351464 0.007 -0.01935239 0.01129953 0.007 -0.0187871 0.01143562 0.007 -0.01989807 0.01109873 0.007 -0.02041674 0.01083594 0.007 -0.01648438 0.01130968 0.007 -0.01186041 0.01550478 0.007 -0.01190187 0.01631786 0.007 -0.01705063 0.01144177 0.007 -0.01762838 0.01150723 0.007 0.003444058 -0.003624702 0.007 0.00385693 -0.004596095 0.007 0.004316224 -0.004167758 0.007 -0.01820982 0.01150517 0.007 -0.02390175 0.01351442 0.007 -0.0209014 0.01051471 0.007 -0.02134549 0.01013939 0.007 -0.02174301 0.009715049 0.007 -0.02208857 0.00924743 0.007 -0.02237751 0.008742856 0.007 0.003841573 -0.003200363 0.007 0.004728229 -0.003693758 0.007 0.002999968 -0.004000024 0.007 0.003355379 -0.004974076 0.007 -0.01890244 0.02912864 0.007 -0.01190244 0.02912895 0.007 0.004187137 -0.002732743 0.007 0.00508843 -0.003179289 0.007 0.002515309 -0.004321252 0.007 0.002817065 -0.00529756 0.007 0.004476077 -0.002228169 0.007 0.005392881 -0.002629987 0.007 0.001996635 -0.004584043 0.007 0.002247887 -0.005563003 0.007 0.004704486 -0.001693462 0.007 0.005638247 -0.00205187 0.007 0.005821839 -0.001451272 0.007 0.001450959 -0.004784842 0.007 0.001654081 -0.005767497 0.007 0.004869275 -0.001135854 0.007 0.005941645 -0.0008347741 0.007 0.000885662 -0.004920935 0.007 0.0004188052 -0.005985366 0.007 0.001042152 -0.0059088 0.007 0.004968215 -0.0005628853 0.007 0.005996354 -0.00020913 0.007 0.0003083877 -0.004990481 0.007 -0.0002091302 -0.005996354 0.007 0.004999969 1.769533e-05 0.007 0.005985366 0.0004188053 0.007 -0.0002730569 -0.004992538 0.007 -0.0008347742 -0.005941646 0.007 0.004964106 0.0005980366 0.007 0.0059088 0.001042152 0.007 -0.000850809 -0.004927081 0.007 -0.001451272 -0.005821839 0.007 0.004861113 0.00117029 0.007 0.005767496 0.001654081 0.007 -0.001417055 -0.004794993 0.007 -0.00205187 -0.005638247 0.007 0.004692382 0.001726718 0.007 0.005563003 0.002247887 0.007 -0.001964138 -0.004598061 0.007 0.004460194 0.002259795 0.007 0.00529756 0.002817065 0.007 -0.00248466 -0.004338948 0.007 0.004167689 0.002762312 0.007 0.004974076 0.003355379 0.007 -0.00297158 -0.004021158 0.007 0.003818824 0.003227473 0.007 0.004596095 0.00385693 0.007 -0.003418316 -0.003648989 0.007 0.004167758 0.004316224 0.007 0.003418316 0.003648989 0.007 -0.003818824 -0.003227473 0.007 0.003693758 0.004728229 0.007 0.00297158 0.004021158 0.007 0.003179289 0.00508843 0.007 0.00248466 0.004338948 0.007 0.002629987 0.005392881 0.007 0.001964138 0.004598061 0.007 0.00205187 0.005638247 0.007 0.001417055 0.004794993 0.007 0.000850809 0.004927081 0.007 0.0002730569 0.004992538 0.007 -0.0003083877 0.004990481 0.007 -0.006637697 0.008800553 0.007 -0.000885662 0.004920935 0.007 -0.001450959 0.004784842 0.007 -0.001996635 0.004584043 0.007 -0.002515309 0.004321252 0.007 -0.002999968 0.004000024 0.007 -0.003444058 0.003624702 0.007 -0.003841573 0.003200363 0.007 -0.004187137 0.002732743 0.007 -0.004476077 0.002228169 0.007 -0.01445738 0.002889985 0.007 -0.004964106 -0.0005980366 0.007 -0.004999969 -1.769533e-05 0.007 -0.01405986 0.003314324 0.007 -0.004968215 0.0005628853 0.007 -0.01490147 0.002514663 0.007 -0.004861113 -0.00117029 0.007 -0.0137143 0.003781943 0.007 -0.004869275 0.001135854 0.007 -0.01538613 0.002193435 0.007 -0.004692382 -0.001726718 0.007 -0.01342536 0.004286518 0.007 -0.004704486 0.001693462 0.007 -0.0159048 0.001930644 0.007 -0.004460194 -0.002259795 0.007 -0.01319695 0.004821225 0.007 -0.01645048 0.001729844 0.007 -0.004167689 -0.002762312 0.007 -0.01303216 0.005378833 0.007 -0.01701577 0.001593752 0.007 -0.01293322 0.005951802 0.007 -0.007387589 0.009117537 0.007 -0.01290147 0.006532382 0.007 -0.00810138 0.009509095 0.007 -0.01293733 0.007112724 0.007 -0.00877168 0.009971172 0.007 -0.01304032 0.007684977 0.007 -0.009391545 0.01049898 0.007 -0.0199533 0.0008764399 0.007 -0.01817449 0.001522148 0.007 -0.01875224 0.001587606 0.007 -0.01759305 0.001524206 0.007 -0.01931849 0.001719694 0.007 -0.01320905 0.008241405 0.007 -0.009954556 0.01108706 0.007 -0.01986557 0.001916626 0.007 -0.02062514 0.001168527 0.007 -0.01344124 0.008774482 0.007 -0.02038609 0.002175739 0.007 -0.02125637 0.001540312 0.007 -0.01373375 0.009276999 0.007 -0.01045488 0.01172931 0.007 -0.02087301 0.002493529 0.007 -0.02183759 0.001986254 0.007 -0.01408261 0.00974216 0.007 -0.01088734 0.01241909 0.007 -0.02131975 0.002865698 0.007 -0.01448312 0.01016368 0.007 -0.01124746 0.01314925 0.007 -0.02236012 0.002499705 0.007 -0.02172026 0.003287214 0.007 -0.01492985 0.01053584 0.007 -0.0115315 0.01391223 0.007 -0.02281619 0.00307301 0.007 -0.02206912 0.003752375 0.007 -0.01541677 0.01085363 0.007 -0.02319899 0.003697622 0.007 -0.02236163 0.004254892 0.007 -0.0159373 0.01111275 0.007 -0.01173652 0.01470013 0.007 -0.02350282 0.00436423 0.007 -0.02259382 0.004787969 0.007 -0.02372314 0.005062896 0.007 -0.02276255 0.005344396 0.007 -0.02286554 0.00591665 0.007 -0.01890267 0.03419264 0.007 -0.01190267 0.03419295 0.007 -0.0119029 0.03951495 0.007 -0.01890313 0.04451464 0.007 -0.01390313 0.04451486 -0.001239247 -0.01890198 0.01885091 -0.007 -0.01890175 0.01351464 -0.0009109056 -0.01890197 0.01857928 -0.001489721 -0.018902 0.01919566 -0.0005253289 -0.01890196 0.01839785 -0.001646591 -0.01890202 0.01959187 -0.0001067439 -0.01890196 0.018318 -0.0017 -0.01890204 0.02001464 -0.001646591 -0.01890205 0.02043742 0.007 -0.01890175 0.01351464 0.001375329 -0.01890199 0.01901541 0.001083621 -0.01890198 0.01870477 0.0007238248 -0.01890197 0.01847644 0.0003185482 -0.01890196 0.01834475 0.00158062 -0.01890201 0.01938883 0.001686595 -0.01890203 0.01980158 0.001686595 -0.01890204 0.02022771 -0.007 -0.01890244 0.02912864 -0.001489721 -0.01890207 0.02083362 -0.00687059 -0.01890244 0.02914568 -0.001239247 -0.01890209 0.02117837 -0.0009109056 -0.0189021 0.02145 -0.000956136 -0.01890234 0.02685887 -0.00675 -0.01890244 0.02919563 -0.001213525 -0.01890235 0.02713296 -0.0006386689 -0.01890233 0.0266574 -0.0005253289 -0.01890211 0.02163144 -0.006646447 -0.01890245 0.02927509 -0.001394665 -0.01890237 0.02746246 -0.007 -0.01890249 0.03012864 -0.00687059 -0.01890248 0.03011161 -0.007 -0.01890262 0.03319264 -0.000281072 -0.01890233 0.02654121 -0.0001067439 -0.01890211 0.02171129 -0.001488172 -0.01890238 0.02782664 -0.006566987 -0.01890245 0.02937864 -0.00687059 -0.01890262 0.03320968 -0.00675 -0.01890248 0.03006166 -0.00675 -0.01890263 0.03325963 -0.006646447 -0.01890248 0.0299822 0.0003185482 -0.01890211 0.02168453 9.418578e-05 -0.01890232 0.0265176 -0.006646447 -0.01890263 0.03333909 -0.006566987 -0.01890247 0.02987864 -0.006517037 -0.01890246 0.02949923 -0.001488172 -0.0189024 0.02820264 -0.006566987 -0.01890263 0.03344264 0.0004635255 -0.01890233 0.02658806 0.0007238248 -0.0189021 0.02155285 -0.001394665 -0.01890242 0.02856683 -0.0065 -0.01890246 0.02962864 -0.006517037 -0.01890247 0.02975805 0.0008037402 -0.01890234 0.02674815 0.001083621 -0.01890209 0.02132451 -0.001213525 -0.01890243 0.02889632 0.001093453 -0.01890235 0.02698782 0.001375329 -0.01890208 0.02101388 -0.000956136 -0.01890244 0.02917041 0.00131446 -0.01890236 0.02729201 -0.006517037 -0.01890264 0.03356323 -0.001239247 -0.0189027 0.03485091 -0.0065 -0.01890264 0.03369264 -0.0006386689 -0.01890245 0.02937188 -0.0009109056 -0.01890268 0.03457928 -0.006517037 -0.01890265 0.03382205 -0.001489721 -0.01890271 0.03519566 -0.000281072 -0.01890246 0.02948807 -0.0005253289 -0.01890268 0.03439785 -0.006566987 -0.01890266 0.03394264 -0.001646591 -0.01890273 0.03559187 9.418578e-05 -0.01890246 0.02951168 -0.0001067439 -0.01890267 0.034318 -0.006646447 -0.01890266 0.0340462 -0.0017 -0.01890275 0.03601464 -0.00675 -0.01890266 0.03412566 0.0004635255 -0.01890246 0.02944123 0.0003185482 -0.01890267 0.03434475 -0.00687059 -0.01890267 0.03417561 -0.001646591 -0.01890277 0.03643742 0.0008037402 -0.01890245 0.02928113 0.0007238248 -0.01890268 0.03447644 -0.001489721 -0.01890278 0.03683362 0.001083621 -0.01890269 0.03470477 0.001093453 -0.01890244 0.02904146 0.0015 -0.01890239 0.02801464 0.001452875 -0.01890237 0.02764161 0.006646447 -0.01890245 0.02927509 0.00675 -0.01890244 0.02919563 0.006566987 -0.01890245 0.02937864 0.00687059 -0.01890244 0.02914568 0.001452875 -0.01890241 0.02838768 0.006517037 -0.01890246 0.02949923 0.00131446 -0.01890242 0.02873727 0.0065 -0.01890246 0.02962864 0.007 -0.01890244 0.02912864 0.00158062 -0.01890206 0.02064045 0.006517037 -0.01890247 0.02975805 0.006566987 -0.01890247 0.02987864 -0.007 -0.01890313 0.04451464 -0.007 -0.01890267 0.03419264 -0.001239247 -0.0189028 0.03717837 -0.0009109056 -0.01890281 0.03745 -0.0005253289 -0.01890282 0.03763144 -0.0001067439 -0.01890282 0.03771129 0.006566987 -0.01890263 0.03344264 0.006646447 -0.01890248 0.0299822 0.006646447 -0.01890263 0.03333909 0.00675 -0.01890263 0.03325963 0.00675 -0.01890248 0.03006166 0.00687059 -0.01890248 0.03011161 0.00687059 -0.01890262 0.03320968 0.006517037 -0.01890264 0.03356323 0.001375329 -0.0189027 0.03501541 0.00158062 -0.01890272 0.03538883 0.0065 -0.01890264 0.03369264 0.007 -0.01890249 0.03012864 0.007 -0.01890262 0.03319264 0.006517037 -0.01890265 0.03382205 0.001686595 -0.01890274 0.03580158 0.006566987 -0.01890266 0.03394264 0.001686595 -0.01890276 0.03622771 0.006646447 -0.01890266 0.0340462 0.00158062 -0.01890278 0.03664045 0.00675 -0.01890266 0.03412566 0.001375329 -0.01890279 0.03701388 0.00687059 -0.01890267 0.03417561 0.007 -0.01890267 0.03419264 0.007 -0.01890313 0.04451464 0.0003185482 -0.01890282 0.03768453 0.0007238248 -0.01890282 0.03755285 0.001083621 -0.01890281 0.03732451 0.007 -0.01890262 0.03319264 0.007 -0.01890249 0.03012864 0.007 -0.01190249 0.03012895 0.007 -0.01190262 0.03319295 -0.007 -0.0119029 0.03951495 -0.007 -0.01190267 0.03419295 -0.007 -0.01890267 0.03419264 -0.007 -0.01390313 0.04451486 -0.007 -0.01890313 0.04451464 -0.007 -0.01190262 0.03319295 -0.007 -0.01190249 0.03012895 -0.007 -0.01890262 0.03319264 -0.007 -0.01890249 0.03012864 -0.007 -0.02062514 0.001168527 -0.007 -0.0199533 0.0008764399 0.007 -0.0199533 0.0008764399 0.007 -0.02062514 0.001168527 -0.007 -0.02125637 0.001540312 0.007 -0.02125637 0.001540312 -0.007 -0.02183759 0.001986254 0.007 -0.02183759 0.001986254 -0.007 -0.02236012 0.002499705 0.007 -0.02236012 0.002499705 -0.007 -0.02281619 0.00307301 0.007 -0.02281619 0.00307301 -0.007 -0.02319899 0.003697622 0.007 -0.02319899 0.003697622 -0.007 -0.02350282 0.00436423 0.007 -0.02350282 0.00436423 -0.007 -0.02372314 0.005062896 0.007 -0.02372314 0.005062896 -0.007 -0.02385668 0.005783206 0.007 -0.02385668 0.005783206 -0.007 -0.02390143 0.00651442 0.007 -0.02390143 0.00651442 -0.007 -0.00205187 -0.005638247 0.007 -0.00205187 -0.005638247 -0.007 -0.0199533 0.0008764399 0.007 -0.0199533 0.0008764399 -0.007 0.00205187 0.005638247 -0.007 -0.006637697 0.008800553 0.007 -0.006637697 0.008800553 0.007 0.00205187 0.005638247 -0.007 -0.01190187 0.01631786 -0.002369148 -0.01190194 0.01779018 -0.001741437 -0.01190191 0.01727089 -0.002847997 -0.01190197 0.01844925 -0.001004305 -0.0119019 0.01692402 -0.003147895 -0.011902 0.01920671 -0.0002040692 -0.01190189 0.01677137 -0.00325 -0.01190204 0.02001495 -0.003147895 -0.01190207 0.0208232 -0.007 -0.01190244 0.02912895 -0.002847997 -0.01190211 0.02158065 -0.00687059 -0.01190244 0.02914599 -0.002369148 -0.01190213 0.02223973 -0.00675 -0.01190244 0.02919594 0.007 -0.01190187 0.01631786 0.003021774 -0.01190198 0.01881855 0.003224373 -0.01190202 0.01960762 0.002629305 -0.01190195 0.01810465 0.002071628 -0.01190192 0.01751079 0.001383783 -0.0119019 0.01707427 0.0006089893 -0.01190189 0.01682252 0.003224373 -0.01190205 0.02042229 0.003021774 -0.01190209 0.02121136 -0.001004305 -0.01190217 0.02310589 -0.001741437 -0.01190216 0.02275902 -0.000956136 -0.01190234 0.02685918 -0.001213525 -0.01190235 0.02713328 -0.0006386689 -0.01190233 0.02665771 -0.001394665 -0.01190237 0.02746277 -0.006646447 -0.01190245 0.0292754 -0.00687059 -0.01190248 0.03011192 -0.007 -0.01190249 0.03012895 -0.007 -0.01190262 0.03319295 -0.000281072 -0.01190233 0.02654152 -0.0002040692 -0.01190218 0.02325854 -0.001488172 -0.01190238 0.02782695 -0.006566987 -0.01190245 0.02937895 -0.00687059 -0.01190262 0.03320999 -0.006646447 -0.01190248 0.02998251 -0.00675 -0.01190248 0.03006197 -0.00675 -0.01190263 0.03325994 9.418578e-05 -0.01190232 0.02651791 0.0006089893 -0.01190218 0.02320739 -0.006646447 -0.01190263 0.0333394 -0.006517037 -0.01190246 0.02949954 -0.001488172 -0.0119024 0.02820295 -0.006566987 -0.01190263 0.03344295 -0.006566987 -0.01190247 0.02987895 0.0004635255 -0.01190233 0.02658837 -0.001394665 -0.01190242 0.02856714 -0.0065 -0.01190246 0.02962895 -0.006517037 -0.01190247 0.02975836 0.0008037402 -0.01190234 0.02674846 0.001383783 -0.01190217 0.02295564 -0.001213525 -0.01190243 0.02889663 0.001093453 -0.01190235 0.02698813 0.002071628 -0.01190215 0.02251912 0.00131446 -0.01190236 0.02729232 -0.002369148 -0.01190265 0.03379018 -0.006517037 -0.01190264 0.03356354 -0.000956136 -0.01190244 0.02917072 -0.001741437 -0.01190263 0.03327089 -0.0065 -0.01190264 0.03369295 -0.002847997 -0.01190268 0.03444925 -0.006517037 -0.01190265 0.03382236 -0.000281072 -0.01190246 0.02948838 -0.0006386689 -0.01190245 0.02937219 -0.001004305 -0.01190261 0.03292402 -0.006566987 -0.01190266 0.03394295 -0.003147895 -0.01190271 0.03520671 -0.006646447 -0.01190266 0.03404651 -0.00687059 -0.01190267 0.03417592 -0.007 -0.01190267 0.03419295 -0.007 -0.0119029 0.03951495 9.418578e-05 -0.01190246 0.02951199 -0.0002040692 -0.0119026 0.03277137 -0.00325 -0.01190275 0.03601495 -0.00675 -0.01190266 0.03412597 0.0008037402 -0.01190245 0.02928145 0.0004635255 -0.01190246 0.02944154 0.0006089893 -0.01190261 0.03282252 -0.003147895 -0.01190278 0.0368232 0.001383783 -0.01190262 0.03307427 0.001093453 -0.01190244 0.02904177 -0.002847997 -0.01190282 0.03758065 0.002071628 -0.01190264 0.03351079 -0.002369148 -0.01190285 0.03823973 0.001452875 -0.01190237 0.02764192 0.0015 -0.01190239 0.02801495 0.006646447 -0.01190245 0.0292754 0.00675 -0.01190244 0.02919594 0.006566987 -0.01190245 0.02937895 0.00687059 -0.01190244 0.02914599 0.002629305 -0.01190212 0.02192526 0.001452875 -0.01190241 0.02838799 0.006517037 -0.01190246 0.02949954 0.00131446 -0.01190242 0.02873758 0.0065 -0.01190246 0.02962895 0.007 -0.01190244 0.02912895 0.006517037 -0.01190247 0.02975836 0.006566987 -0.01190247 0.02987895 -0.001741437 -0.01190287 0.03875902 -0.001004305 -0.01190289 0.03910589 0.00675 -0.01190248 0.03006197 0.006646447 -0.01190248 0.02998251 0.00675 -0.01190263 0.03325994 0.006646447 -0.01190263 0.0333394 0.006566987 -0.01190263 0.03344295 0.002629305 -0.01190266 0.03410465 0.00687059 -0.01190248 0.03011192 0.00687059 -0.01190262 0.03320999 0.006517037 -0.01190264 0.03356354 0.0065 -0.01190264 0.03369295 0.003021774 -0.01190269 0.03481855 0.007 -0.01190249 0.03012895 0.007 -0.01190262 0.03319295 0.006517037 -0.01190265 0.03382236 0.003224373 -0.01190273 0.03560762 0.006566987 -0.01190266 0.03394295 0.006646447 -0.01190266 0.03404651 0.003224373 -0.01190277 0.03642229 0.00675 -0.01190266 0.03412597 0.00687059 -0.01190267 0.03417592 0.007 -0.01190267 0.03419295 0.007 -0.0119029 0.03951495 0.001383783 -0.01190288 0.03895564 0.0006089893 -0.01190289 0.03920739 0.002071628 -0.01190286 0.03851912 0.002629305 -0.01190283 0.03792526 0.003021774 -0.0119028 0.03721136 -0.0002040692 -0.01190289 0.03925854 -0.007 -0.0119029 0.03951495 -0.007 -0.01390313 0.04451486 0.007 -0.0119029 0.03951495 0.007 -0.01390313 0.04451486 -0.007 -0.01390313 0.04451486 -0.007 -0.01890313 0.04451464 0.007 -0.01390313 0.04451486 0.007 -0.01890313 0.04451464 -0.007 -0.02390175 0.01351442 -0.007 -0.02390143 0.00651442 0.007 -0.02390143 0.00651442 0.007 -0.02390175 0.01351442 -0.007 -0.02284006 0.007295701 -0.007 -0.02289734 0.006717081 -0.007 -0.02390143 0.00651442 -0.007 -0.02288705 0.006135724 -0.007 -0.02385668 0.005783206 -0.007 -0.022716 0.00786376 -0.007 -0.02252682 0.008413574 -0.007 0.004728229 -0.003693758 -0.007 0.004316224 -0.004167758 -0.007 0.003696987 -0.003366347 -0.007 -0.01190187 0.01631786 -0.007 -0.01186041 0.01550478 -0.007 -0.01890175 0.01351464 -0.007 -0.0162747 0.01124266 -0.007 -0.01683459 0.01139954 -0.007 -0.0174089 0.01149037 -0.007 -0.01798987 0.0115139 -0.007 -0.01856964 0.01146984 -0.007 -0.01914038 0.01135876 -0.007 -0.01969437 0.01118217 -0.007 -0.02022411 0.01094246 -0.007 0.00385693 -0.004596095 -0.007 0.00328118 -0.003772779 -0.007 -0.02072244 0.01064288 -0.007 -0.02390175 0.01351442 -0.007 -0.02118261 0.01028747 -0.007 0.00508843 -0.003179289 -0.007 0.004062798 -0.002914391 -0.007 -0.02159842 0.009881034 -0.007 -0.02196423 0.009429078 -0.007 -0.0222751 0.00893771 -0.007 0.003355379 -0.004974076 -0.007 0.002821001 -0.00412819 -0.007 -0.01190244 0.02912895 -0.007 -0.01890244 0.02912864 -0.007 0.005392881 -0.002629987 -0.007 0.004373667 -0.002423023 -0.007 0.002817065 -0.00529756 -0.007 0.002247887 -0.005563003 -0.007 0.002322673 -0.004427775 -0.007 0.005638247 -0.00205187 -0.007 0.004625389 -0.001898887 -0.007 0.001654081 -0.005767497 -0.007 0.001792934 -0.004667482 -0.007 0.004814562 -0.001349073 -0.007 0.005821839 -0.001451272 -0.007 0.001042152 -0.0059088 -0.007 0.001238949 -0.004844069 -0.007 0.004938625 -0.0007810144 -0.007 0.005941645 -0.0008347741 -0.007 0.00066821 -0.004955148 -0.007 0.0004188052 -0.005985366 -0.007 0.004995902 -0.0002023941 -0.007 0.005996354 -0.00020913 -0.007 0.005985366 0.0004188053 -0.007 -0.0002091302 -0.005996354 -0.007 8.843417e-05 -0.004999218 -0.007 0.0059088 0.001042152 -0.007 0.004985618 0.0003789632 -0.007 -0.0008347742 -0.005941646 -0.007 -0.0004925376 -0.004975682 -0.007 0.004907912 0.0009551957 -0.007 0.005767496 0.001654081 -0.007 -0.001451272 -0.005821839 -0.007 -0.001066849 -0.004884858 -0.007 0.005563003 0.002247887 -0.007 0.004763835 0.001518511 -0.007 -0.00205187 -0.005638247 -0.007 -0.001626732 -0.004727974 -0.007 0.004555335 0.002061291 -0.007 0.00529756 0.002817065 -0.007 -0.002164617 -0.004507153 -0.007 0.004285233 0.002576195 -0.007 0.004974076 0.003355379 -0.007 -0.002673229 -0.004225381 -0.007 0.003957179 0.003056261 -0.007 -0.003145691 -0.003886467 -0.007 0.004596095 0.00385693 -0.007 0.003575612 0.003494996 -0.007 -0.003575612 -0.003494996 -0.007 0.004167758 0.004316224 -0.007 0.003145691 0.003886467 -0.007 0.003693758 0.004728229 -0.007 0.002673229 0.004225381 -0.007 0.003179289 0.00508843 -0.007 0.002164617 0.004507153 -0.007 0.002629987 0.005392881 -0.007 0.001626732 0.004727974 -0.007 0.00205187 0.005638247 -0.007 0.001066849 0.004884858 -0.007 0.0004925376 0.004975682 -0.007 -8.843417e-05 0.004999218 -0.007 -0.00066821 0.004955148 -0.007 -0.006637697 0.008800553 -0.007 -0.001238949 0.004844069 -0.007 -0.001792934 0.004667482 -0.007 -0.002322673 0.004427775 -0.007 -0.002821001 0.00412819 -0.007 -0.00328118 0.003772779 -0.007 -0.003696987 0.003366347 -0.007 -0.004062798 0.002914391 -0.007 -0.004373667 0.002423023 -0.007 -0.004995902 0.0002023941 -0.007 -0.004985618 -0.0003789632 -0.007 -0.01420445 0.00314834 -0.007 -0.01462025 0.002741908 -0.007 -0.004907912 -0.0009551957 -0.007 -0.004938625 0.0007810144 -0.007 -0.01383864 0.003600296 -0.007 -0.01508043 0.002386497 -0.007 -0.004763835 -0.001518511 -0.007 -0.01352777 0.004091664 -0.007 -0.004814562 0.001349073 -0.007 -0.01557876 0.002086912 -0.007 -0.004555335 -0.002061291 -0.007 -0.01327605 0.0046158 -0.007 -0.004625389 0.001898887 -0.007 -0.0161085 0.001847205 -0.007 -0.004285233 -0.002576195 -0.007 -0.01308687 0.005165614 -0.007 -0.01666249 0.001670618 -0.007 -0.003957179 -0.003056261 -0.007 -0.01296281 0.005733672 -0.007 -0.007387589 0.009117537 -0.007 -0.01723322 0.001559539 -0.007 -0.00810138 0.009509095 -0.007 -0.01290553 0.006312293 -0.007 -0.00877168 0.009971172 -0.007 -0.01291582 0.00689365 -0.007 -0.01299352 0.007469883 -0.007 -0.0199533 0.0008764399 -0.007 -0.01896828 0.001629829 -0.007 -0.01839397 0.001539005 -0.007 -0.017813 0.001515469 -0.007 -0.009391545 0.01049898 -0.007 -0.0131376 0.008033198 -0.007 -0.01952817 0.001786712 -0.007 -0.009954556 0.01108706 -0.007 -0.0133461 0.008575978 -0.007 -0.02062514 0.001168527 -0.007 -0.02006605 0.002007533 -0.007 -0.01045488 0.01172931 -0.007 -0.0136162 0.009090882 -0.007 -0.02125637 0.001540312 -0.007 -0.02057466 0.002289306 -0.007 -0.01088734 0.01241909 -0.007 -0.01394426 0.009570948 -0.007 -0.02104713 0.002628219 -0.007 -0.02183759 0.001986254 -0.007 -0.01432582 0.01000968 -0.007 -0.01124746 0.01314925 -0.007 -0.02147705 0.003019691 -0.007 -0.02236012 0.002499705 -0.007 -0.01475574 0.01040115 -0.007 -0.02185861 0.003458426 -0.007 -0.02281619 0.00307301 -0.007 -0.0115315 0.01391223 -0.007 -0.0152282 0.01074007 -0.007 -0.02218667 0.003938492 -0.007 -0.01173652 0.01470013 -0.007 -0.01573682 0.01102184 -0.007 -0.02319899 0.003697622 -0.007 -0.02245677 0.004453396 -0.007 -0.02350282 0.00436423 -0.007 -0.02266527 0.004996176 -0.007 -0.02280935 0.005559491 -0.007 -0.02372314 0.005062896 -0.007 -0.01190187 0.01631786 0.007 -0.01190187 0.01631786 0.007 -0.01186041 0.01550478 -0.007 -0.01186041 0.01550478 -0.007 -0.01173652 0.01470013 0.007 -0.01173652 0.01470013 -0.007 -0.0115315 0.01391223 0.007 -0.0115315 0.01391223 -0.007 -0.01124746 0.01314925 0.007 -0.01124746 0.01314925 -0.007 -0.01088734 0.01241909 0.007 -0.01088734 0.01241909 -0.007 -0.01045488 0.01172931 0.007 -0.01045488 0.01172931 -0.007 -0.009954556 0.01108706 0.007 -0.009954556 0.01108706 -0.007 -0.009391545 0.01049898 0.007 -0.009391545 0.01049898 -0.007 -0.00877168 0.009971172 -0.007 -0.00810138 0.009509095 0.007 -0.00877168 0.009971172 -0.007 -0.007387589 0.009117537 0.007 -0.00810138 0.009509095 -0.007 -0.006637697 0.008800553 0.007 -0.007387589 0.009117537 0.007 -0.006637697 0.008800553 -0.007 -0.01890175 0.01351464 -0.007 -0.02390175 0.01351442 0.007 -0.01890175 0.01351464 0.007 -0.02390175 0.01351442 0.00687059 -0.01190248 0.03011192 0.007 -0.01190249 0.03012895 0.00687059 -0.01890248 0.03011161 0.007 -0.01890249 0.03012864 0.00675 -0.01190248 0.03006197 0.00675 -0.01890248 0.03006166 0.006646447 -0.01190248 0.02998251 0.006646447 -0.01890248 0.0299822 0.006566987 -0.01190247 0.02987895 0.006566987 -0.01890247 0.02987864 0.006517037 -0.01190247 0.02975836 0.006517037 -0.01890247 0.02975805 0.0065 -0.01190246 0.02962895 0.0065 -0.01890246 0.02962864 0.006517037 -0.01190246 0.02949954 0.006517037 -0.01890246 0.02949923 0.006566987 -0.01190245 0.02937895 0.006566987 -0.01890245 0.02937864 0.006646447 -0.01190245 0.0292754 0.006646447 -0.01890245 0.02927509 0.00675 -0.01190244 0.02919594 0.00675 -0.01890244 0.02919563 0.00687059 -0.01190244 0.02914599 0.00687059 -0.01890244 0.02914568 0.007 -0.01190244 0.02912895 0.007 -0.01890244 0.02912864 0.00687059 -0.01190267 0.03417592 0.007 -0.01190267 0.03419295 0.00687059 -0.01890267 0.03417561 0.007 -0.01890267 0.03419264 0.00675 -0.01190266 0.03412597 0.00675 -0.01890266 0.03412566 0.006646447 -0.01190266 0.03404651 0.006646447 -0.01890266 0.0340462 0.006566987 -0.01190266 0.03394295 0.006566987 -0.01890266 0.03394264 0.006517037 -0.01190265 0.03382236 0.006517037 -0.01890265 0.03382205 0.0065 -0.01190264 0.03369295 0.0065 -0.01890264 0.03369264 0.006517037 -0.01190264 0.03356354 0.006517037 -0.01890264 0.03356323 0.006566987 -0.01190263 0.03344295 0.006566987 -0.01890263 0.03344264 0.006646447 -0.01190263 0.0333394 0.006646447 -0.01890263 0.03333909 0.00675 -0.01190263 0.03325994 0.00675 -0.01890263 0.03325963 0.00687059 -0.01190262 0.03320999 0.00687059 -0.01890262 0.03320968 0.007 -0.01190262 0.03319295 0.007 -0.01890262 0.03319264 -0.0075 -0.02289734 0.006717081 -0.0075 -0.02280935 0.005559491 -0.0075 -0.02288705 0.006135724 -0.0075 -0.02266527 0.004996176 -0.0075 -0.02245677 0.004453396 -0.0075 -0.02218667 0.003938492 -0.0075 -0.0161085 0.001847205 -0.0075 -0.01508043 0.002386497 -0.0075 -0.01557876 0.002086912 -0.0075 -0.02185861 0.003458426 -0.0075 -0.02104713 0.002628219 -0.0075 -0.01573682 0.01102184 -0.0075 -0.01432582 0.01000968 -0.0075 -0.01394426 0.009570948 -0.0075 -0.01475574 0.01040115 -0.0075 -0.0152282 0.01074007 -0.0075 -0.01420445 0.00314834 -0.0075 -0.01462025 0.002741908 -0.0075 -0.022716 0.00786376 -0.0075 -0.02284006 0.007295701 -0.0075 -0.017813 0.001515469 -0.0075 -0.01666249 0.001670618 -0.0075 -0.01723322 0.001559539 -0.0075 -0.0174089 0.01149037 -0.0075 -0.0162747 0.01124266 -0.0075 -0.01683459 0.01139954 -0.0075 -0.01352777 0.004091664 -0.0075 -0.01383864 0.003600296 -0.0075 -0.0222751 0.00893771 -0.0075 -0.02252682 0.008413574 -0.0075 -0.01896828 0.001629829 -0.0075 -0.01839397 0.001539005 -0.0075 -0.02159842 0.009881034 -0.0075 -0.02196423 0.009429078 -0.0075 -0.01914038 0.01135876 -0.0075 -0.0133461 0.008575978 -0.0075 -0.01798987 0.0115139 -0.0075 -0.01296281 0.005733672 -0.0075 -0.01327605 0.0046158 -0.0075 -0.01856964 0.01146984 -0.0075 -0.01308687 0.005165614 -0.0075 -0.02006605 0.002007533 -0.0075 -0.01952817 0.001786712 -0.0075 -0.02118261 0.01028747 -0.0075 -0.01290553 0.006312293 -0.0075 -0.02022411 0.01094246 -0.0075 -0.01969437 0.01118217 -0.0075 -0.02072244 0.01064288 -0.0075 -0.02057466 0.002289306 -0.0075 -0.02147705 0.003019691 -0.0075 -0.01291582 0.00689365 -0.0075 -0.01299352 0.007469883 -0.0075 -0.0131376 0.008033198 -0.0075 -0.0136162 0.009090882 0.0075 -0.01293322 0.005951802 0.0075 -0.0137143 0.003781943 0.0075 -0.01319695 0.004821225 0.0075 -0.01303216 0.005378833 0.0075 -0.01935239 0.01129953 0.0075 -0.01989807 0.01109873 0.0075 -0.02041674 0.01083594 0.0075 -0.02208857 0.00924743 0.0075 -0.02038609 0.002175739 0.0075 -0.02131975 0.002865698 0.0075 -0.02087301 0.002493529 0.0075 -0.01293733 0.007112724 0.0075 -0.01290147 0.006532382 0.0075 -0.01931849 0.001719694 0.0075 -0.01986557 0.001916626 0.0075 -0.02236163 0.004254892 0.0075 -0.02206912 0.003752375 0.0075 -0.02172026 0.003287214 0.0075 -0.01762838 0.01150723 0.0075 -0.0187871 0.01143562 0.0075 -0.01820982 0.01150517 0.0075 -0.01320905 0.008241405 0.0075 -0.01304032 0.007684977 0.0075 -0.01817449 0.001522148 0.0075 -0.01875224 0.001587606 0.0075 -0.01373375 0.009276999 0.0075 -0.01344124 0.008774482 0.0075 -0.02276255 0.005344396 0.0075 -0.02259382 0.004787969 0.0075 -0.0159373 0.01111275 0.0075 -0.01705063 0.01144177 0.0075 -0.01648438 0.01130968 0.0075 -0.01408261 0.00974216 0.0075 -0.01701577 0.001593752 0.0075 -0.01759305 0.001524206 0.0075 -0.01541677 0.01085363 0.0075 -0.01448312 0.01016368 0.0075 -0.0229014 0.006496992 0.0075 -0.02286554 0.00591665 0.0075 -0.01492985 0.01053584 0.0075 -0.02286965 0.007077572 0.0075 -0.01538613 0.002193435 0.0075 -0.01645048 0.001729844 0.0075 -0.0159048 0.001930644 0.0075 -0.02260592 0.008208149 0.0075 -0.02277071 0.007650541 0.0075 -0.01445738 0.002889985 0.0075 -0.01490147 0.002514663 0.0075 -0.02237751 0.008742856 0.0075 -0.01405986 0.003314324 0.0075 -0.0209014 0.01051471 0.0075 -0.02174301 0.009715049 0.0075 -0.02134549 0.01013939 0.0075 -0.01342536 0.004286518 0.0075 -0.003444058 0.003624702 0.0075 -0.003818824 -0.003227473 0.0075 -0.003418316 -0.003648989 0.0075 -0.004167689 -0.002762312 0.0075 -0.004999969 -1.769533e-05 0.0075 -0.00248466 -0.004338948 0.0075 0.0003083877 -0.004990481 0.0075 0.001450959 -0.004784842 0.0075 -0.004704486 0.001693462 0.0075 -0.004968215 0.0005628853 0.0075 0.004704486 -0.001693462 0.0075 0.004187137 -0.002732743 0.0075 0.004476077 -0.002228169 0.0075 0.003841573 -0.003200363 0.0075 -0.002515309 0.004321252 0.0075 -0.002999968 0.004000024 0.0075 -0.001417055 -0.004794993 0.0075 -0.001964138 -0.004598061 0.0075 0.004968215 -0.0005628853 0.0075 0.004869275 -0.001135854 0.0075 -0.001450959 0.004784842 0.0075 -0.001996635 0.004584043 0.0075 0.004999969 1.769533e-05 0.0075 -0.0002730569 -0.004992538 0.0075 -0.000850809 -0.004927081 0.0075 -0.004861113 -0.00117029 0.0075 -0.004460194 -0.002259795 0.0075 0.004861113 0.00117029 0.0075 0.004964106 0.0005980366 0.0075 -0.004692382 -0.001726718 0.0075 0.0002730569 0.004992538 0.0075 -0.000885662 0.004920935 0.0075 -0.0003083877 0.004990481 0.0075 -0.004964106 -0.0005980366 0.0075 0.000885662 -0.004920935 0.0075 0.001964138 0.004598061 0.0075 0.000850809 0.004927081 0.0075 0.001417055 0.004794993 0.0075 0.003818824 0.003227473 0.0075 0.004460194 0.002259795 0.0075 0.004167689 0.002762312 0.0075 0.003418316 0.003648989 0.0075 0.004692382 0.001726718 0.0075 -0.004869275 0.001135854 0.0075 0.00297158 0.004021158 0.0075 0.00248466 0.004338948 0.0075 0.002999968 -0.004000024 0.0075 0.001996635 -0.004584043 0.0075 0.002515309 -0.004321252 0.0075 -0.004187137 0.002732743 0.0075 -0.004476077 0.002228169 0.0075 0.003444058 -0.003624702 0.0075 -0.003841573 0.003200363 0.0075 -0.00297158 -0.004021158 -0.0075 -0.004995902 0.0002023941 -0.0075 -0.003957179 -0.003056261 -0.0075 -0.004555335 -0.002061291 -0.0075 -0.004907912 -0.0009551957 -0.0075 -0.004985618 -0.0003789632 -0.0075 -0.004763835 -0.001518511 -0.0075 0.001792934 -0.004667482 -0.0075 0.002821001 -0.00412819 -0.0075 0.002322673 -0.004427775 -0.0075 0.002164617 0.004507153 -0.0075 0.003575612 0.003494996 -0.0075 0.003957179 0.003056261 -0.0075 0.002673229 0.004225381 -0.0075 0.003696987 -0.003366347 -0.0075 0.00328118 -0.003772779 -0.0075 -0.004814562 0.001349073 -0.0075 -0.002164617 -0.004507153 -0.0075 -0.004938625 0.0007810144 -0.0075 0.004373667 -0.002423023 -0.0075 0.004995902 -0.0002023941 -0.0075 8.843417e-05 -0.004999218 -0.0075 0.001238949 -0.004844069 -0.0075 0.00066821 -0.004955148 -0.0075 0.004062798 -0.002914391 -0.0075 0.0004925376 0.004975682 -0.0075 0.001626732 0.004727974 -0.0075 0.001066849 0.004884858 -0.0075 -0.004373667 0.002423023 -0.0075 -0.004625389 0.001898887 -0.0075 -0.001066849 -0.004884858 -0.0075 -0.0004925376 -0.004975682 -0.0075 -0.003696987 0.003366347 -0.0075 -0.004062798 0.002914391 -0.0075 -0.001238949 0.004844069 -0.0075 -8.843417e-05 0.004999218 -0.0075 -0.00066821 0.004955148 -0.0075 0.004938625 -0.0007810144 -0.0075 0.004625389 -0.001898887 -0.0075 0.004814562 -0.001349073 -0.0075 -0.001626732 -0.004727974 -0.0075 -0.002322673 0.004427775 -0.0075 -0.001792934 0.004667482 -0.0075 -0.00328118 0.003772779 -0.0075 -0.002821001 0.00412819 -0.0075 -0.003145691 -0.003886467 -0.0075 -0.002673229 -0.004225381 -0.0075 0.004907912 0.0009551957 -0.0075 0.004985618 0.0003789632 -0.0075 0.004763835 0.001518511 -0.0075 -0.003575612 -0.003494996 -0.0075 -0.004285233 -0.002576195 -0.0075 0.004555335 0.002061291 -0.0075 0.004285233 0.002576195 -0.0075 0.003145691 0.003886467 0.001383783 -0.0139019 0.01707418 0.0007238248 -0.01390197 0.01847666 0.002071628 -0.01390192 0.0175107 -0.003147895 -0.01390207 0.02082311 -0.002847997 -0.01390211 0.02158056 -0.001489721 -0.01390207 0.02083385 -0.001646591 -0.01390205 0.02043764 -0.0017 -0.01390204 0.02001486 0.0006089893 -0.01390189 0.01682243 0.0003185482 -0.01390196 0.01834498 0.001083621 -0.01390209 0.02132474 0.002071628 -0.01390215 0.02251903 0.002629305 -0.01390212 0.02192517 -0.00325 -0.01390204 0.02001486 0.001375329 -0.01390208 0.0210141 0.003021774 -0.01390209 0.02121127 0.0007238248 -0.0139021 0.02155307 0.0006089893 -0.01390218 0.0232073 0.001383783 -0.01390217 0.02295555 -0.0002040692 -0.01390189 0.01677128 -0.0001067439 -0.01390196 0.01831822 -0.003147895 -0.013902 0.01920662 0.00158062 -0.01390206 0.02064068 -0.001646591 -0.01390202 0.01959209 -0.001489721 -0.013902 0.01919588 0.0003185482 -0.01390211 0.02168475 -0.0002040692 -0.01390218 0.02325845 -0.001004305 -0.0139019 0.01692393 -0.0005253289 -0.01390196 0.01839807 -0.0009109056 -0.01390197 0.01857951 0.001686595 -0.01390204 0.02022793 0.003224373 -0.01390205 0.0204222 -0.002847997 -0.01390197 0.01844917 -0.001239247 -0.01390198 0.01885113 -0.001741437 -0.01390191 0.0172708 -0.0001067439 -0.01390211 0.02171151 -0.001004305 -0.01390217 0.0231058 -0.002369148 -0.01390194 0.01779009 0.001686595 -0.01390203 0.0198018 0.003224373 -0.01390202 0.01960753 -0.0005253289 -0.01390211 0.02163166 0.00158062 -0.01390201 0.01938905 0.003021774 -0.01390198 0.01881846 -0.0009109056 -0.0139021 0.02145022 -0.001741437 -0.01390216 0.02275893 0.001375329 -0.01390199 0.01901563 0.002629305 -0.01390195 0.01810456 -0.002369148 -0.01390213 0.02223964 -0.001239247 -0.01390209 0.0211786 0.001083621 -0.01390198 0.01870499 -0.003147895 -0.01390278 0.03682311 -0.002847997 -0.01390282 0.03758056 -0.001489721 -0.01390278 0.03683385 -0.001646591 -0.01390277 0.03643764 -0.0017 -0.01390275 0.03601486 0.0006089893 -0.01390261 0.03282243 0.0007238248 -0.01390268 0.03447666 0.001383783 -0.01390262 0.03307418 0.0003185482 -0.01390267 0.03434498 0.001083621 -0.01390281 0.03732474 0.002071628 -0.01390286 0.03851903 0.002629305 -0.01390283 0.03792517 -0.00325 -0.01390275 0.03601486 0.001375329 -0.01390279 0.0370141 0.003021774 -0.0139028 0.03721127 -0.0002040692 -0.0139026 0.03277128 0.0007238248 -0.01390282 0.03755307 0.0006089893 -0.01390289 0.0392073 0.001383783 -0.01390288 0.03895555 -0.0001067439 -0.01390267 0.03431822 -0.003147895 -0.01390271 0.03520662 0.00158062 -0.01390278 0.03664068 -0.001646591 -0.01390273 0.03559209 -0.001004305 -0.01390261 0.03292393 0.0003185482 -0.01390282 0.03768475 -0.0002040692 -0.01390289 0.03925845 -0.0005253289 -0.01390268 0.03439807 -0.0009109056 -0.01390268 0.03457951 0.001686595 -0.01390276 0.03622793 0.003224373 -0.01390277 0.0364222 -0.002847997 -0.01390268 0.03444917 -0.001489721 -0.01390271 0.03519588 -0.001239247 -0.0139027 0.03485113 -0.001741437 -0.01390263 0.0332708 -0.0001067439 -0.01390282 0.03771151 -0.001004305 -0.01390289 0.0391058 -0.002369148 -0.01390265 0.03379009 0.001686595 -0.01390274 0.0358018 0.003224373 -0.01390273 0.03560753 0.003021774 -0.01390269 0.03481846 -0.0005253289 -0.01390282 0.03763166 0.00158062 -0.01390272 0.03538905 0.002629305 -0.01390266 0.03410456 -0.0009109056 -0.01390281 0.03745022 -0.001741437 -0.01390287 0.03875893 0.001375329 -0.0139027 0.03501563 -0.002369148 -0.01390285 0.03823964 -0.001239247 -0.0139028 0.0371786 0.002071628 -0.01390264 0.0335107 0.001083621 -0.01390269 0.03470499 -0.0065 -0.002533055 0.001607368 -0.0065 -0.002853211 0.000926924 -0.007 -0.002955231 0.001875262 -0.007 -0.003328746 0.001081411 -0.0065 -0.002053739 0.002186815 -0.007 -0.002396029 0.002551284 -0.0065 0.0007459402 0.002905783 -0.0065 -1.336508e-07 0.003 -0.007 0.0008702636 0.00339008 -0.007 -1.559074e-07 0.0035 -0.0065 -0.001445378 0.002628856 -0.007 -0.001686274 0.003066998 -0.0065 0.001445144 0.002628984 -0.007 0.001686001 0.003067148 -0.0065 -0.0007461991 0.002905716 -0.007 -0.0008705656 0.003390002 -0.0065 0.002053544 0.002186997 -0.007 0.002395801 0.002551497 -0.0065 0.002532912 0.001607593 -0.007 0.002955064 0.001875525 -0.0065 0.002853128 0.000927178 -0.007 0.00332865 0.001081708 -0.0065 0.002994072 0.0001885049 -0.007 0.003493084 0.0002199223 -0.0065 0.002946887 -0.0005620127 -0.007 0.003438034 -0.0006556815 -0.0065 0.002714538 -0.001277217 -0.007 0.003166961 -0.001490087 -0.0065 0.002311625 -0.001912169 -0.007 0.002696896 -0.002230864 -0.0065 0.001763464 -0.002426972 -0.007 0.002057374 -0.002831468 -0.0065 0.001104498 -0.00278928 -0.007 0.001288581 -0.00325416 -0.007 0.0004388208 -0.003472382 -0.0065 0.0003761321 -0.002976327 -0.007 -0.0004385119 -0.003472421 -0.0065 -0.0003758673 -0.002976361 -0.007 -0.001288291 -0.003254275 -0.0065 -0.00110425 -0.002789379 -0.0065 -0.001763248 -0.002427129 -0.007 -0.002057122 -0.002831651 -0.0065 -0.002311455 -0.001912375 -0.007 -0.002696697 -0.002231104 -0.0065 -0.002714424 -0.001277459 -0.007 -0.003166828 -0.001490368 -0.0065 -0.002946837 -0.0005622751 -0.007 -0.003437976 -0.0006559876 -0.0065 -0.002994089 0.0001882383 -0.007 -0.003493103 0.0002196114 -0.0065 0.002532912 0.001607593 -0.0065 0.002853128 0.000927178 0.0065 0.002598009 0.001500116 0.0065 0.002897743 0.0007765862 -0.0065 -0.0007461991 0.002905716 -0.0065 -1.336508e-07 0.003 0.0065 -1.336508e-07 0.003 -0.0065 0.002053544 0.002186997 0.0065 0.002121226 0.002121415 -0.0065 -0.001445378 0.002628856 0.0065 -0.0007765862 0.002897743 -0.0065 0.001445144 0.002628984 0.0065 0.001499884 0.002598143 -0.0065 -0.002053739 0.002186815 0.0065 -0.001500116 0.002598009 -0.0065 0.0007459402 0.002905783 0.0065 0.000776328 0.002897812 -0.0065 -0.002533055 0.001607368 0.0065 -0.002121415 0.002121226 -0.0065 -0.002853211 0.000926924 0.0065 -0.002598143 0.001499884 -0.0065 -0.002994089 0.0001882383 0.0065 -0.002897812 0.0007763282 -0.0065 -0.002946837 -0.0005622751 0.0065 -0.003 -1.334985e-07 -0.0065 -0.002714424 -0.001277459 0.0065 -0.002897743 -0.0007765861 -0.0065 -0.002311455 -0.001912375 0.0065 -0.00259801 -0.001500116 -0.0065 -0.001763248 -0.002427129 0.0065 -0.002121226 -0.002121415 -0.0065 -0.00110425 -0.002789379 0.0065 -0.001499884 -0.002598143 -0.0065 -0.0003758673 -0.002976361 0.0065 -0.0007763283 -0.002897812 0.0065 1.334294e-07 -0.003 -0.0065 0.0003761321 -0.002976327 0.0065 0.000776586 -0.002897743 -0.0065 0.001104498 -0.00278928 0.0065 0.001500116 -0.002598009 -0.0065 0.001763464 -0.002426972 -0.0065 0.002311625 -0.001912169 0.0065 0.002121415 -0.002121226 0.0065 0.002598143 -0.001499884 -0.0065 0.002714538 -0.001277217 -0.0065 0.002946887 -0.0005620127 0.0065 0.002897812 -0.0007763281 -0.0065 0.002994072 0.0001885049 0.0065 0.003 1.335816e-07 0.0065 -0.00259801 -0.001500116 0.007 -0.00332865 -0.001081708 0.007 -0.002955064 -0.001875525 0.0065 -0.002121226 -0.002121415 0.007 -0.002395801 -0.002551497 0.0065 -0.001499884 -0.002598143 0.0065 1.334294e-07 -0.003 0.007 1.556861e-07 -0.0035 0.007 0.0008705654 -0.003390002 0.0065 0.000776586 -0.002897743 0.007 -0.001686001 -0.003067148 0.0065 -0.0007763283 -0.002897812 0.007 -0.0008702638 -0.00339008 0.0065 0.001500116 -0.002598009 0.007 0.001686274 -0.003066998 0.0065 0.002121415 -0.002121226 0.007 0.002396028 -0.002551284 0.0065 0.002598143 -0.001499884 0.007 0.002955231 -0.001875262 0.0065 0.002897812 -0.0007763281 0.007 0.003328746 -0.001081411 0.0065 0.003 1.335816e-07 0.007 0.003493103 -0.0002196113 0.0065 0.002897743 0.0007765862 0.007 0.003437976 0.0006559877 0.0065 0.002598009 0.001500116 0.007 0.003166828 0.001490369 0.0065 0.002121226 0.002121415 0.007 0.002696697 0.002231104 0.0065 0.001499884 0.002598143 0.007 0.002057122 0.002831651 0.0065 0.000776328 0.002897812 0.007 0.001288291 0.003254275 0.0065 -1.336508e-07 0.003 0.007 0.0004385116 0.003472421 0.0065 -0.0007765862 0.002897743 0.007 -0.000438821 0.003472382 0.0065 -0.001500116 0.002598009 0.007 -0.001288581 0.00325416 0.0065 -0.002121415 0.002121226 0.007 -0.002057375 0.002831468 0.0065 -0.002598143 0.001499884 0.007 -0.002696896 0.002230864 0.0065 -0.002897812 0.0007763282 0.007 -0.003166961 0.001490087 0.0065 -0.003 -1.334985e-07 0.007 -0.003438035 0.0006556816 0.0065 -0.002897743 -0.0007765861 0.007 -0.003493084 -0.0002199223 -0.007 0.0004388208 -0.003472382 -0.007 0.001288581 -0.00325416 -0.007 0.002057374 -0.002831468 -0.007 0.00332865 0.001081708 -0.007 0.002696896 -0.002230864 -0.007 0.003166961 -0.001490087 -0.007 0.003438034 -0.0006556815 -0.007 0.003493084 0.0002199223 -0.007 -0.001288291 -0.003254275 -0.007 -0.0004385119 -0.003472421 -0.007 -0.002057122 -0.002831651 -0.007 0.001686001 0.003067148 -0.007 0.002955064 0.001875525 -0.007 0.002395801 0.002551497 -0.007 -0.003166828 -0.001490368 -0.007 -0.002696697 -0.002231104 -0.007 -0.003437976 -0.0006559876 -0.007 -0.003493103 0.0002196114 -0.007 -0.0008705656 0.003390002 -0.007 0.0008702636 0.00339008 -0.007 -1.559074e-07 0.0035 -0.007 -0.003328746 0.001081411 -0.007 -0.002955231 0.001875262 -0.007 -0.002396029 0.002551284 -0.007 -0.001686274 0.003066998 0.007 0.001686274 -0.003066998 0.007 0.0008705654 -0.003390002 0.007 1.556861e-07 -0.0035 0.007 0.002396028 -0.002551284 0.007 0.002955231 -0.001875262 0.007 0.003328746 -0.001081411 0.007 0.003493103 -0.0002196113 0.007 0.003437976 0.0006559877 0.007 0.003166828 0.001490369 0.007 -0.0008702638 -0.00339008 0.007 -0.001686001 -0.003067148 0.007 -0.002395801 -0.002551497 0.007 0.002696697 0.002231104 0.007 0.002057122 0.002831651 0.007 -0.002955064 -0.001875525 0.007 -0.00332865 -0.001081708 0.007 -0.003493084 -0.0002199223 0.007 -0.003438035 0.0006556816 0.007 -0.003166961 0.001490087 0.007 0.001288291 0.003254275 0.007 -0.002057375 0.002831468 0.007 0.0004385116 0.003472421 0.007 -0.000438821 0.003472382 0.007 -0.001288581 0.00325416 0.007 -0.002696896 0.002230864 -0.0065 -0.01934681 0.009143543 -0.007 -0.02029746 0.00906597 -0.007 -0.01958771 0.009581685 -0.0065 -0.01864763 0.009420403 -0.007 -0.018772 0.009904689 -0.0065 -0.01790157 0.009514687 -0.007 -0.01790159 0.01001469 -0.0065 -0.01715549 0.00942047 -0.007 -0.01703117 0.009904767 -0.0065 -0.01645629 0.009143671 -0.007 -0.01621543 0.009581835 -0.0065 -0.01584789 0.008701684 -0.007 -0.01550563 0.009066184 -0.0065 -0.01536852 0.00812228 -0.007 -0.01494637 0.008390212 -0.0065 -0.01504831 0.007441865 -0.007 -0.01457278 0.007596395 -0.0065 -0.01490736 0.006703192 -0.007 -0.01440835 0.006734609 -0.0065 -0.01495455 0.005952674 -0.007 -0.0144634 0.005859005 -0.0065 -0.0151869 0.00523747 -0.007 -0.01473447 0.0050246 -0.0065 -0.01558981 0.004602518 -0.007 -0.01520454 0.004283823 -0.0065 -0.01613797 0.004087714 -0.007 -0.01584406 0.003683219 -0.0065 -0.01679694 0.003725407 -0.007 -0.01661285 0.003260527 -0.0065 -0.0175253 0.00353836 -0.007 -0.01746261 0.003042305 -0.0065 -0.0182773 0.003538326 -0.007 -0.01833995 0.003042266 -0.0065 -0.01900568 0.003725308 -0.007 -0.01918973 0.003260412 -0.0065 -0.01966468 0.004087557 -0.007 -0.01995856 0.003683036 -0.0065 -0.02021289 0.004602312 -0.007 -0.02059813 0.004283583 -0.0065 -0.02061586 0.005237228 -0.007 -0.02106826 0.005024318 -0.0065 -0.02084827 0.005952412 -0.007 -0.02133941 0.005858699 -0.0065 -0.02089552 0.006702925 -0.007 -0.02139454 0.006734298 -0.0065 -0.02075465 0.007441611 -0.007 -0.02123018 0.007596098 -0.0065 -0.02043449 0.008122055 -0.007 -0.02085667 0.008389949 -0.0065 -0.01995517 0.008701501 -0.0065 -0.01536852 0.00812228 -0.0065 -0.01504831 0.007441865 0.0065 -0.01530343 0.008014803 0.0065 -0.01500369 0.007291273 -0.0065 -0.01864763 0.009420403 -0.0065 -0.01790157 0.009514687 0.0065 -0.01790157 0.009514687 -0.0065 -0.01584789 0.008701684 0.0065 -0.01578021 0.008636102 -0.0065 -0.01934681 0.009143543 0.0065 -0.01867802 0.00941243 -0.0065 -0.01645629 0.009143671 0.0065 -0.01640155 0.00911283 -0.0065 -0.01995517 0.008701501 0.0065 -0.01940155 0.009112696 -0.0065 -0.01715549 0.00942047 0.0065 -0.01712511 0.009412499 -0.0065 -0.02043449 0.008122055 0.0065 -0.02002285 0.008635913 -0.0065 -0.02075465 0.007441611 0.0065 -0.02049958 0.008014571 -0.0065 -0.02089552 0.006702925 0.0065 -0.02079925 0.007291015 -0.0065 -0.02084827 0.005952412 0.0065 -0.02090143 0.006514553 -0.0065 -0.02061586 0.005237228 0.0065 -0.02079918 0.005738101 -0.0065 -0.02021289 0.004602312 0.0065 -0.02049944 0.005014571 -0.0065 -0.01966468 0.004087557 0.0065 -0.02002266 0.004393272 -0.0065 -0.01900568 0.003725308 0.0065 -0.01940132 0.003916544 -0.0065 -0.0182773 0.003538326 0.0065 -0.01867776 0.003616875 0.0065 -0.0179013 0.003514687 -0.0065 -0.0175253 0.00353836 0.0065 -0.01712485 0.003616944 -0.0065 -0.01679694 0.003725407 0.0065 -0.01640132 0.003916677 -0.0065 -0.01613797 0.004087714 -0.0065 -0.01558981 0.004602518 0.0065 -0.01578002 0.004393461 0.0065 -0.01530329 0.005014803 -0.0065 -0.0151869 0.00523747 -0.0065 -0.01495455 0.005952674 0.0065 -0.01500362 0.005738359 -0.0065 -0.01490736 0.006703192 0.0065 -0.01490143 0.00651482 0.0065 -0.02049944 0.005014571 0.007 -0.02123008 0.005432979 0.007 -0.0208565 0.004639162 0.0065 -0.02002266 0.004393272 0.007 -0.02029724 0.00396319 0.0065 -0.01940132 0.003916544 0.0065 -0.0179013 0.003514687 0.007 -0.01790128 0.003014687 0.007 -0.01703087 0.003124685 0.0065 -0.01712485 0.003616944 0.007 -0.01958744 0.003447538 0.0065 -0.01867776 0.003616875 0.007 -0.0187717 0.003124607 0.0065 -0.01640132 0.003916677 0.007 -0.01621516 0.003447689 0.0065 -0.01578002 0.004393461 0.007 -0.01550541 0.003963403 0.0065 -0.01530329 0.005014803 0.007 -0.0149462 0.004639425 0.0065 -0.01500362 0.005738359 0.007 -0.01457269 0.005433276 0.0065 -0.01490143 0.00651482 0.007 -0.01440833 0.006295076 0.0065 -0.01500369 0.007291273 0.007 -0.01446346 0.007170675 0.0065 -0.01530343 0.008014803 0.007 -0.01473461 0.008005055 0.0065 -0.01578021 0.008636102 0.007 -0.01520474 0.008745791 0.0065 -0.01640155 0.00911283 0.007 -0.01584431 0.009346338 0.0065 -0.01712511 0.009412499 0.007 -0.01661314 0.009768962 0.0065 -0.01790157 0.009514687 0.007 -0.01746292 0.009987108 0.0065 -0.01867802 0.00941243 0.007 -0.01834026 0.009987069 0.0065 -0.01940155 0.009112696 0.007 -0.01919002 0.009768847 0.0065 -0.02002285 0.008635913 0.007 -0.01995881 0.009346155 0.0065 -0.02049958 0.008014571 0.007 -0.02059833 0.008745551 0.0065 -0.02079925 0.007291015 0.007 -0.0210684 0.008004773 0.0065 -0.02090143 0.006514553 0.007 -0.02133947 0.007170368 0.0065 -0.02079918 0.005738101 0.007 -0.02139452 0.006294765 -0.007 -0.01790159 0.01001469 -0.007 -0.02133941 0.005858699 -0.007 -0.02106826 0.005024318 -0.007 -0.02059813 0.004283583 -0.007 -0.01995856 0.003683036 -0.007 -0.01918973 0.003260412 -0.007 -0.01833995 0.003042266 -0.007 -0.01746261 0.003042305 -0.007 -0.01661285 0.003260527 -0.007 -0.01584406 0.003683219 -0.007 -0.01520454 0.004283823 -0.007 -0.01473447 0.0050246 -0.007 -0.0144634 0.005859005 -0.007 -0.01440835 0.006734609 -0.007 -0.01457278 0.007596395 -0.007 -0.01494637 0.008390212 -0.007 -0.01550563 0.009066184 -0.007 -0.01621543 0.009581835 -0.007 -0.01703117 0.009904767 -0.007 -0.02139454 0.006734298 -0.007 -0.02123018 0.007596098 -0.007 -0.01958771 0.009581685 -0.007 -0.018772 0.009904689 -0.007 -0.02085667 0.008389949 -0.007 -0.02029746 0.00906597 0.007 -0.01457269 0.005433276 0.007 -0.0149462 0.004639425 0.007 -0.01440833 0.006295076 0.007 -0.01703087 0.003124685 0.007 -0.01790128 0.003014687 0.007 -0.0187717 0.003124607 0.007 -0.01446346 0.007170675 0.007 -0.01473461 0.008005055 0.007 -0.01621516 0.003447689 0.007 -0.01958744 0.003447538 0.007 -0.02029724 0.00396319 0.007 -0.0208565 0.004639162 0.007 -0.01520474 0.008745791 0.007 -0.01661314 0.009768962 0.007 -0.01584431 0.009346338 0.007 -0.01550541 0.003963403 0.007 -0.02123008 0.005432979 0.007 -0.01746292 0.009987108 0.007 -0.01919002 0.009768847 0.007 -0.01834026 0.009987069 0.007 -0.02139452 0.006294765 0.007 -0.02133947 0.007170368 0.007 -0.0210684 0.008004773 0.007 -0.01995881 0.009346155 0.007 -0.02059833 0.008745551</float_array>
          <technique_common>
            <accessor count="2246" source="#verts-array-array" stride="3">
              <param type="float" name="X"/>
              <param type="float" name="Y"/>
              <param type="float" name="Z"/>
            </accessor>
          </technique_common>
        </source>
        <source id="normals-array">
          <float_array count="6738" id="normals-array-array">0.8763059 -2.0574e-05 0.4817552 0.728969 -3.077779e-05 0.6845467 0.728968 -3.005847e-05 0.6845478 0.5358288 -3.759805e-05 0.8443267 0.968583 1.138415e-05 -0.2486906 1 -5.018952e-11 1.096407e-06 1 -3.040219e-11 6.641424e-07 0.9685829 -1.0584e-05 0.2486911 0.8763051 -2.009659e-05 0.4817565 0.8763061 2.205298e-05 -0.4817547 0.9685829 1.138416e-05 -0.2486908 0.9685834 -1.138408e-05 0.248689 0.7289701 3.133601e-05 -0.6845455 0.8763064 2.205296e-05 -0.4817542 0.5358292 3.86502e-05 -0.8443264 0.7289699 3.133602e-05 -0.6845457 0.3090155 4.237752e-05 -0.951057 0.5358279 3.799465e-05 -0.8443272 0.06279002 4.497433e-05 -0.9980268 0.3090154 4.243365e-05 -0.951057 -0.1873811 4.496554e-05 -0.9822873 0.06279129 4.568604e-05 -0.9980267 -0.4257804 4.038293e-05 -0.9048265 -0.1873824 4.427645e-05 -0.982287 -0.6374222 3.380172e-05 -0.7705147 -0.425782 3.969382e-05 -0.9048258 -0.8090162 2.578561e-05 -0.5877863 -0.6374225 3.380171e-05 -0.7705145 -0.9297768 1.650232e-05 -0.3681238 -0.8090159 2.613468e-05 -0.5877868 -0.9297762 1.685144e-05 -0.3681254 -0.9921147 5.737299e-06 -0.1253332 -0.9921147 5.737316e-06 -0.1253336 -0.9921147 -5.737292e-06 0.1253331 -0.9921146 -5.737323e-06 0.1253337 -0.9297763 -1.685142e-05 0.368125 -0.9297766 -1.650234e-05 0.3681242 -0.8090156 -2.61347e-05 0.5877872 -0.6374218 -3.47754e-05 0.7705151 -0.8090158 -2.628162e-05 0.5877869 -0.4257824 -4.030556e-05 0.9048256 -0.6374225 -3.46596e-05 0.7705144 -0.1873828 -4.427645e-05 0.982287 -0.4257822 -4.038289e-05 0.9048257 0.06279129 -4.568604e-05 0.9980267 -0.1873806 -4.496555e-05 0.9822874 0.3090179 -4.243361e-05 0.9510562 0.06279002 -4.497433e-05 0.9980268 0.5358278 -3.703981e-05 0.8443273 0.3090155 -4.172194e-05 0.951057 0.06280119 -4.375896e-05 0.9980261 -0.187382 -4.387662e-05 0.9822871 0.06279124 -4.449066e-05 0.9980267 -0.187386 -4.427373e-05 0.9822864 0.3090092 -4.274299e-05 0.951059 0.3090207 -4.172742e-05 0.9510553 0.5358208 -3.808999e-05 0.8443317 0.5358218 -3.799226e-05 0.8443311 0.9685824 1.140644e-05 -0.248693 1 4.553821e-08 1.022482e-06 0.9685834 1.095903e-05 -0.2486891 1 -4.569276e-08 2.523403e-06 0.7289707 -3.029145e-05 0.6845449 0.7289658 -3.085214e-05 0.6845501 0.8763065 2.220673e-05 -0.481754 0.8763071 2.20188e-05 -0.4817529 0.8763074 -2.131778e-05 0.4817524 0.8763076 -2.131776e-05 0.4817519 0.7289718 3.049524e-05 -0.6845437 0.7289636 3.155009e-05 -0.6845524 0.9685832 -1.095906e-05 0.2486897 0.9685829 -1.10047e-05 0.248691 0.535828 3.704679e-05 -0.8443271 0.5358231 3.755855e-05 -0.8443302 0.3090167 4.208471e-05 -0.9510566 0.3090201 4.175559e-05 -0.9510555 0.06278712 4.416317e-05 -0.9980269 0.06278668 4.416317e-05 -0.998027 -0.1873823 4.346667e-05 -0.9822871 -0.187381 4.346668e-05 -0.9822873 -0.4257821 4.09602e-05 -0.9048257 -0.4257715 4.003919e-05 -0.9048307 -0.6374226 3.486335e-05 -0.7705144 -0.637424 3.493793e-05 -0.7705132 -0.8090149 2.608708e-05 -0.5877881 -0.8090181 2.655712e-05 -0.5877837 -0.929778 1.657989e-05 -0.3681208 -0.9297765 1.632577e-05 -0.3681245 -0.9921149 5.721696e-06 -0.1253316 -0.9921144 5.450528e-06 -0.1253354 -0.9921149 -5.545997e-06 0.1253319 -0.9921149 -5.545979e-06 0.1253315 -0.9297764 -1.62897e-05 0.3681247 -0.929776 -1.611454e-05 0.3681258 -0.8090171 -2.581029e-05 0.5877852 -0.8090166 -2.573658e-05 0.5877858 -0.637423 -3.409562e-05 0.7705141 -0.6374212 -3.384672e-05 0.7705155 -0.4257836 -4.073072e-05 0.904825 -0.4257755 -4.003912e-05 0.9048288 0.8763056 -2.036109e-05 0.4817556 0.7289698 -3.068319e-05 0.6845459 0.7289675 -2.96186e-05 0.6845483 0.5358283 -3.784501e-05 0.844327 0.9685829 1.114699e-05 -0.2486907 1 -4.544568e-08 9.097334e-07 1 -3.317972e-11 7.402419e-07 0.9685829 -1.058399e-05 0.2486909 0.8763051 -2.009659e-05 0.4817565 0.876306 2.159355e-05 -0.4817549 0.968583 1.114699e-05 -0.2486907 0.9685834 -1.133867e-05 0.2486889 0.7289698 3.112308e-05 -0.6845458 0.8763061 2.180648e-05 -0.4817547 0.535829 3.812412e-05 -0.8443265 0.7289694 3.105691e-05 -0.6845463 0.309016 4.262893e-05 -0.9510568 0.5358285 3.7845e-05 -0.8443268 0.06279014 4.473425e-05 -0.9980268 0.3090158 4.262893e-05 -0.9510569 -0.1873821 4.402875e-05 -0.9822871 0.06279063 4.473425e-05 -0.9980267 -0.4257818 4.10751e-05 -0.9048259 -0.1873809 4.43733e-05 -0.9822873 -0.6374218 3.484244e-05 -0.7705151 -0.4257816 4.111377e-05 -0.904826 -0.8090158 2.634619e-05 -0.5877869 -0.6374227 3.453653e-05 -0.7705143 -0.9297767 1.667686e-05 -0.3681241 -0.8090156 2.652073e-05 -0.5877872 -0.9297765 1.68514e-05 -0.3681244 -0.9921147 5.737299e-06 -0.1253332 -0.9921147 5.737316e-06 -0.1253336 -0.9921147 -5.617785e-06 0.1253335 -0.9921147 -5.617775e-06 0.1253333 -0.9297766 -1.650032e-05 0.3681243 -0.9297765 -1.650034e-05 0.3681246 -0.809016 -2.634618e-05 0.5877866 -0.6374225 -3.453653e-05 0.7705145 -0.8090159 -2.634619e-05 0.5877868 -0.425782 -4.055673e-05 0.9048258 -0.6374222 -3.453654e-05 0.7705147 -0.1873818 -4.402876e-05 0.9822872 -0.425782 -4.055673e-05 0.9048258 0.06279068 -4.473425e-05 0.9980267 -0.1873821 -4.402875e-05 0.9822871 0.309016 -4.318007e-05 0.9510568 0.06279096 -4.50901e-05 0.9980267 0.535829 -3.817278e-05 0.8443265 0.3090163 -4.320813e-05 0.9510567 0.06280005 -4.378243e-05 0.9980261 -0.187382 -4.425133e-05 0.9822871 0.06278784 -4.487138e-05 0.9980269 -0.1873821 -4.430258e-05 0.9822871 0.3090093 -4.254472e-05 0.951059 0.3090188 -4.172189e-05 0.9510559 0.5358206 -3.794988e-05 0.8443319 0.535822 -3.782772e-05 0.844331 0.9685826 1.131153e-05 -0.248692 1 -7.593826e-11 1.742418e-06 0.9685835 1.090973e-05 -0.2486887 1 -2.282217e-08 6.767211e-07 0.7289707 -3.01372e-05 0.6845449 0.7289655 -3.073114e-05 0.6845504 0.8763052 2.223683e-05 -0.4817563 0.876308 2.183495e-05 -0.4817512 0.8763078 -2.131775e-05 0.4817516 0.8763078 -2.121087e-05 0.4817517 0.7289711 3.075641e-05 -0.6845445 0.7289646 3.159741e-05 -0.6845514 0.9685832 -1.098185e-05 0.2486897 0.968583 -1.100468e-05 0.2486906 0.5358296 3.72043e-05 -0.8443262 0.5358229 3.788064e-05 -0.8443304 0.3090188 4.190607e-05 -0.9510559 0.3090184 4.192016e-05 -0.9510561 0.06278931 4.378246e-05 -0.9980268 0.0627868 4.39611e-05 -0.998027 -0.1873814 4.309198e-05 -0.9822872 -0.187382 4.309198e-05 -0.9822871 -0.4257816 4.046151e-05 -0.904826 -0.4257741 3.969399e-05 -0.9048295 -0.6374256 3.464882e-05 -0.7705119 -0.6374235 3.450362e-05 -0.7705136 -0.809016 2.631124e-05 -0.5877866 -0.8090167 2.640798e-05 -0.5877856 -0.9297773 1.67204e-05 -0.3681226 -0.9297764 1.646621e-05 -0.3681247 -0.9921148 5.769554e-06 -0.1253326 -0.9921146 5.49829e-06 -0.1253343 -0.992115 -5.498149e-06 0.125331 -0.9921148 -5.498206e-06 0.1253323 -0.929776 -1.614932e-05 0.3681258 -0.9297767 -1.623684e-05 0.3681239 -0.8090176 -2.600975e-05 0.5877844 -0.809017 -2.592217e-05 0.5877852 -0.6374219 -3.394213e-05 0.770515 -0.6374237 -3.40956e-05 0.7705134 -0.4257832 -4.073145e-05 0.9048252 -0.4257733 -3.984754e-05 0.9048299 -0.5358237 -3.738004e-05 0.8443299 -0.3090215 -4.2101e-05 0.9510551 -0.5358222 -3.750009e-05 0.8443309 -0.8763078 -2.13965e-05 0.4817516 -0.7289677 -3.04035e-05 0.6845481 -0.7289672 -3.040353e-05 0.6845487 -0.9685825 1.10288e-05 -0.2486924 -1 -1.673609e-08 2.556113e-06 -1 1.659948e-08 5.208043e-07 -0.9685835 -1.104524e-05 0.2486884 -0.876307 -2.139657e-05 0.4817532 -0.8763055 2.131425e-05 -0.4817558 -0.9685827 1.099655e-05 -0.2486915 -0.9685835 -1.102863e-05 0.2486888 -0.7289755 3.032518e-05 -0.6845398 -0.8763052 2.134341e-05 -0.4817564 -0.5358302 3.81392e-05 -0.8443258 -0.7289671 3.09145e-05 -0.6845487 -0.3090068 4.270125e-05 -0.9510598 -0.535833 3.793004e-05 -0.844324 -0.06278321 4.405441e-05 -0.9980272 -0.3090195 4.198102e-05 -0.9510557 0.1873814 4.349491e-05 -0.9822872 -0.06278121 4.418679e-05 -0.9980273 0.4257801 4.018695e-05 -0.9048267 0.187383 4.362726e-05 -0.9822869 0.6374232 3.412362e-05 -0.7705139 0.425777 4.007503e-05 -0.9048281 0.8090143 2.594589e-05 -0.5877889 0.6374217 3.40117e-05 -0.7705152 0.9297762 1.628601e-05 -0.3681252 0.8090159 2.600968e-05 -0.5877868 0.992115 5.565272e-06 -0.1253308 0.9297765 1.631689e-05 -0.3681245 0.9921147 5.532385e-06 -0.125333 0.9921145 -5.566623e-06 0.125335 0.9921144 -5.566659e-06 0.1253358 0.9297754 -1.635e-05 0.3681274 0.9297775 -1.666923e-05 0.368122 0.8090205 -2.658698e-05 0.5877804 0.6374299 -3.46753e-05 0.7705084 0.8090194 -2.645256e-05 0.5877819 0.4257799 -4.005239e-05 0.9048268 0.6374215 -3.410966e-05 0.7705153 0.1873804 -4.335964e-05 0.9822874 0.4257771 -3.994047e-05 0.9048281 -0.062796 -4.419395e-05 0.9980264 0.1873836 -4.349198e-05 0.9822868 -0.3090194 -4.21113e-05 0.9510557 -0.06279552 -4.419604e-05 0.9980264 0 0.987725 -0.1562026 0 0.9629122 -0.2698148 0 0.987725 -0.1562026 0 0.9629122 -0.2698148 0 0.9991804 -0.040479 0 0.9991804 -0.040479 0 0.9971236 0.07579298 0 0.9971236 0.07579298 0 0.9815824 0.1910393 0 0.9815824 0.1910393 0 0.952767 0.3037021 0 0.952767 0.3037021 0 0.9110672 0.4122579 0 0.9110672 0.4122579 0 0.8570465 0.515239 0 0.8570465 0.515239 0 0.7914357 0.6112524 0 0.7914357 0.6112524 0 0.7151224 0.6989993 0 0.7151224 0.6989993 0 0.629138 0.7772936 0 0.629138 0.7772936 0 0.5346458 0.8450763 0 0.5346458 0.8450763 0 0.4329232 0.9014308 0 0.4329232 0.9014308 0 0.3253473 0.9455946 0 0.3253473 0.9455946 0 0.2133704 0.9769714 0 0.2133704 0.9769714 0 0.09850713 0.9951363 0 0.09850713 0.9951363 0 -0.01768718 0.9998436 0 -0.01768718 0.9998436 0 -0.1336422 0.9910297 0 -0.1336422 0.9910297 0 -0.2477898 0.9688138 0 -0.2477898 0.9688138 0 -0.3585867 0.9334964 0 -0.3585867 0.9334964 0 -0.4645345 0.885555 0 -0.4645345 0.885555 0 -0.5642001 0.8256381 0 -0.5642001 0.8256381 0 -0.6562356 0.754556 0 -0.6562356 0.754556 0 -0.7393973 0.6732694 0 -0.7393973 0.6732694 0 -0.8125597 0.5828779 0 -0.8125597 0.5828779 0 -0.8747336 0.4846041 0 -0.8747336 0.4846041 0 -0.9250778 0.3797777 0 -0.9250778 0.3797777 0 -0.9629122 0.2698148 0 -0.9629122 0.2698148 0 -0.987725 0.1562026 0 -0.987725 0.1562026 0 -0.9991804 0.040479 0 -0.9991804 0.040479 0 -0.9971236 -0.07579298 0 -0.9971236 -0.07579298 0 -0.9815824 -0.1910393 0 -0.9815824 -0.1910393 0 -0.952767 -0.3037021 0 -0.952767 -0.3037021 0 -0.9110672 -0.4122579 0 -0.9110672 -0.4122579 0 -0.8570465 -0.515239 0 -0.8570465 -0.515239 0 -0.7914357 -0.6112524 0 -0.7914357 -0.6112524 0 -0.7151224 -0.6989993 0 -0.7151224 -0.6989993 0 -0.629138 -0.7772936 0 -0.629138 -0.7772936 0 -0.5346458 -0.8450763 0 -0.5346458 -0.8450763 0 -0.4329232 -0.9014308 0 -0.4329232 -0.9014308 0 -0.3253473 -0.9455946 0 -0.3253473 -0.9455946 0 -0.2133704 -0.9769714 0 -0.2133704 -0.9769714 0 -0.09850713 -0.9951363 0 -0.09850713 -0.9951363 0 0.01768718 -0.9998436 0 0.01768718 -0.9998436 0 0.1336422 -0.9910297 0 0.1336422 -0.9910297 0 0.2477898 -0.9688138 0 0.2477898 -0.9688138 0 0.3585867 -0.9334964 0 0.3585867 -0.9334964 0 0.4645345 -0.885555 0 0.4645345 -0.885555 0 0.5642001 -0.8256381 0 0.5642001 -0.8256381 0 0.6562356 -0.754556 0 0.6562356 -0.754556 0 0.7393973 -0.6732694 0 0.7393973 -0.6732694 0 0.8125597 -0.5828779 0 0.8125597 -0.5828779 0 0.8747336 -0.4846041 0 0.8747336 -0.4846041 0 0.9250778 -0.3797777 0 0.9250778 -0.3797777 0 -0.9928212 -0.1196077 0 -0.9928212 -0.1196077 0 -0.9999937 -0.003539327 0 -0.9999937 -0.003539327 0 -0.993643 0.112577 0 -0.993643 0.112577 0 -0.973855 0.2271707 0 -0.973855 0.2271707 0 -0.9408971 0.3386925 0 -0.9408971 0.3386925 0 -0.8952154 0.4456337 0 -0.8952154 0.4456337 0 -0.8374275 0.5465484 0 -0.8374275 0.5465484 0 -0.7683144 0.6400726 0 -0.7683144 0.6400726 0 -0.6888111 0.7249408 0 -0.6888111 0.7249408 0 -0.5999935 0.8000049 0 -0.5999935 0.8000049 0 -0.503062 0.8642503 0 -0.503062 0.8642503 0 -0.3993268 0.9168087 0 -0.3993268 0.9168087 0 -0.2901917 0.9569685 0 -0.2901917 0.9569685 0 -0.177133 0.9841869 0 -0.177133 0.9841869 0 -0.06167716 0.9980962 0 -0.06167716 0.9980962 0 0.05461125 0.9985077 0 0.05461125 0.9985077 0 0.1701612 0.9854162 0 0.1701612 0.9854162 0 0.283411 0.9589985 0 0.283411 0.9589985 0 0.3928276 0.9196122 0 0.3928276 0.9196122 0 0.4969321 0.8677894 0 0.4969321 0.8677894 0 0.594316 0.8042317 0 0.594316 0.8042317 0 0.6836632 0.7297976 0 0.6836632 0.7297976 0 0.7637652 0.6454942 0 0.7637652 0.6454942 0 0.8335376 0.5524628 0 0.8335376 0.5524628 0 0.8920385 0.4519593 0 0.8920385 0.4519593 0 0.9384765 0.3453431 0 0.9384765 0.3453431 0 0.9722227 0.2340576 0 0.9722227 0.2340576 0 0.9928212 0.1196077 0 0.9928212 0.1196077 0 0.9999937 0.003539327 0 0.9999937 0.003539327 0 0.993643 -0.112577 0 0.993643 -0.112577 0 0.973855 -0.2271707 0 0.973855 -0.2271707 0 0.9408971 -0.3386925 0 0.9408971 -0.3386925 0 0.8952154 -0.4456337 0 0.8952154 -0.4456337 0 0.8374275 -0.5465484 0 0.8374275 -0.5465484 0 0.7683144 -0.6400726 0 0.7683144 -0.6400726 0 0.6888111 -0.7249408 0 0.6888111 -0.7249408 0 0.5999935 -0.8000049 0 0.5999935 -0.8000049 0 0.503062 -0.8642503 0 0.503062 -0.8642503 0 0.3993268 -0.9168087 0 0.3993268 -0.9168087 0 0.2901917 -0.9569685 0 0.2901917 -0.9569685 0 0.177133 -0.9841869 0 0.177133 -0.9841869 0 0.06167716 -0.9980962 0 0.06167716 -0.9980962 0 -0.05461125 -0.9985077 0 -0.05461125 -0.9985077 0 -0.1701612 -0.9854162 0 -0.1701612 -0.9854162 0 -0.283411 -0.9589985 0 -0.283411 -0.9589985 0 -0.3928276 -0.9196122 0 -0.3928276 -0.9196122 0 -0.4969321 -0.8677894 0 -0.4969321 -0.8677894 0 -0.594316 -0.8042317 0 -0.594316 -0.8042317 0 -0.6836632 -0.7297976 0 -0.6836632 -0.7297976 0 -0.7637652 -0.6454942 0 -0.7637652 -0.6454942 0 -0.8335376 -0.5524628 0 -0.8335376 -0.5524628 0 -0.8920385 -0.4519593 0 -0.8920385 -0.4519593 0 -0.9384765 -0.3453431 0 -0.9384765 -0.3453431 0 -0.9722227 -0.2340576 0 -0.9722227 -0.2340576 0 -0.9928219 -0.1196019 0 -0.9928219 -0.1196019 0 -0.9999937 -0.003540461 0 -0.9999937 -0.003540461 0 -0.9936434 0.1125733 0 -0.9936434 0.1125733 0 -0.973855 0.2271706 0 -0.973855 0.2271706 0 -0.9408966 0.3386939 0 -0.9408966 0.3386939 0 -0.8952145 0.4456354 0 -0.8952145 0.4456354 0 -0.8374285 0.5465469 0 -0.8374285 0.5465469 0 -0.7683147 0.6400723 0 -0.7683147 0.6400723 0 -0.6888091 0.7249428 0 -0.6888091 0.7249428 0 -0.5999938 0.8000047 0 -0.5999938 0.8000047 0 -0.5030632 0.8642496 0 -0.5030632 0.8642496 0 -0.3993267 0.9168087 0 -0.3993267 0.9168087 0 -0.2901905 0.9569689 0 -0.2901905 0.9569689 0 -0.1771346 0.9841866 0 -0.1771346 0.9841866 0 -0.06168229 0.9980958 0 -0.06168229 0.9980958 0 0.0546119 0.9985077 0 0.0546119 0.9985077 0 0.1701647 0.9854156 0 0.1701647 0.9854156 0 0.2834105 0.9589987 0 0.2834105 0.9589987 0 0.3928286 0.9196117 0 0.3928286 0.9196117 0 0.4969341 0.8677883 0 0.4969341 0.8677883 0 0.5943139 0.8042331 0 0.5943139 0.8042331 0 0.6836623 0.7297985 0 0.6836623 0.7297985 0 0.7637681 0.6454907 0 0.7637681 0.6454907 0 0.8335375 0.5524629 0 0.8335375 0.5524629 0 0.8920363 0.4519638 0 0.8920363 0.4519638 0 0.9384762 0.3453438 0 0.9384762 0.3453438 0 0.9722235 0.2340542 0 0.9722235 0.2340542 0 0.9928218 0.1196028 0 0.9928218 0.1196028 0 0.9999937 0.003540509 0 0.9999937 0.003540509 0 0.9936434 -0.1125733 0 0.9936434 -0.1125733 0 0.9738548 -0.2271715 0 0.9738548 -0.2271715 0 0.9408966 -0.338694 0 0.9408966 -0.338694 0 0.8952151 -0.4456343 0 0.8952151 -0.4456343 0 0.8374289 -0.5465463 0 0.8374289 -0.5465463 0 0.7683139 -0.6400733 0 0.7683139 -0.6400733 0 0.6888089 -0.724943 0 0.6888089 -0.724943 0 0.5999932 -0.8000051 0 0.5999932 -0.8000051 0 0.5030627 -0.8642499 0 0.5030627 -0.8642499 0 0.399328 -0.9168081 0 0.399328 -0.9168081 0 0.290192 -0.9569685 0 0.290192 -0.9569685 0 0.177133 -0.9841869 0 0.177133 -0.9841869 0 0.06167761 -0.9980961 0 0.06167761 -0.9980961 0 -0.05461161 -0.9985077 0 -0.05461161 -0.9985077 0 -0.1701616 -0.9854162 0 -0.1701616 -0.9854162 0 -0.2834109 -0.9589986 0 -0.2834109 -0.9589986 0 -0.3928289 -0.9196116 0 -0.3928289 -0.9196116 0 -0.4969326 -0.8677891 0 -0.4969326 -0.8677891 0 -0.5943142 -0.804233 0 -0.5943142 -0.804233 0 -0.6836606 -0.7298001 0 -0.6836606 -0.7298001 0 -0.7637662 -0.6454929 0 -0.7637662 -0.6454929 0 -0.8335378 -0.5524624 0 -0.8335378 -0.5524624 0 -0.8920361 -0.4519641 0 -0.8920361 -0.4519641 0 -0.9384759 -0.3453446 0 -0.9384759 -0.3453446 0 -0.9722237 -0.2340535 0 -0.9722237 -0.2340535 0 0.987725 -0.1562027 0 0.9629113 -0.2698181 0 0.987725 -0.1562027 0 0.9629113 -0.2698181 0 0.9991805 -0.04047566 0 0.9991805 -0.04047566 0 0.9971236 0.07579258 0 0.9971236 0.07579258 0 0.981583 0.1910364 0 0.981583 0.1910364 0 0.9527662 0.3037048 0 0.9527662 0.3037048 0 0.9110676 0.4122569 0 0.9110676 0.4122569 0 0.857045 0.5152416 0 0.857045 0.5152416 0 0.7914349 0.6112535 0 0.7914349 0.6112535 0 0.7151242 0.6989974 0 0.7151242 0.6989974 0 0.6291424 0.77729 0 0.6291424 0.77729 0 0.5346462 0.845076 0 0.5346462 0.845076 0 0.432919 0.9014328 0 0.432919 0.9014328 0 0.3253431 0.945596 0 0.3253431 0.945596 0 0.2133711 0.9769712 0 0.2133711 0.9769712 0 0.09850751 0.9951363 0 0.09850751 0.9951363 0 -0.01768432 0.9998436 0 -0.01768432 0.9998436 0 -0.1336344 0.9910307 0 -0.1336344 0.9910307 0 -0.2477913 0.9688134 0 -0.2477913 0.9688134 0 -0.3585898 0.9334952 0 -0.3585898 0.9334952 0 -0.4645318 0.8855564 0 -0.4645318 0.8855564 0 -0.5641998 0.8256383 0 -0.5641998 0.8256383 0 -0.6562401 0.7545522 0 -0.6562401 0.7545522 0 -0.7393981 0.6732684 0 -0.7393981 0.6732684 0 -0.812559 0.582879 0 -0.812559 0.582879 0 -0.8747342 0.484603 0 -0.8747342 0.484603 0 -0.9250765 0.3797807 0 -0.9250765 0.3797807 0 -0.9629114 0.2698179 0 -0.9629114 0.2698179 0 -0.9877249 0.1562035 0 -0.9877249 0.1562035 0 -0.9991805 0.04047737 0 -0.9991805 0.04047737 0 -0.9971235 -0.0757942 0 -0.9971235 -0.0757942 0 -0.9815828 -0.1910372 0 -0.9815828 -0.1910372 0 -0.9527664 -0.303704 0 -0.9527664 -0.303704 0 -0.9110679 -0.4122563 0 -0.9110679 -0.4122563 0 -0.8570451 -0.5152413 0 -0.8570451 -0.5152413 0 -0.791436 -0.611252 0 -0.791436 -0.611252 0 -0.7151267 -0.6989948 0 -0.7151267 -0.6989948 0 -0.6291349 -0.7772961 0 -0.6291349 -0.7772961 0 -0.5346425 -0.8450784 0 -0.5346425 -0.8450784 0 -0.4329261 -0.9014294 0 -0.4329261 -0.9014294 0 -0.3253468 -0.9455948 0 -0.3253468 -0.9455948 0 -0.2133686 -0.9769718 0 -0.2133686 -0.9769718 0 -0.09850751 -0.9951363 0 -0.09850751 -0.9951363 0 0.01768714 -0.9998436 0 0.01768714 -0.9998436 0 0.1336437 -0.9910294 0 0.1336437 -0.9910294 0 0.2477897 -0.9688139 0 0.2477897 -0.9688139 0 0.3585849 -0.9334971 0 0.3585849 -0.9334971 0 0.4645337 -0.8855555 0 0.4645337 -0.8855555 0 0.5641988 -0.825639 0 0.5641988 -0.825639 0 0.6562382 -0.7545538 0 0.6562382 -0.7545538 0 0.7394008 -0.6732655 0 0.7394008 -0.6732655 0 0.8125597 -0.582878 0 0.8125597 -0.582878 0 0.8747338 -0.4846037 0 0.8747338 -0.4846037 0 0.9250763 -0.3797812 0 0.9250763 -0.3797812 -0.1305498 -4.430402e-05 0.9914418 -0.1305498 -4.430402e-05 0.9914418 -0.258831 -4.316366e-05 0.9659226 -0.2588269 -4.316371e-05 0.9659237 -0.5000009 -3.869958e-05 0.8660249 -0.7071039 -3.159822e-05 0.7071096 -0.500003 -3.869953e-05 0.8660237 -0.86602 -2.234364e-05 0.5000093 -0.7071002 -3.159839e-05 0.7071134 -0.9659261 -1.156567e-05 0.2588181 -0.86602 -2.234364e-05 0.5000093 -1 2.910039e-11 -6.512127e-07 -0.9659259 -1.15657e-05 0.2588189 -0.9659267 1.156555e-05 -0.2588156 -1 -2.548453e-12 3.930654e-08 -0.8660291 2.234294e-05 -0.4999937 -0.9659252 1.156581e-05 -0.2588214 -0.7071129 3.13778e-05 -0.7071007 -0.8660335 2.217729e-05 -0.499986 -0.500003 3.822758e-05 -0.8660237 -0.7071228 3.121205e-05 -0.7070908 -0.2588029 4.290684e-05 -0.9659302 -0.5000009 3.822763e-05 -0.8660249 -0.258785 4.263782e-05 -0.965935 -0.1304923 4.430435e-05 -0.9914493 -0.1304639 4.377064e-05 -0.9914531 -0.2588299 -4.290048e-05 0.9659229 -0.1305498 -4.403388e-05 0.9914418 -0.1305498 -4.403388e-05 0.9914418 -0.5000009 -3.846361e-05 0.8660249 -0.2588281 -4.29005e-05 0.9659234 -0.7071017 -3.140565e-05 0.7071118 -0.5000035 -3.846354e-05 0.8660234 -0.86602 -2.22074e-05 0.5000093 -0.7071028 -3.140559e-05 0.7071107 -0.9659261 -1.149514e-05 0.2588182 -0.86602 -2.22074e-05 0.5000093 -1 2.791736e-11 -6.285715e-07 -0.9659259 -1.149517e-05 0.2588188 -0.9659259 1.144237e-05 -0.2588188 -1 -1.779257e-08 1.571333e-06 -0.8660313 2.215457e-05 -0.4999898 -0.9659257 1.147665e-05 -0.2588196 -0.7071184 3.12949e-05 -0.7070952 -0.8660321 2.212382e-05 -0.4999884 -0.5000004 3.822765e-05 -0.8660252 -0.7071206 3.121215e-05 -0.707093 -0.258796 4.263769e-05 -0.965932 -0.5000035 3.822757e-05 -0.8660234 -0.1304778 4.376735e-05 -0.9914512 -0.2587844 4.277245e-05 -0.9659351 -0.1304636 4.403437e-05 -0.9914531 0 0.7193708 -0.6946263 0 0.7193708 -0.6946263 0 0.6428218 -0.7660158 0 0.7880381 -0.6156264 0 0.6428218 -0.7660158 0 0.5592298 -0.8290127 0 0.5592298 -0.8290127 0 0.4695108 -0.8829267 0 0.4383313 0.8988135 0 0.3906907 0.920522 0 0.4383313 0.8988135 0 0.3906907 0.920522 0 0.4695108 -0.8829267 0 0.3746483 -0.927167 0 0.5298814 0.8480717 0 0.5298814 0.8480717 0 0.3746483 -0.927167 0 0.2756802 -0.9612494 0 0.6156264 0.7880381 0 0.6156264 0.7880381 0 0.2756802 -0.9612494 0 0.1736918 -0.9848001 0 0.6946263 0.7193708 0 0.6946263 0.7193708 0 0.1736918 -0.9848001 0 0.06980074 -0.997561 0 0.7660158 0.6428218 0 0.7660158 0.6428218 0 0.8290127 0.5592298 0 0.06980074 -0.997561 0 -0.03485476 -0.9993924 0 0.8290127 0.5592298 0 0.8829267 0.4695108 0 -0.03485476 -0.9993924 0 -0.139129 -0.9902743 0 0.8829267 0.4695108 0 0.9271673 0.3746476 0 -0.139129 -0.9902743 0 -0.2418791 -0.9703064 0 -0.2418791 -0.9703064 0 -0.2923289 -0.9563179 0 -0.2923289 -0.9563179 0 0.9271673 0.3746476 0 0.9612494 0.2756802 0 0.9612494 0.2756802 0 0.9847999 0.1736925 0 0.9847999 0.1736925 0 0.997561 0.06980075 0 0.997561 0.06980075 0 0.9993924 -0.03485551 0 0.9993924 -0.03485551 0 0.9902743 -0.139129 0 0.9902743 -0.139129 0 0.9703066 -0.2418783 0 0.9703066 -0.2418783 0 0.9397078 -0.3419785 0 0.9397078 -0.3419785 0 0.8988135 -0.4383313 0 0.8988135 -0.4383313 0 0.8480717 -0.5298814 0 0.8480717 -0.5298814 0 0.7880381 -0.6156264 1 0 0 1 0 0 1 0 0 1 0 0 1 0 0 1 0 0 1 0 0 1 0 0 1 0 0 1 0 0 1 0 0 1 0 0 1 0 0 1 0 0 1 0 0 1 0 0 1 0 0 1 0 0 1 0 0 1 0 0 1 0 0 1 0 0 1 0 0 1 0 0 1 0 0 1 0 0 1 0 0 1 0 0 1 0 0 1 0 0 1 0 0 1 0 0 1 0 0 1 0 0 1 0 0 1 0 0 1 0 0 1 0 0 1 0 0 1 0 0 1 0 0 1 0 0 1 0 0 1 0 0 1 0 0 1 0 0 1 0 0 1 0 0 1 0 0 1 0 0 1 0 0 1 0 0 1 0 0 1 0 0 1 0 0 1 0 0 1 0 0 1 0 0 1 0 0 1 0 0 1 0 0 1 0 0 1 0 0 1 0 0 1 0 0 1 0 0 1 0 0 1 0 0 1 0 0 1 0 0 1 0 0 1 0 0 1 0 0 1 0 0 1 0 0 1 0 0 1 0 0 1 0 0 1 0 0 1 0 0 1 0 0 1 0 0 1 0 0 1 0 0 1 0 0 1 0 0 1 0 0 1 0 0 1 0 0 1 0 0 1 0 0 1 0 0 1 0 0 1 0 0 1 0 0 1 0 0 1 0 0 1 0 0 1 0 0 1 0 0 1 0 0 1 0 0 1 0 0 1 0 0 1 0 0 1 0 0 1 0 0 1 0 0 1 0 0 1 0 0 1 0 0 1 0 0 1 0 0 1 0 0 1 0 0 1 0 0 1 0 0 1 0 0 1 0 0 1 0 0 1 0 0 1 0 0 1 0 0 1 0 0 1 0 0 1 0 0 1 0 0 1 0 0 1 0 0 1 0 0 1 0 0 1 0 0 1 0 0 1 0 0 1 0 0 1 0 0 1 0 0 1 0 0 1 0 0 1 0 0 1 0 0 1 0 0 1 0 0 1 0 0 1 0 0 1 0 0 1 0 0 1 0 0 1 0 0 1 0 0 1 0 0 1 0 0 1 0 0 1 0 0 1 0 0 1 0 0 1 0 0 1 0 0 1 0 0 1 0 0 1 0 0 1 0 0 1 0 0 1 0 0 1 0 0 1 0 0 1 0 0 1 0 0 1 0 0 1 0 0 1 0 0 1 0 0 3.246627e-06 -1 -4.639661e-05 3.042203e-07 -1 -4.372192e-05 2.57852e-07 -1 -4.361912e-05 5.889582e-06 -1 -4.969458e-05 -3.557464e-06 -1 -3.824839e-05 4.593027e-06 -1 -4.829907e-05 -1.049969e-06 -1 -4.075382e-05 -2.308506e-05 -1 -2.57794e-05 -5.314566e-06 -1 -4.08284e-05 -2.424978e-07 -1 -4.376144e-05 -9.560089e-07 -1 -4.466705e-05 2.051346e-06 -1 -4.176106e-05 -3.820536e-06 -1 -4.903934e-05 1.68628e-08 -1 -4.341427e-05 -5.305317e-06 -1 -4.905373e-05 1.731515e-05 -1 -2.996336e-05 4.919853e-06 -1 -4.020464e-05 3.826424e-06 -1 -4.213565e-05 -6.337082e-06 -1 -4.871401e-05 4.956828e-06 -1 -3.720161e-05 -4.841529e-06 -1 -4.860036e-05 3.856301e-06 -1 -4.428719e-05 -5.728719e-06 -1 -4.379982e-05 -8.855101e-07 -1 -4.748665e-05 -3.83111e-06 -1 -4.87639e-05 -4.190537e-06 -1 -4.438435e-05 7.71884e-07 -1 -4.466013e-05 -1.099336e-05 -1 -7.501622e-05 -4.812655e-06 -1 -5.620223e-05 8.286281e-05 -1 -4.23302e-05 2.322343e-05 -1 -4.423255e-05 7.895063e-06 -1 -4.547901e-05 2.222141e-06 -1 -4.465647e-05 3.629141e-06 -1 -4.475135e-05 3.685206e-06 -1 -3.420343e-05 3.26653e-06 -1 -3.731038e-05 -3.137012e-05 -1 -4.644051e-05 -3.062997e-05 -1 -4.65955e-05 1.246143e-06 -1 -4.567981e-05 3.587657e-05 -1 -4.546682e-05 3.226614e-06 -1 -4.47403e-05 1.78402e-06 -1 -4.477204e-05 5.210378e-05 -1 -4.493576e-05 1.407931e-05 -1 -3.064301e-05 -1.684323e-07 -1 -3.989706e-05 -2.084526e-06 -1 -5.379348e-05 1.366271e-05 -1 -5.546358e-05 -1.033466e-05 -1 -4.552381e-05 1.230767e-06 -1 -4.591763e-05 2.995315e-07 -1 -4.221599e-05 -9.511559e-07 -1 -4.229599e-05 2.368827e-06 -1 -2.509879e-05 1.114436e-06 -1 -4.593489e-05 -1.200338e-05 -1 -4.589969e-05 1.58775e-06 -1 -3.352172e-05 8.00599e-06 -1 -4.490671e-05 2.671547e-06 -1 -4.860111e-05 -2.05141e-06 -1 -4.206104e-05 8.025842e-07 -1 -3.95739e-05 1.351003e-06 -1 -5.293659e-05 1.856509e-06 -1 -5.674346e-05 -1.879096e-06 -1 -3.578716e-05 -9.66552e-06 -1 -4.471007e-05 -5.392861e-06 -1 -5.151031e-05 1.112998e-05 -1 -8.023072e-05 -1.532599e-06 -1 -4.05056e-05 -4.916749e-06 -1 -4.448559e-05 -7.023961e-06 -1 -4.463297e-05 -2.705957e-06 -1 -3.969e-05 1.62024e-06 -1 -4.852371e-05 -2.787234e-06 -1 -4.328156e-05 8.660008e-06 -1 -4.375181e-05 -1.267601e-05 -1 -1.368807e-05 -4.420976e-07 -1 -4.458611e-05 1.768778e-05 -1 -8.454964e-05 7.446299e-07 -1 -4.35577e-05 -4.219083e-06 -1 -4.327035e-05 5.217676e-06 -1 -6.099611e-05 -5.554137e-06 -1 -3.2006e-05 4.119692e-06 -1 -4.427751e-05 -5.624499e-06 -1 -4.373964e-05 -3.638567e-06 -1 -4.257991e-05 4.602267e-08 -1 -4.113857e-05 1.876084e-06 -1 -4.94668e-05 1.415417e-06 -1 -5.305957e-05 -3.342487e-06 -1 -3.437136e-05 1.020754e-05 -1 -7.822073e-05 2.415402e-07 -1 -4.58649e-05 -2.235181e-06 -1 -3.644397e-05 -4.665847e-06 -1 -3.674158e-05 -2.836037e-07 -1 -4.168072e-05 -4.83922e-07 -1 -3.903084e-05 3.259391e-07 -1 -4.795356e-05 -1.361896e-06 -1 -4.202787e-05 -3.552699e-06 -1 -4.195785e-05 4.189353e-06 -1 -4.739127e-05 -1.767634e-06 -1 -2.68258e-05 -1.294988e-05 -1 -3.065434e-05 4.570601e-07 -1 -4.500812e-05 -5.860036e-06 -1 -4.453312e-05 -1.472913e-06 -1 -4.613467e-05 -9.588628e-07 -1 -4.618398e-05 2.37795e-06 -1 -4.26537e-05 1.41684e-06 -1 -4.263778e-05 -1.287562e-05 -1 -5.526018e-05 -3.57926e-05 -1 -4.55156e-05 -5.201982e-05 -1 -4.488698e-05 -1.480452e-06 -1 -4.515772e-05 3.039566e-05 -1 -4.71176e-05 -2.239307e-05 -1 -4.511439e-05 3.22005e-05 -1 -4.555865e-05 -7.160953e-07 -1 -5.260958e-05 1.175719e-06 -1 -3.961258e-05 -2.012143e-06 -1 -5.075703e-05 1.584275e-06 -1 -3.511468e-05 -8.286281e-05 -1 -4.23302e-05 -7.895063e-06 -1 -4.547901e-05 -1.17899e-05 -1 -8.097141e-05 -8.901598e-07 -1 -4.682766e-05 2.638479e-06 -1 -3.87101e-05 -9.235284e-07 -1 -4.883662e-05 1.243739e-05 -1 -1.466237e-05 8.37069e-06 -1 -2.761852e-05 -1.772106e-05 -1 -8.264286e-05 5.596877e-06 -1 -4.327727e-05 -5.549416e-06 -1 -6.101842e-05 5.860036e-06 -1 -4.453312e-05 -3.95384e-07 -1 -4.490566e-05 -5.454599e-06 -1 -3.990357e-05 -5.585747e-06 -1 -3.934811e-05 5.941189e-06 -1 -4.945457e-05 1 0 0 1 0 0 1 0 0 1 0 0 -1 0 0 -1 0 0 -1 0 0 -1 0 0 -1 0 0 -1 0 0 -1 0 0 -1 0 0 -1 0 0 0 -0.4539498 -0.8910273 0 -0.3987069 -0.9170784 0 -0.3987069 -0.9170784 0 -0.4539498 -0.8910273 0 -0.5591548 -0.8290633 0 -0.5591548 -0.8290633 0 -0.6560271 -0.7547373 0 -0.6560271 -0.7547373 0 -0.7431168 -0.6691617 0 -0.7431168 -0.6691617 0 -0.8191268 -0.5736124 0 -0.8191268 -0.5736124 0 -0.8829265 -0.4695113 0 -0.8829265 -0.4695113 0 -0.9335641 -0.3584104 0 -0.9335641 -0.3584104 0 -0.9702844 -0.2419674 0 -0.9702844 -0.2419674 0 -0.9925408 -0.1219128 0 -0.9925408 -0.1219128 0 -0.9981325 -0.06108559 0 -0.9981325 -0.06108559 0 -0.3419784 -0.9397078 0 -0.3419784 -0.9397078 0 -0.3419784 -0.9397078 0 -0.3419784 -0.9397078 0 0.3419784 0.9397078 0 0.3419784 0.9397078 0 0.3419784 0.9397078 0 0.3419784 0.9397078 5.35617e-07 1 4.48023e-05 -1.278818e-06 1 5.195466e-05 7.754138e-07 1 3.774988e-05 1.807444e-06 1 4.346052e-05 -7.178011e-07 1 5.744561e-05 -2.311143e-07 1 4.553494e-05 -1.427821e-07 1 4.471082e-05 6.116863e-06 1 3.971117e-05 3.847841e-06 1 4.42409e-05 -3.40958e-06 1 4.205414e-05 2.974797e-06 1 4.538205e-05 -9.276698e-06 1 3.848204e-05 -3.615406e-06 1 4.064404e-05 -1.952205e-06 1 5.479128e-05 -5.543295e-09 1 4.470427e-05 1.646598e-06 1 4.685776e-05 -4.438444e-06 1 4.070893e-05 5.355959e-07 1 4.614394e-05 8.780468e-07 1 4.599773e-05 2.268576e-07 1 4.202963e-05 -1.213984e-06 1 2.43106e-05 6.244893e-06 1 4.965922e-05 1.706663e-06 1 4.517739e-05 -2.737413e-06 1 4.549134e-05 6.732653e-06 1 4.30298e-05 2.492895e-06 1 4.379215e-05 -1.253025e-05 1 4.776256e-05 4.886301e-06 1 4.460551e-05 -4.991126e-06 1 4.062822e-05 7.511318e-06 1 6.439054e-05 -1.638969e-05 1 4.506626e-05 -6.80824e-05 1 4.264143e-05 -7.490922e-06 1 4.51864e-05 -3.758081e-06 1 4.4533e-05 1.984907e-06 1 4.449147e-05 -3.199473e-06 1 3.518689e-05 -2.329149e-06 1 4.021743e-05 3.229122e-05 1 4.525076e-05 -4.453802e-05 1 4.54335e-05 3.020325e-05 1 4.681933e-05 -1.300718e-06 1 4.486533e-05 -1.87993e-06 1 4.517557e-05 3.188294e-06 1 4.418078e-05 -5.169052e-05 1 4.460283e-05 1.171178e-06 1 4.340075e-05 2.398909e-06 1 5.403208e-05 -1.157846e-05 1 5.875604e-05 -2.039301e-07 1 2.68078e-05 1.230497e-05 1 4.509654e-05 -5.007941e-07 1 4.111032e-05 9.512916e-07 1 4.229665e-05 1.270301e-05 1 4.204809e-05 1.887288e-06 1 4.474399e-05 2.372922e-07 1 4.479618e-05 -2.817362e-06 1 3.997853e-05 -9.879633e-06 1 4.264844e-05 -2.88756e-06 1 4.562584e-05 -2.377693e-06 1 3.93677e-05 1.772001e-06 1 4.445254e-05 2.484802e-06 1 5.414643e-05 -4.501652e-06 1 4.503529e-05 -3.95344e-07 1 4.41209e-05 4.475037e-06 1 3.135202e-05 5.574902e-07 1 4.335097e-05 -8.95328e-06 1 7.444363e-05 5.589847e-06 1 4.464826e-05 6.485476e-06 1 4.577603e-05 -4.35768e-06 1 4.438044e-05 -6.779954e-07 1 4.107521e-05 -4.681834e-07 1 4.478244e-05 1.26424e-05 1 1.741501e-05 -6.31804e-06 1 5.970324e-05 5.684036e-06 1 4.318594e-05 1.624604e-07 1 4.342293e-05 3.389535e-06 1 4.339079e-05 2.066457e-06 1 4.326298e-05 1.558682e-06 1 4.104373e-05 -1.718904e-05 1 7.930574e-05 -7.932686e-07 1 4.455862e-05 -2.16229e-06 1 4.437806e-05 2.956004e-06 1 4.458889e-05 2.292142e-06 1 4.451741e-05 2.296588e-07 1 4.481252e-05 -4.450681e-09 1 5.070715e-05 3.0504e-06 1 4.796254e-05 -9.177564e-07 1 4.232057e-05 5.646234e-07 1 4.093866e-05 2.846113e-06 1 3.625978e-05 -1.238057e-06 1 5.210074e-05 -6.913981e-06 1 6.715435e-05 2.880658e-06 1 5.354125e-05 1.262551e-06 1 3.935788e-05 8.487065e-06 1 3.83962e-05 -7.885575e-08 1 4.445642e-05 4.211541e-07 1 4.175904e-05 -4.381467e-07 1 4.245952e-05 -8.206314e-07 1 5.060206e-05 1.431177e-06 1 4.209203e-05 3.640904e-06 1 4.217957e-05 -1.257863e-05 1 4.375255e-05 -1.842333e-06 1 2.684995e-05 1.53069e-06 1 4.975756e-05 -6.891107e-07 1 1.321329e-05 -3.043901e-05 1 4.629401e-05 4.453802e-05 1 4.54335e-05 1.064963e-06 1 4.539065e-05 5.169052e-05 1 4.460283e-05 1.262434e-05 1 5.786867e-05 -1.384686e-06 1 3.773736e-05 1.722517e-05 1 4.417897e-05 -3.145573e-05 1 4.613806e-05 2.55198e-06 1 5.534685e-05 9.221554e-07 1 3.175224e-05 1.660379e-06 1 4.620472e-05 6.80824e-05 1 4.264143e-05 7.490922e-06 1 4.51864e-05 1.054985e-05 1 7.722312e-05 1.849168e-06 1 4.87327e-05 -2.57511e-06 1 4.344549e-05 -1.367131e-05 1 1.462676e-05 1.211136e-06 1 4.368681e-05 1.923229e-05 1 7.371869e-05 7.414715e-06 1 5.987114e-05 -5.684036e-06 1 4.318594e-05 -4.669543e-07 1 4.268572e-05 -5.292202e-07 1 4.112091e-05 7.074923e-07 1 1.630626e-05 -1.093657e-06 1 4.563454e-05 -8.132284e-07 1 4.602944e-05 1.789546e-06 1 4.037899e-05 -5.358779e-08 1 3.443432e-05 0 0.9284596 0.3714333 0 0.9284596 0.3714333 0 0.9284596 0.3714333 0 0.9284596 0.3714333 0 -4.348755e-05 1 0 -4.348755e-05 1 0 -4.348755e-05 1 0 -4.348755e-05 1 0 -1 -4.577637e-05 0 -1 -4.577637e-05 0 -1 -4.577637e-05 0 -1 -4.577637e-05 -1 0 0 -1 0 0 -1 0 0 -1 0 0 -1 0 0 -1 0 0 -1 0 0 -1 0 0 -1 0 0 -1 0 0 -1 0 0 -1 0 0 -1 0 0 -1 0 0 -1 0 0 -1 0 0 -1 0 0 -1 0 0 -1 0 0 -1 0 0 -1 0 0 -1 0 0 -1 0 0 -1 0 0 -1 0 0 -1 0 0 -1 0 0 -1 0 0 -1 0 0 -1 0 0 -1 0 0 -1 0 0 -1 0 0 -1 0 0 -1 0 0 -1 0 0 -1 0 0 -1 0 0 -1 0 0 -1 0 0 -1 0 0 -1 0 0 -1 0 0 -1 0 0 -1 0 0 -1 0 0 -1 0 0 -1 0 0 -1 0 0 -1 0 0 -1 0 0 -1 0 0 -1 0 0 -1 0 0 -1 0 0 -1 0 0 -1 0 0 -1 0 0 -1 0 0 -1 0 0 -1 0 0 -1 0 0 -1 0 0 -1 0 0 -1 0 0 -1 0 0 -1 0 0 -1 0 0 -1 0 0 -1 0 0 -1 0 0 -1 0 0 -1 0 0 -1 0 0 -1 0 0 -1 0 0 -1 0 0 -1 0 0 -1 0 0 -1 0 0 -1 0 0 -1 0 0 -1 0 0 -1 0 0 -1 0 0 -1 0 0 -1 0 0 -1 0 0 -1 0 0 -1 0 0 -1 0 0 -1 0 0 -1 0 0 -1 0 0 -1 0 0 -1 0 0 -1 0 0 -1 0 0 -1 0 0 -1 0 0 -1 0 0 -1 0 0 -1 0 0 -1 0 0 -1 0 0 -1 0 0 -1 0 0 -1 0 0 -1 0 0 -1 0 0 -1 0 0 -1 0 0 -1 0 0 -1 0 0 -1 0 0 -1 0 0 -1 0 0 -1 0 0 -1 0 0 -1 0 0 -1 0 0 -1 0 0 -1 0 0 -1 0 0 -1 0 0 -1 0 0 -1 0 0 -1 0 0 -1 0 0 -1 0 0 -1 0 0 -1 0 0 -1 0 0 -1 0 0 -1 0 0 -1 0 0 -1 0 0 -1 0 0 -1 0 0 -1 0 0 -1 0 0 -1 0 0 -1 0 0 -1 0 0 -1 0 0 -1 0 0 -1 0 0 -1 0 0 -1 0 0 -1 0 0 -1 0 0 -1 0 0 -1 0 0 -1 0 0 -1 0 0 -1 0 0 -1 0 0 -1 0 0 -1 0 0 -1 0 0 -1 0 0 -1 0 0 -1 0 0 -1 0 0 -1 0 0 -1 0 0 -1 0 0 0 0.9987025 0.05092519 0 0.9987025 0.05092519 0 0.994817 0.1016816 0 0.994817 0.1016816 0 0.9793316 0.2022614 0 0.9793316 0.2022614 0 0.9537048 0.3007443 0 0.9537048 0.3007443 0 0.9181976 0.3961227 0 0.9181976 0.3961227 0 0.873183 0.4873924 0 0.873183 0.4873924 0 0.8191272 0.5736119 0 0.8191272 0.5736119 0 0.7565869 0.6538931 0 0.7565869 0.6538931 0 0.6862094 0.7274041 0 0.6862094 0.7274041 0 0.6087251 0.7933812 0 0.5249391 0.8511398 0 0.6087251 0.7933812 0 0.4357144 0.900085 0 0.5249391 0.8511398 0 0.3893496 0.92109 0 0.4357144 0.900085 0 0.3893496 0.92109 0 -4.405975e-05 1 0 -4.405975e-05 1 0 -4.405975e-05 1 0 -4.405975e-05 1 0.258796 4.263769e-05 -0.965932 0.1304778 4.376735e-05 -0.9914512 0.2587844 4.277245e-05 -0.9659351 0.1304636 4.403437e-05 -0.9914531 0.5000004 3.822765e-05 -0.8660252 0.5000035 3.822757e-05 -0.8660234 0.7071184 3.12949e-05 -0.7070952 0.7071206 3.121215e-05 -0.707093 0.8660313 2.215457e-05 -0.4999898 0.8660321 2.212382e-05 -0.4999884 0.9659259 1.144237e-05 -0.2588188 0.9659257 1.147665e-05 -0.2588196 1 2.791736e-11 -6.285715e-07 1 -1.779257e-08 1.571333e-06 0.9659261 -1.149514e-05 0.2588182 0.9659259 -1.149517e-05 0.2588188 0.86602 -2.22074e-05 0.5000093 0.86602 -2.22074e-05 0.5000093 0.7071017 -3.140565e-05 0.7071118 0.7071028 -3.140559e-05 0.7071107 0.5000009 -3.846361e-05 0.8660249 0.5000035 -3.846354e-05 0.8660234 0.2588299 -4.290048e-05 0.9659229 0.2588281 -4.29005e-05 0.9659234 0.1305498 -4.403388e-05 0.9914418 0.1305498 -4.403388e-05 0.9914418 0.258803 4.26376e-05 -0.9659301 0.130492 4.377047e-05 -0.9914494 0.2587851 4.290706e-05 -0.9659349 0.1304636 4.430452e-05 -0.9914531 0.500003 3.822758e-05 -0.8660237 0.5000009 3.822763e-05 -0.8660249 0.7071129 3.13778e-05 -0.7071007 0.7071228 3.121205e-05 -0.7070908 0.8660291 2.234294e-05 -0.4999937 0.8660335 2.217729e-05 -0.499986 0.9659267 1.156555e-05 -0.2588156 0.9659252 1.156581e-05 -0.2588214 1 2.910039e-11 -6.512127e-07 1 -2.548454e-12 3.930654e-08 0.9659261 -1.156567e-05 0.2588181 0.9659259 -1.15657e-05 0.2588189 0.86602 -2.234364e-05 0.5000093 0.86602 -2.234364e-05 0.5000093 0.7071039 -3.159822e-05 0.7071096 0.7071002 -3.159839e-05 0.7071134 0.5000009 -3.869958e-05 0.8660249 0.500003 -3.869953e-05 0.8660237 0.2588269 -4.316371e-05 0.9659237 0.258831 -4.316366e-05 0.9659226 0.1305498 -4.430402e-05 0.9914418 0.1305498 -4.430402e-05 0.9914418 -1 0 0 -1 0 0 -1 0 0 -1 0 0 -1 0 0 -1 0 0 -1 0 0 -1 0 0 -1 0 0 -1 0 0 -1 0 0 -1 0 0 -1 0 0 -1 0 0 -1 0 0 -1 0 0 -1 0 0 -1 0 0 -1 0 0 -1 0 0 -1 0 0 -1 0 0 -1 0 0 -1 0 0 -1 0 0 -1 0 0 -1 0 0 -1 0 0 -1 0 0 -1 0 0 -1 0 0 -1 0 0 -1 0 0 -1 0 0 -1 0 0 -1 0 0 -1 0 0 -1 0 0 -1 0 0 -1 0 0 -1 0 0 -1 0 0 -1 0 0 -1 0 0 -1 0 0 -1 0 0 -1 0 0 -1 0 0 -1 0 0 -1 0 0 -1 0 0 -1 0 0 -1 0 0 -1 0 0 1 0 0 1 0 0 1 0 0 1 0 0 1 0 0 1 0 0 1 0 0 1 0 0 1 0 0 1 0 0 1 0 0 1 0 0 1 0 0 1 0 0 1 0 0 1 0 0 1 0 0 1 0 0 1 0 0 1 0 0 1 0 0 1 0 0 1 0 0 1 0 0 1 0 0 1 0 0 1 0 0 1 0 0 1 0 0 1 0 0 1 0 0 1 0 0 1 0 0 1 0 0 1 0 0 1 0 0 1 0 0 1 0 0 1 0 0 1 0 0 1 0 0 1 0 0 1 0 0 1 0 0 1 0 0 1 0 0 1 0 0 1 0 0 1 0 0 1 0 0 1 0 0 1 0 0 1 0 0 1 0 0 1 0 0 1 0 0 1 0 0 1 0 0 1 0 0 1 0 0 1 0 0 1 0 0 1 0 0 1 0 0 1 0 0 1 0 0 1 0 0 1 0 0 1 0 0 1 0 0 1 0 0 1 0 0 1 0 0 1 0 0 1 0 0 1 0 0 1 0 0 1 0 0 1 0 0 1 0 0 1 0 0 1 0 0 1 0 0 1 0 0 1 0 0 1 0 0 1 0 0 1 0 0 1 0 0 1 0 0 1 0 0 1 0 0 1 0 0 1 0 0 1 0 0 1 0 0 1 0 0 1 0 0 1 0 0 1 0 0 1 0 0 1 0 0 1 0 0 1 0 0 1 0 0 1 0 0 1 0 0 1 0 0 -1 0 0 -1 0 0 -1 0 0 -1 0 0 -1 0 0 -1 0 0 -1 0 0 -1 0 0 -1 0 0 -1 0 0 -1 0 0 -1 0 0 -1 0 0 -1 0 0 -1 0 0 -1 0 0 -1 0 0 -1 0 0 -1 0 0 -1 0 0 -1 0 0 -1 0 0 -1 0 0 -1 0 0 -1 0 0 -1 0 0 -1 0 0 -1 0 0 -1 0 0 -1 0 0 -1 0 0 -1 0 0 -1 0 0 -1 0 0 -1 0 0 -1 0 0 -1 0 0 -1 0 0 -1 0 0 -1 0 0 -1 0 0 -1 0 0 -1 0 0 -1 0 0 -1 0 0 -1 0 0 -1 0 0 -1 0 0 -1 0 0 -1 0 0 -1 0 0 -1 0 0 -1 0 0 -1 0 0 -2.04183e-06 1 4.867859e-05 1.543316e-06 1 4.844089e-05 -8.74649e-07 1 4.753963e-05 -7.72434e-07 1 4.409972e-05 -4.739337e-06 1 4.502016e-05 2.436395e-06 1 4.868695e-05 -3.539113e-06 1 3.817113e-05 -1.766874e-06 1 3.77698e-05 -1.65186e-06 1 4.712866e-05 2.54761e-06 1 4.683719e-05 3.225681e-06 1 4.457299e-05 9.022758e-07 1 4.988379e-05 8.037298e-07 1 4.532548e-05 0 1 4.306752e-05 2.383288e-06 1 4.403455e-05 8.619194e-07 1 4.73563e-05 -1.53873e-06 1 4.797093e-05 1.934969e-06 1 4.684019e-05 2.837621e-06 1 4.898411e-05 -3.618028e-06 1 4.584789e-05 4.675433e-07 1 4.321777e-05 2.884496e-07 1 4.503093e-05 8.678516e-07 1 5.129238e-05 1.014544e-06 1 4.800362e-05 -3.228738e-06 1 5.038338e-05 -3.770805e-06 1 4.644415e-05 3.067856e-06 1 4.519679e-05 1.17562e-06 1 4.317165e-05 1.251462e-06 1 4.035034e-05 1.291779e-06 1 4.276408e-05 2.680909e-06 1 3.596222e-05 -1.099278e-07 1 4.233563e-05 -2.102256e-06 1 4.218307e-05 -2.966589e-06 1 4.723655e-05 -1.083538e-07 1 4.425999e-05 -6.462862e-07 1 4.280577e-05 -1.011025e-06 1 4.321287e-05 -6.605345e-06 1 4.478413e-05 1.120375e-06 1 3.754672e-05 -9.700311e-07 1 4.33671e-05 -1.787841e-07 1 4.069888e-05 2.14641e-07 1 5.127098e-05 -3.956199e-07 1 4.788753e-05 2.076011e-06 1 4.163893e-05 1.513431e-07 1 4.600498e-05 -3.395226e-06 1 4.662824e-05 9.407099e-07 1 4.525882e-05 -3.871848e-07 1 4.333055e-05 5.097047e-06 1 4.317794e-05 -6.458071e-06 1 4.496467e-05 3.469416e-07 1 4.311985e-05 -1.613047e-06 1 5.070705e-05 1.503472e-06 1 4.250773e-05 2.73564e-06 1 3.539538e-05 2.36822e-06 1 4.588087e-05 5.530368e-06 1 4.186602e-05 3.993094e-06 1 4.233181e-05 5.330824e-07 1 4.281529e-05 6.526443e-06 1 4.289811e-05 -3.851656e-06 1 4.726566e-05 -2.957211e-06 1 4.429281e-05 -2.395054e-06 1 4.520316e-05 0 1 4.306758e-05 -3.536203e-06 1 4.481259e-05 8.633626e-07 1 4.014328e-05 1.85353e-06 1 4.356245e-05 4.753598e-06 1 4.27722e-05 2.840993e-06 1 4.432871e-05 -5.780128e-07 1 4.311142e-05 -7.164485e-06 1 4.783395e-05 1.607754e-06 1 4.470835e-05 -1.272884e-06 1 3.831393e-05 -7.088465e-07 1 4.679686e-05 -3.793132e-06 1 4.465324e-05 8.53146e-06 1 4.472378e-05 -2.858781e-06 1 4.544042e-05 2.270401e-06 1 4.713557e-05 -3.724419e-06 1 4.634061e-05 -9.422983e-07 1 4.574532e-05 1.094317e-06 1 4.33828e-05 1.520071e-06 1 4.287271e-05 -1.297503e-07 1 3.982814e-05 -4.314769e-06 1 4.215719e-05 -3.523263e-06 1 4.385604e-05 -2.85865e-06 1 4.544043e-05 -2.368246e-06 1 4.684209e-05 2.36681e-06 1 4.511644e-05 -5.731099e-07 1 4.783956e-05 1.070945e-07 1 4.993759e-05 -2.111794e-06 1 4.679805e-05 -3.343e-06 1 4.678706e-05 -1.39626e-07 1 4.778133e-05 -3.376174e-06 1 4.137475e-05 -6.72497e-07 1 4.596991e-05 1.514013e-07 1 4.600495e-05 3.098981e-07 1 4.438001e-05 -2.653572e-06 1 4.637888e-05 9.355512e-07 1 4.863329e-05 -1.302068e-06 1 4.045129e-05 -2.105935e-06 1 4.030717e-05 -0.7071066 0.5970472 -0.37886 -0.7071067 0.6725082 -0.2184783 -0.7071066 0.5970472 -0.37886 -0.7071066 0.6725083 -0.2184782 -0.7071068 0.4840708 -0.5154372 -0.7071068 0.4840708 -0.5154372 -0.7071067 -0.17582 -0.6848996 -0.7071068 3.173339e-05 -0.7071068 -0.7071067 -0.17582 -0.6848995 -0.7071068 3.167112e-05 -0.7071068 -0.7071065 0.3406787 -0.6196277 -0.7071064 0.3406788 -0.6196277 -0.7071067 -0.3406239 -0.6196576 -0.7071066 -0.3406238 -0.6196577 -0.7071068 0.1758807 -0.6848839 -0.7071067 0.1758809 -0.684884 -0.7071069 -0.484025 -0.5154801 -0.7071068 -0.4840249 -0.5154802 -0.7071068 -0.597013 -0.3789135 -0.7071067 -0.5970131 -0.3789135 -0.7071072 -0.6724884 -0.2185378 -0.7071072 -0.6724884 -0.2185379 -0.7071067 -0.7057096 -0.04443111 -0.7071069 -0.7057094 -0.0444308 -0.7071064 -0.6945883 0.1324676 -0.7071064 -0.6945883 0.1324677 -0.7071069 -0.6398227 0.3010429 -0.7071067 -0.6398228 0.3010428 -0.707107 -0.5448549 0.4507026 -0.707107 -0.5448549 0.4507026 -0.7071069 -0.4156522 0.5720429 -0.707107 -0.415652 0.5720429 -0.7071068 -0.2603328 0.6574395 -0.7071068 -0.2603328 0.6574396 -0.7071071 -0.08865515 0.7015268 -0.707107 -0.08865519 0.7015268 -0.7071067 0.08859266 0.701535 -0.7071066 0.08859243 0.7015352 -0.7071065 0.2602742 0.6574631 -0.7071066 0.2602743 0.657463 -0.7071067 0.4156018 0.5720798 -0.7071066 0.4156016 0.57208 -0.7071065 0.5448153 0.4507513 -0.7071065 0.5448153 0.4507512 -0.7071065 0.6397962 0.3011 -0.7071065 0.6397963 0.3010999 -0.7071064 0.6945764 0.1325298 -0.7071065 0.6945764 0.1325297 -0.7071064 0.7057138 -0.04436811 -0.7071064 0.7057139 -0.04436807 0.0008735473 -0.8442669 -0.5359223 0.001069204 -0.9510233 -0.3091173 -0.001130103 -0.8659707 -0.5000935 -0.001314566 -0.965899 -0.2589158 0.000140256 0.2486433 -0.9685951 0 4.489697e-05 -1 -0.0002942486 4.439612e-05 -1 0.0006534935 -0.6844585 -0.7290515 -0.0009211078 -0.7070241 -0.7071888 0.0004090374 0.4817178 -0.8763263 -0.0004296065 0.258777 -0.965937 0.0004090289 -0.4816407 -0.8763687 -0.000687592 -0.4998918 -0.8660876 0.0006534465 0.6845235 -0.7289905 -0.0006876522 0.4999691 -0.8660429 0.0001402279 -0.2485574 -0.9686172 -0.0004296134 -0.2586909 -0.9659601 0.0008735157 0.8443147 -0.5358469 -0.0009211544 0.7070871 -0.7071258 0.001069178 0.9510508 -0.3090326 -0.001130133 0.8660153 -0.5000162 0.001240408 0.9980254 -0.06279886 -0.001314594 0.9659221 -0.2588298 0.001387228 0.9822863 0.1873812 -0.001474486 0.9999989 -3.402575e-06 0.001509628 0.9048227 0.4257858 -0.001609764 0.9659235 0.2588229 0.001607531 0.7705021 0.6374354 -0.00172049 0.8660178 0.5000102 0.001680937 0.587765 0.8090299 -0.001806648 0.7070906 0.7071206 0.00172988 0.3680944 0.9297868 -0.001868198 0.4999742 0.8660383 0.001754369 0.1252924 0.9921183 -0.001905139 0.2587833 0.9659335 -0.001917411 -4.439712e-05 0.9999982 0.0017544 -0.1253816 0.992107 -0.001905086 -0.2588693 0.9659105 0.001729922 -0.3681768 0.9297542 -0.001868166 -0.5000514 0.8659937 0.001680958 -0.5878369 0.8089777 0.001607509 -0.7705587 0.637367 -0.00180664 -0.707154 0.7070573 -0.001720524 -0.8660624 0.4999329 0.001509583 -0.9048606 0.4257054 0.00138722 -0.982303 0.1872935 -0.001609804 -0.9659464 0.2587373 0.001240435 -0.9980198 -0.06288801 -0.001474485 -0.9999989 -9.215355e-05 0.7118732 0.6088999 0.3499679 0.7032761 0.6754218 0.2218289 0.7038841 0.5985515 0.38247 0.7111533 0.497819 0.4964244 0.7046248 0.4842401 0.518667 0.7102541 0.3523492 0.609417 0.7085101 -3.148863e-05 0.7057006 0.7071068 -3.165405e-05 0.7071068 0.7065628 -0.1746741 0.6857536 0.7091485 -0.1822646 0.6810932 0.7055124 0.3398467 0.6218974 0.7091488 0.1822041 0.6811091 0.7065631 0.1746132 0.6857688 0.7102543 -0.3524035 0.6093854 0.7055125 -0.3399019 0.6218672 0.7111535 -0.4978632 0.4963798 0.7046249 -0.4842862 0.5186238 0.7118735 -0.608931 0.3499132 0.7038845 -0.5985854 0.3824162 0.7124403 -0.678248 0.1800235 0.7032762 -0.6754415 0.2217687 0.7128778 -0.7012862 -0.001727093 0.7027838 -0.7098626 0.04679807 0.7132084 -0.6766347 -0.183028 0.702393 -0.6995497 -0.131432 0.7134513 -0.6060834 -0.3516391 0.7020904 -0.6450545 -0.3016186 0.7136226 -0.4944929 -0.4962052 0.7018635 -0.5497524 -0.4529458 0.7137357 -0.3494625 -0.6070069 0.7017025 -0.4196299 -0.5757815 0.7137997 -0.180821 -0.6766045 0.7015999 -0.2629062 -0.6622975 0.7138204 3.105254e-05 -0.7003288 0.7015498 -0.0895074 -0.7069769 0.7137996 0.1808815 -0.6765885 0.7015497 0.08957034 -0.706969 0.7137358 0.3495164 -0.6069757 0.7015998 0.2629653 -0.6622741 0.713623 0.4945368 -0.4961607 0.7017029 0.4196808 -0.5757439 0.7134516 0.6061146 -0.3515848 0.7018639 0.5497926 -0.4528965 0.7132089 0.6766505 -0.1829678 0.7020907 0.6450811 -0.301561 0.7128782 0.7012859 -0.001664724 0.7023935 0.6995608 -0.1313697 0.7124405 0.6782319 0.1800836 0.7027841 0.7098581 0.04686131 1 0 0 1 0 0 1 0 0 1 0 0 1 0 0 1 0 0 1 0 0 1 0 0 1 0 0 1 0 0 1 0 0 1 0 0 1 0 0 1 0 0 1 0 0 1 0 0 1 0 0 1 0 0 1 0 0 1 0 0 1 0 0 1 0 0 1 0 0 1 0 0 1 0 0 -1 0 0 -1 0 0 -1 0 0 -1 0 0 -1 0 0 -1 0 0 -1 0 0 -1 0 0 -1 0 0 -1 0 0 -1 0 0 -1 0 0 -1 0 0 -1 0 0 -1 0 0 -1 0 0 -1 0 0 -1 0 0 -1 0 0 -1 0 0 -1 0 0 -1 0 0 -1 0 0 -1 0 0 -1 0 0 -0.7071075 0.3406783 -0.6196267 -0.7071076 0.4840693 -0.5154375 -0.7071076 0.3406789 -0.6196262 -0.7071073 0.1758805 -0.6848835 -0.7071078 0.1758814 -0.6848827 -0.707109 3.3515e-05 -0.7071045 -0.7071088 3.265667e-05 -0.7071048 -0.7071069 -0.1758212 -0.6848991 -0.7071065 -0.1758212 -0.6848995 -0.7071072 -0.3406237 -0.6196571 -0.7071076 -0.3406233 -0.6196568 -0.7071084 -0.4840231 -0.5154798 -0.7071078 -0.4840244 -0.5154794 -0.707106 -0.5970156 -0.3789108 -0.707107 -0.5970138 -0.378912 -0.7071113 -0.6724834 -0.2185399 -0.7071113 -0.6724838 -0.2185388 -0.7071073 -0.7057091 -0.04442897 -0.7071061 -0.7057103 -0.04442816 -0.7071075 -0.6945868 0.1324695 -0.707109 -0.6945857 0.1324673 -0.7071106 -0.6398199 0.30104 -0.7071103 -0.63982 0.3010405 -0.7071076 -0.5448547 0.4507019 -0.7071064 -0.5448548 0.4507036 -0.7071065 -0.4156521 0.5720435 -0.707107 -0.4156524 0.5720426 -0.7071079 -0.2603322 0.6574387 -0.7071083 -0.2603333 0.6574378 -0.7071074 -0.08865577 0.7015264 -0.7071071 -0.08865542 0.7015267 -0.7071074 0.08859211 0.7015344 -0.7071073 0.0885932 0.7015344 -0.7071086 0.2602723 0.6574616 -0.7071083 0.2602739 0.6574613 -0.707109 0.4155989 0.572079 -0.7071078 0.4156016 0.5720786 -0.7071056 0.5448166 0.4507511 -0.7071046 0.5448177 0.4507513 -0.7071043 0.6397987 0.3010999 -0.7071051 0.6397975 0.3011008 -0.7071067 0.6945764 0.1325283 -0.7071084 0.6945743 0.1325301 -0.7071106 0.7057099 -0.04436369 -0.7071097 0.7057107 -0.04436551 -0.7071056 0.6725091 -0.2184791 -0.7071049 0.6725096 -0.2184798 -0.7071078 0.5970451 -0.3788612 -0.7071089 0.5970451 -0.3788591 -0.7071077 0.4840691 -0.5154375 0.0008732732 -0.8442684 -0.5359198 0.001069166 -0.9510232 -0.3091177 -0.00113016 -0.8659698 -0.500095 -0.001314363 -0.9658976 -0.2589209 0.0001403027 0.2486432 -0.9685951 0 4.609606e-05 -1 -0.0002942556 4.475516e-05 -1 0.0006534085 -0.6844579 -0.7290521 -0.0009213465 -0.7070256 -0.7071874 0.0004091304 0.4817184 -0.8763259 -0.0004295653 0.2587771 -0.965937 0.0004089133 -0.4816415 -0.8763683 -0.0006876516 -0.4998916 -0.8660877 0.0006536354 0.6845222 -0.7289918 -0.0006875043 0.4999689 -0.8660431 0.0001401293 -0.2485573 -0.9686172 -0.0004296643 -0.2586898 -0.9659604 0.0008737057 0.844312 -0.5358513 -0.0009209616 0.7070859 -0.707127 0.001069246 0.9510519 -0.3090294 -0.001130125 0.8660146 -0.5000175 0.001240387 0.9980257 -0.06279513 -0.001314589 0.9659233 -0.2588252 0.001387261 0.982287 0.1873775 -0.00147439 0.9999989 -2.282649e-06 0.001509466 0.9048232 0.4257847 -0.001609892 0.9659234 0.2588231 0.001607269 0.7705014 0.6374362 -0.001720779 0.8660169 0.5000118 0.001680946 0.5877633 0.8090312 -0.001806749 0.7070927 0.7071186 0.001729927 0.3680933 0.9297872 -0.001868146 0.4999739 0.8660384 0.00175437 0.1252927 0.9921183 -0.001905099 0.2587825 0.9659338 -0.001917424 -4.44052e-05 0.9999982 0.00175439 -0.1253825 0.9921069 -0.001905061 -0.258869 0.9659106 0.001729925 -0.3681761 0.9297544 -0.001868166 -0.5000511 0.8659939 0.001680957 -0.5878364 0.8089781 0.001607624 -0.7705604 0.637365 -0.001806651 -0.7071537 0.7070576 -0.0017203 -0.8660617 0.4999342 0.001509899 -0.9048608 0.4257049 0.001387531 -0.9823023 0.1872975 -0.001609412 -0.9659459 0.2587393 0.001240713 -0.9980198 -0.06288895 -0.001474239 -0.9999989 -9.242668e-05 0.7118751 0.6088989 0.3499656 0.7032745 0.6754226 0.2218317 0.7038877 0.5985503 0.3824651 0.711156 0.497818 0.4964216 0.704627 0.4842395 0.5186644 0.7102562 0.3523479 0.6094153 0.7085102 -3.16615e-05 0.7057006 0.7071068 -3.164003e-05 0.7071068 0.7065627 -0.174674 0.6857537 0.7091484 -0.1822645 0.6810934 0.7055145 0.3398457 0.6218957 0.7091498 0.1822026 0.6811085 0.7065638 0.1746125 0.6857682 0.7102538 -0.3524039 0.6093858 0.7055123 -0.3399025 0.6218671 0.7111527 -0.4978628 0.4963813 0.7046237 -0.4842858 0.5186258 0.7118737 -0.6089309 0.3499127 0.7038851 -0.598585 0.3824157 0.712438 -0.6782498 0.1800258 0.7032745 -0.675443 0.2217696 0.7128756 -0.7012883 -0.001727755 0.7027816 -0.7098647 0.04679844 0.7132065 -0.6766359 -0.1830312 0.7023904 -0.6995518 -0.1314343 0.7134514 -0.6060829 -0.3516399 0.7020898 -0.6450544 -0.3016202 0.7136235 -0.4944937 -0.4962031 0.7018641 -0.5497531 -0.452944 0.7137369 -0.3494617 -0.6070059 0.7017036 -0.4196302 -0.5757799 0.7138007 -0.1808199 -0.6766038 0.701601 -0.2629059 -0.6622964 0.7138208 3.134042e-05 -0.7003284 0.7015505 -0.08950758 -0.7069762 0.7138007 0.1808809 -0.6765875 0.7015504 0.08957038 -0.7069683 0.7137371 0.3495159 -0.6069745 0.7016012 0.2629653 -0.6622726 0.7136227 0.4945369 -0.4961612 0.7017036 0.419681 -0.5757429 0.7134512 0.6061141 -0.3515865 0.7018631 0.5497925 -0.4528978 0.7132085 0.6766519 -0.1829644 0.7020903 0.6450812 -0.3015615 0.7128803 0.7012838 -0.001665315 0.7023939 0.699561 -0.1313669 0.7124389 0.6782327 0.1800867 0.7027858 0.7098565 0.04686061 1 0 0 1 0 0 1 0 0 1 0 0 1 0 0 1 0 0 1 0 0 1 0 0 1 0 0 1 0 0 1 0 0 1 0 0 1 0 0 1 0 0 1 0 0 1 0 0 1 0 0 1 0 0 1 0 0 1 0 0 1 0 0 1 0 0 1 0 0 1 0 0 1 0 0 -1 0 0 -1 0 0 -1 0 0 -1 0 0 -1 0 0 -1 0 0 -1 0 0 -1 0 0 -1 0 0 -1 0 0 -1 0 0 -1 0 0 -1 0 0 -1 0 0 -1 0 0 -1 0 0 -1 0 0 -1 0 0 -1 0 0 -1 0 0 -1 0 0 -1 0 0 -1 0 0 -1 0 0 -1 0 0</float_array>
          <technique_common>
            <accessor count="2246" source="#normals-array-array" stride="3">
              <param type="float" name="X"/>
              <param type="float" name="Y"/>
              <param type="float" name="Z"/>
            </accessor>
          </technique_common>
        </source>
        <vertices id="verts-array-vertices">
          <input semantic="POSITION" source="#verts-array"/>
        </vertices>
        <triangles count="2208" material="material0">
          <input offset="0" semantic="VERTEX" source="#verts-array-vertices"/>
          <input offset="1" semantic="NORMAL" source="#normals-array"/>
          <p>0 0 1 1 2 2 1 1 3 3 2 2 4 4 5 5 6 6 7 7 0 0 8 8 0 0 2 2 8 8 9 9 4 4 10 10 4 4 6 6 10 10 5 5 7 7 11 11 7 7 8 8 11 11 5 5 11 11 6 6 12 12 9 9 13 13 9 9 10 10 13 13 14 14 12 12 15 15 12 12 13 13 15 15 16 16 14 14 17 17 14 14 15 15 17 17 18 18 16 16 19 19 16 16 17 17 19 19 20 20 18 18 21 21 18 18 19 19 21 21 22 22 20 20 23 23 20 20 21 21 23 23 24 24 22 22 25 25 22 22 23 23 25 25 26 26 24 24 27 27 24 24 25 25 27 27 28 28 26 26 29 29 26 26 27 27 29 29 28 28 29 29 30 30 31 31 28 28 30 30 31 31 30 30 32 32 33 33 31 31 32 32 33 33 32 32 34 34 35 35 33 33 34 34 35 35 34 34 36 36 37 37 35 35 36 36 38 38 37 37 39 39 37 37 36 36 39 39 40 40 38 38 41 41 38 38 39 39 41 41 42 42 40 40 43 43 40 40 41 41 43 43 44 44 42 42 45 45 42 42 43 43 45 45 46 46 44 44 47 47 44 44 45 45 47 47 48 48 46 46 49 49 46 46 47 47 49 49 1 1 48 48 3 3 48 48 49 49 3 3 50 50 51 51 52 52 51 51 53 53 52 52 54 54 50 50 55 55 50 50 52 52 55 55 56 56 54 54 57 57 58 58 59 59 60 60 54 54 55 55 57 57 59 59 61 61 60 60 62 62 56 56 63 63 64 64 58 58 65 65 56 56 57 57 63 63 58 58 60 60 65 65 66 66 62 62 67 67 62 62 63 63 67 67 68 68 64 64 69 69 64 64 65 65 69 69 70 70 66 66 71 71 66 66 67 67 71 71 72 72 68 68 73 73 68 68 69 69 73 73 59 59 70 70 61 61 70 70 71 71 61 61 74 74 72 72 75 75 72 72 73 73 75 75 76 76 74 74 77 77 74 74 75 75 77 77 78 78 76 76 79 79 76 76 77 77 79 79 80 80 78 78 81 81 78 78 79 79 81 81 82 82 80 80 83 83 80 80 81 81 83 83 84 84 82 82 85 85 82 82 83 83 85 85 86 86 84 84 87 87 84 84 85 85 87 87 86 86 87 87 88 88 89 89 86 86 88 88 89 89 88 88 90 90 91 91 89 89 90 90 91 91 90 90 92 92 93 93 91 91 92 92 94 94 93 93 95 95 93 93 92 92 95 95 96 96 94 94 97 97 94 94 95 95 97 97 98 98 96 96 99 99 96 96 97 97 99 99 51 51 98 98 53 53 98 98 99 99 53 53 100 100 101 101 102 102 101 101 103 103 102 102 104 104 105 105 106 106 107 107 100 100 108 108 100 100 102 102 108 108 109 109 104 104 110 110 104 104 106 106 110 110 105 105 107 107 111 111 107 107 108 108 111 111 105 105 111 111 106 106 112 112 109 109 113 113 109 109 110 110 113 113 114 114 112 112 115 115 112 112 113 113 115 115 116 116 114 114 117 117 114 114 115 115 117 117 118 118 116 116 119 119 116 116 117 117 119 119 120 120 118 118 121 121 118 118 119 119 121 121 122 122 120 120 123 123 120 120 121 121 123 123 124 124 122 122 125 125 122 122 123 123 125 125 126 126 124 124 127 127 124 124 125 125 127 127 128 128 126 126 129 129 126 126 127 127 129 129 128 128 129 129 130 130 131 131 128 128 130 130 131 131 130 130 132 132 133 133 131 131 132 132 133 133 132 132 134 134 135 135 133 133 134 134 135 135 134 134 136 136 137 137 135 135 136 136 138 138 137 137 139 139 137 137 136 136 139 139 140 140 138 138 141 141 138 138 139 139 141 141 142 142 140 140 143 143 140 140 141 141 143 143 144 144 142 142 145 145 142 142 143 143 145 145 146 146 144 144 147 147 144 144 145 145 147 147 148 148 146 146 149 149 146 146 147 147 149 149 101 101 148 148 103 103 148 148 149 149 103 103 150 150 151 151 152 152 151 151 153 153 152 152 154 154 150 150 155 155 150 150 152 152 155 155 156 156 154 154 157 157 158 158 159 159 160 160 154 154 155 155 157 157 159 159 161 161 160 160 162 162 156 156 163 163 164 164 158 158 165 165 156 156 157 157 163 163 158 158 160 160 165 165 166 166 162 162 167 167 162 162 163 163 167 167 168 168 164 164 169 169 164 164 165 165 169 169 170 170 166 166 171 171 166 166 167 167 171 171 172 172 168 168 173 173 168 168 169 169 173 173 159 159 170 170 161 161 170 170 171 171 161 161 174 174 172 172 175 175 172 172 173 173 175 175 176 176 174 174 177 177 174 174 175 175 177 177 178 178 176 176 179 179 176 176 177 177 179 179 180 180 178 178 181 181 178 178 179 179 181 181 182 182 180 180 183 183 180 180 181 181 183 183 184 184 182 182 185 185 182 182 183 183 185 185 186 186 184 184 187 187 184 184 185 185 187 187 186 186 187 187 188 188 189 189 186 186 188 188 189 189 188 188 190 190 191 191 189 189 190 190 191 191 190 190 192 192 193 193 191 191 192 192 194 194 193 193 195 195 193 193 192 192 195 195 196 196 194 194 197 197 194 194 195 195 197 197 198 198 196 196 199 199 196 196 197 197 199 199 151 151 198 198 153 153 198 198 199 199 153 153 200 200 201 201 202 202 203 203 204 204 205 205 204 204 202 202 205 205 206 206 207 207 208 208 209 209 203 203 210 210 203 203 205 205 210 210 211 211 206 206 212 212 206 206 208 208 212 212 207 207 209 209 213 213 209 209 210 210 213 213 207 207 213 213 208 208 214 214 211 211 215 215 211 211 212 212 215 215 216 216 214 214 217 217 214 214 215 215 217 217 218 218 216 216 219 219 216 216 217 217 219 219 220 220 218 218 221 221 218 218 219 219 221 221 222 222 220 220 223 223 220 220 221 221 223 223 224 224 222 222 225 225 222 222 223 223 225 225 226 226 224 224 227 227 224 224 225 225 227 227 228 228 226 226 229 229 226 226 227 227 229 229 230 230 228 228 231 231 228 228 229 229 231 231 232 232 230 230 233 233 230 230 231 231 233 233 232 232 233 233 234 234 235 235 232 232 234 234 235 235 234 234 236 236 237 237 235 235 236 236 237 237 236 236 238 238 239 239 237 237 238 238 240 240 239 239 241 241 239 239 238 238 241 241 242 242 240 240 243 243 240 240 241 241 243 243 244 244 242 242 245 245 242 242 243 243 245 245 246 246 244 244 247 247 244 244 245 245 247 247 248 248 246 246 249 249 246 246 247 247 249 249 200 200 248 248 201 201 248 248 249 249 201 201 204 204 200 200 202 202 250 250 251 251 252 252 250 250 253 253 251 251 254 254 252 252 255 255 254 254 250 250 252 252 256 256 255 255 257 257 256 256 254 254 255 255 258 258 257 257 259 259 258 258 259 259 260 260 258 258 256 256 257 257 261 261 258 258 260 260 262 262 260 260 263 263 262 262 263 263 264 264 262 262 261 261 260 260 265 265 262 262 264 264 266 266 264 264 267 267 266 266 267 267 268 268 266 266 265 265 264 264 269 269 268 268 270 270 269 269 266 266 268 268 271 271 270 270 272 272 271 271 269 269 270 270 273 273 271 271 272 272 274 274 272 272 275 275 274 274 275 275 276 276 274 274 273 273 272 272 277 277 276 276 278 278 277 277 274 274 276 276 279 279 278 278 280 280 279 279 277 277 278 278 281 281 279 279 280 280 282 282 280 280 283 283 282 282 281 281 280 280 284 284 283 283 285 285 284 284 282 282 283 283 286 286 285 285 287 287 286 286 287 287 288 288 286 286 284 284 285 285 289 289 288 288 290 290 289 289 286 286 288 288 291 291 290 290 292 292 291 291 289 289 290 290 293 293 292 292 294 294 293 293 291 291 292 292 295 295 293 293 294 294 295 295 294 294 296 296 297 297 295 295 296 296 298 298 297 297 296 296 298 298 296 296 299 299 298 298 299 299 300 300 301 301 298 298 300 300 301 301 300 300 302 302 303 303 301 301 302 302 303 303 302 302 304 304 305 305 303 303 304 304 305 305 304 304 306 306 307 307 305 305 306 306 307 307 306 306 308 308 309 309 308 308 310 310 309 309 307 307 308 308 311 311 310 310 312 312 311 311 309 309 310 310 313 313 312 312 314 314 313 313 311 311 312 312 315 315 314 314 316 316 315 315 313 313 314 314 317 317 316 316 318 318 317 317 315 315 316 316 319 319 318 318 320 320 319 319 317 317 318 318 321 321 320 320 322 322 321 321 319 319 320 320 323 323 322 322 324 324 323 323 321 321 322 322 325 325 324 324 326 326 325 325 323 323 324 324 327 327 325 325 326 326 328 328 326 326 329 329 328 328 327 327 326 326 330 330 329 329 331 331 330 330 331 331 332 332 330 330 328 328 329 329 333 333 332 332 334 334 333 333 330 330 332 332 335 335 333 333 334 334 336 336 334 334 337 337 336 336 337 337 338 338 336 336 335 335 334 334 339 339 336 336 338 338 340 340 338 338 341 341 340 340 341 341 342 342 340 340 339 339 338 338 343 343 340 340 342 342 344 344 343 343 342 342 344 344 342 342 345 345 346 346 344 344 345 345 346 346 345 345 347 347 346 346 347 347 348 348 349 349 346 346 348 348 350 350 349 349 348 348 350 350 348 348 351 351 350 350 351 351 352 352 353 353 350 350 352 352 354 354 353 353 352 352 354 354 352 352 355 355 354 354 355 355 356 356 357 357 354 354 356 356 253 253 357 357 356 356 253 253 356 356 251 251 358 358 359 359 360 360 361 361 360 360 362 362 361 361 358 358 360 360 363 363 362 362 364 364 363 363 361 361 362 362 365 365 364 364 366 366 365 365 363 363 364 364 367 367 366 366 368 368 367 367 365 365 366 366 369 369 368 368 370 370 369 369 367 367 368 368 371 371 370 370 372 372 371 371 369 369 370 370 373 373 372 372 374 374 373 373 371 371 372 372 375 375 374 374 376 376 375 375 373 373 374 374 377 377 376 376 378 378 377 377 375 375 376 376 379 379 378 378 380 380 379 379 377 377 378 378 381 381 380 380 382 382 381 381 379 379 380 380 383 383 382 382 384 384 383 383 381 381 382 382 385 385 384 384 386 386 385 385 383 383 384 384 387 387 386 386 388 388 387 387 385 385 386 386 389 389 388 388 390 390 389 389 387 387 388 388 391 391 390 390 392 392 391 391 389 389 390 390 393 393 392 392 394 394 393 393 391 391 392 392 395 395 394 394 396 396 395 395 393 393 394 394 397 397 396 396 398 398 397 397 395 395 396 396 399 399 398 398 400 400 399 399 397 397 398 398 401 401 400 400 402 402 401 401 399 399 400 400 403 403 401 401 402 402 403 403 402 402 404 404 405 405 403 403 404 404 405 405 404 404 406 406 407 407 405 405 406 406 407 407 406 406 408 408 409 409 407 407 408 408 409 409 408 408 410 410 411 411 409 409 410 410 411 411 410 410 412 412 413 413 411 411 412 412 413 413 412 412 414 414 415 415 413 413 414 414 415 415 414 414 416 416 417 417 416 416 418 418 417 417 415 415 416 416 419 419 418 418 420 420 419 419 417 417 418 418 421 421 420 420 422 422 421 421 419 419 420 420 423 423 422 422 424 424 423 423 421 421 422 422 425 425 424 424 426 426 425 425 423 423 424 424 427 427 426 426 428 428 427 427 425 425 426 426 429 429 428 428 430 430 429 429 427 427 428 428 431 431 430 430 432 432 431 431 429 429 430 430 433 433 432 432 434 434 433 433 431 431 432 432 435 435 434 434 436 436 435 435 433 433 434 434 437 437 436 436 438 438 437 437 435 435 436 436 439 439 438 438 440 440 439 439 437 437 438 438 441 441 440 440 442 442 441 441 439 439 440 440 443 443 442 442 444 444 443 443 441 441 442 442 445 445 444 444 446 446 445 445 443 443 444 444 447 447 446 446 448 448 447 447 445 445 446 446 449 449 448 448 450 450 449 449 447 447 448 448 451 451 450 450 452 452 451 451 449 449 450 450 453 453 451 451 452 452 453 453 452 452 454 454 455 455 453 453 454 454 455 455 454 454 456 456 457 457 455 455 456 456 457 457 456 456 458 458 459 459 457 457 458 458 459 459 458 458 460 460 461 461 459 459 460 460 462 462 461 461 460 460 462 462 460 460 463 463 462 462 463 463 464 464 465 465 462 462 464 464 465 465 464 464 359 359 358 358 465 465 359 359 466 466 467 467 468 468 469 469 468 468 470 470 469 469 466 466 468 468 471 471 470 470 472 472 471 471 469 469 470 470 473 473 472 472 474 474 473 473 471 471 472 472 475 475 474 474 476 476 475 475 473 473 474 474 477 477 476 476 478 478 477 477 475 475 476 476 479 479 478 478 480 480 479 479 477 477 478 478 481 481 480 480 482 482 481 481 479 479 480 480 483 483 482 482 484 484 483 483 481 481 482 482 485 485 484 484 486 486 485 485 483 483 484 484 487 487 486 486 488 488 487 487 485 485 486 486 489 489 488 488 490 490 489 489 487 487 488 488 491 491 490 490 492 492 491 491 489 489 490 490 493 493 492 492 494 494 493 493 491 491 492 492 495 495 494 494 496 496 495 495 493 493 494 494 497 497 496 496 498 498 497 497 495 495 496 496 499 499 498 498 500 500 499 499 497 497 498 498 501 501 500 500 502 502 501 501 499 499 500 500 503 503 502 502 504 504 503 503 501 501 502 502 505 505 504 504 506 506 505 505 503 503 504 504 507 507 506 506 508 508 507 507 505 505 506 506 509 509 508 508 510 510 509 509 507 507 508 508 511 511 509 509 510 510 511 511 510 510 512 512 513 513 511 511 512 512 513 513 512 512 514 514 515 515 513 513 514 514 515 515 514 514 516 516 517 517 515 515 516 516 517 517 516 516 518 518 519 519 517 517 518 518 519 519 518 518 520 520 521 521 519 519 520 520 521 521 520 520 522 522 523 523 521 521 522 522 523 523 522 522 524 524 525 525 524 524 526 526 525 525 523 523 524 524 527 527 526 526 528 528 527 527 525 525 526 526 529 529 528 528 530 530 529 529 527 527 528 528 531 531 530 530 532 532 531 531 529 529 530 530 533 533 532 532 534 534 533 533 531 531 532 532 535 535 534 534 536 536 535 535 533 533 534 534 537 537 536 536 538 538 537 537 535 535 536 536 539 539 538 538 540 540 539 539 537 537 538 538 541 541 540 540 542 542 541 541 539 539 540 540 543 543 542 542 544 544 543 543 541 541 542 542 545 545 544 544 546 546 545 545 543 543 544 544 547 547 546 546 548 548 547 547 545 545 546 546 549 549 548 548 550 550 549 549 547 547 548 548 551 551 550 550 552 552 551 551 549 549 550 550 553 553 552 552 554 554 553 553 551 551 552 552 555 555 554 554 556 556 555 555 553 553 554 554 557 557 556 556 558 558 557 557 555 555 556 556 559 559 558 558 560 560 559 559 557 557 558 558 561 561 559 559 560 560 561 561 560 560 562 562 563 563 561 561 562 562 563 563 562 562 564 564 565 565 563 563 564 564 565 565 564 564 566 566 567 567 565 565 566 566 567 567 566 566 568 568 569 569 567 567 568 568 569 569 568 568 570 570 571 571 569 569 570 570 571 571 570 570 572 572 573 573 571 571 572 572 573 573 572 572 467 467 466 466 573 573 467 467 574 574 575 575 576 576 574 574 577 577 575 575 578 578 576 576 579 579 578 578 574 574 576 576 580 580 579 579 581 581 580 580 578 578 579 579 582 582 581 581 583 583 582 582 580 580 581 581 584 584 583 583 585 585 584 584 582 582 583 583 586 586 585 585 587 587 586 586 584 584 585 585 588 588 587 587 589 589 588 588 586 586 587 587 590 590 589 589 591 591 590 590 588 588 589 589 592 592 591 591 593 593 592 592 590 590 591 591 594 594 593 593 595 595 594 594 592 592 593 593 596 596 595 595 597 597 596 596 594 594 595 595 598 598 597 597 599 599 598 598 596 596 597 597 600 600 599 599 601 601 600 600 598 598 599 599 602 602 601 601 603 603 602 602 600 600 601 601 604 604 603 603 605 605 604 604 602 602 603 603 606 606 605 605 607 607 606 606 604 604 605 605 608 608 607 607 609 609 608 608 606 606 607 607 610 610 609 609 611 611 610 610 608 608 609 609 612 612 611 611 613 613 612 612 610 610 611 611 614 614 613 613 615 615 614 614 612 612 613 613 616 616 615 615 617 617 616 616 614 614 615 615 618 618 616 616 617 617 618 618 617 617 619 619 620 620 618 618 619 619 620 620 619 619 621 621 622 622 620 620 621 621 622 622 621 621 623 623 624 624 622 622 623 623 624 624 623 623 625 625 626 626 624 624 625 625 626 626 625 625 627 627 628 628 626 626 627 627 628 628 627 627 629 629 630 630 628 628 629 629 630 630 629 629 631 631 632 632 630 630 631 631 632 632 631 631 633 633 634 634 633 633 635 635 634 634 632 632 633 633 636 636 635 635 637 637 636 636 634 634 635 635 638 638 637 637 639 639 638 638 636 636 637 637 640 640 639 639 641 641 640 640 638 638 639 639 642 642 641 641 643 643 642 642 640 640 641 641 644 644 643 643 645 645 644 644 642 642 643 643 646 646 645 645 647 647 646 646 644 644 645 645 648 648 647 647 649 649 648 648 646 646 647 647 650 650 649 649 651 651 650 650 648 648 649 649 652 652 651 651 653 653 652 652 650 650 651 651 654 654 653 653 655 655 654 654 652 652 653 653 656 656 655 655 657 657 656 656 654 654 655 655 658 658 657 657 659 659 658 658 656 656 657 657 660 660 659 659 661 661 660 660 658 658 659 659 662 662 661 661 663 663 662 662 660 660 661 661 664 664 663 663 665 665 664 664 662 662 663 663 666 666 665 665 667 667 666 666 664 664 665 665 668 668 666 666 667 667 668 668 667 667 669 669 670 670 668 668 669 669 670 670 669 669 671 671 672 672 670 670 671 671 672 672 671 671 673 673 674 674 672 672 673 673 674 674 673 673 675 675 676 676 674 674 675 675 676 676 675 675 677 677 676 676 677 677 678 678 679 679 676 676 678 678 680 680 679 679 678 678 680 680 678 678 681 681 577 577 680 680 681 681 577 577 681 681 575 575 682 682 683 683 684 684 685 685 682 682 684 684 686 686 685 685 684 684 687 687 686 686 688 688 686 686 684 684 688 688 689 689 687 687 690 690 687 687 688 688 690 690 691 691 689 689 692 692 689 689 690 690 692 692 693 693 691 691 694 694 691 691 692 692 694 694 695 695 693 693 696 696 693 693 694 694 696 696 697 697 695 695 698 698 695 695 696 696 698 698 699 699 697 697 700 700 697 697 698 698 700 700 701 701 699 699 702 702 699 699 700 700 702 702 703 703 701 701 704 704 701 701 702 702 704 704 703 703 704 704 705 705 706 706 703 703 707 707 703 703 705 705 707 707 708 708 709 709 710 710 711 711 708 708 712 712 708 708 710 710 712 712 713 713 711 711 714 714 711 711 712 712 714 714 715 715 713 713 716 716 713 713 714 714 716 716 717 717 715 715 718 718 715 715 716 716 718 718 719 719 717 717 720 720 717 717 718 718 720 720 721 721 719 719 722 722 719 719 720 720 722 722 723 723 721 721 724 724 721 721 722 722 724 724 725 725 723 723 726 726 723 723 724 724 726 726 727 727 725 725 728 728 725 725 726 726 728 728 729 729 727 727 730 730 727 727 728 728 730 730 731 731 729 729 732 732 729 729 730 730 732 732 731 731 732 732 733 733 734 734 735 735 736 736 734 734 737 737 735 735 738 738 736 736 739 739 738 738 734 734 736 736 740 740 739 739 741 741 742 742 743 743 744 744 740 740 738 738 739 739 742 742 745 745 743 743 746 746 741 741 747 747 746 746 740 740 741 741 748 748 744 744 749 749 748 748 742 742 744 744 750 750 747 747 751 751 750 750 746 746 747 747 752 752 749 749 753 753 752 752 748 748 749 749 754 754 751 751 755 755 754 754 750 750 751 751 756 756 753 753 757 757 756 756 752 752 753 753 758 758 755 755 759 759 758 758 754 754 755 755 760 760 761 761 762 762 760 760 757 757 761 761 760 760 756 756 757 757 763 763 759 759 764 764 763 763 758 758 759 759 765 765 762 762 766 766 765 765 760 760 762 762 767 767 764 764 768 768 767 767 763 763 764 764 769 769 766 766 770 770 771 771 768 768 772 772 769 769 765 765 766 766 771 771 767 767 768 768 773 773 771 771 772 772 774 774 772 772 775 775 776 776 770 770 777 777 776 776 769 769 770 770 774 774 773 773 772 772 778 778 777 777 779 779 778 778 776 776 777 777 780 780 778 778 779 779 780 780 779 779 781 781 782 782 780 780 781 781 782 782 781 781 783 783 784 784 782 782 783 783 784 784 783 783 785 785 786 786 785 785 787 787 786 786 784 784 785 785 788 788 786 786 787 787 788 788 787 787 789 789 790 790 789 789 791 791 790 790 788 788 789 789 792 792 791 791 793 793 792 792 790 790 791 791 794 794 793 793 795 795 794 794 792 792 793 793 737 737 795 795 735 735 737 737 794 794 795 795 796 796 797 797 798 798 796 796 799 799 797 797 800 800 796 796 798 798 801 801 796 796 800 800 802 802 803 803 804 804 802 802 805 805 803 803 802 802 806 806 805 805 802 802 807 807 808 808 802 802 808 808 809 809 802 802 810 810 807 807 802 802 811 811 810 810 812 812 813 813 814 814 802 802 815 815 811 811 802 802 804 804 815 815 816 816 817 817 806 806 816 816 818 818 817 817 816 816 819 819 818 818 816 816 820 820 819 819 816 816 821 821 820 820 816 816 801 801 821 821 822 822 814 814 823 823 816 816 796 796 801 801 822 822 812 812 814 814 816 816 806 806 802 802 824 824 825 825 813 813 824 824 813 813 812 812 826 826 802 802 809 809 826 826 809 809 827 827 828 828 823 823 829 829 828 828 822 822 823 823 830 830 831 831 825 825 830 830 825 825 824 824 832 832 829 829 833 833 832 832 828 828 829 829 834 834 835 835 831 831 834 834 831 831 830 830 836 836 833 833 837 837 836 836 837 837 838 838 836 836 832 832 833 833 839 839 840 840 835 835 839 839 835 835 834 834 841 841 836 836 838 838 841 841 838 838 842 842 843 843 840 840 839 839 843 843 844 844 845 845 843 843 845 845 840 840 846 846 841 841 842 842 846 846 842 842 847 847 848 848 844 844 843 843 848 848 849 849 844 844 850 850 846 846 847 847 850 850 847 847 851 851 852 852 853 853 849 849 852 852 849 849 848 848 854 854 850 850 851 851 854 854 851 851 855 855 856 856 857 857 853 853 856 856 853 853 852 852 858 858 854 854 855 855 858 858 855 855 859 859 860 860 861 861 857 857 860 860 857 857 856 856 862 862 859 859 863 863 862 862 858 858 859 859 864 864 861 861 860 860 865 865 863 863 866 866 865 865 862 862 863 863 867 867 861 861 864 864 868 868 865 865 866 866 868 868 866 866 869 869 870 870 861 861 867 867 871 871 869 869 872 872 871 871 868 868 869 869 873 873 861 861 870 870 874 874 871 871 872 872 875 875 871 871 874 874 876 876 861 861 873 873 877 877 875 875 874 874 878 878 875 875 877 877 879 879 880 880 878 878 879 879 878 878 877 877 881 881 882 882 880 880 881 881 880 880 879 879 883 883 884 884 882 882 883 883 882 882 881 881 885 885 884 884 883 883 886 886 885 885 883 883 887 887 886 886 883 883 888 888 889 889 887 887 888 888 890 890 889 889 888 888 891 891 890 890 888 888 892 892 891 891 888 888 893 893 892 892 888 888 894 894 893 893 888 888 895 895 894 894 888 888 896 896 895 895 888 888 897 897 896 896 888 888 887 887 883 883 898 898 899 899 900 900 901 901 898 898 900 900 901 901 900 900 902 902 903 903 904 904 899 899 903 903 899 899 898 898 905 905 901 901 902 902 905 905 902 902 906 906 907 907 908 908 904 904 907 907 904 904 903 903 909 909 905 905 906 906 909 909 906 906 910 910 911 911 912 912 908 908 911 911 908 908 907 907 913 913 909 909 910 910 913 913 910 910 897 897 914 914 915 915 912 912 914 914 912 912 911 911 916 916 897 897 888 888 916 916 913 913 897 897 917 917 876 876 915 915 917 917 915 915 914 914 918 918 888 888 919 919 918 918 916 916 888 888 920 920 919 919 921 921 920 920 918 918 919 919 922 922 921 921 923 923 922 922 920 920 921 921 924 924 923 923 925 925 924 924 922 922 923 923 926 926 876 876 917 917 926 926 927 927 928 928 926 926 929 929 927 927 926 926 917 917 929 929 926 926 861 861 876 876 930 930 926 926 928 928 931 931 925 925 932 932 931 931 924 924 925 925 933 933 926 926 930 930 934 934 926 926 933 933 935 935 931 931 932 932 936 936 934 934 933 933 937 937 934 934 936 936 938 938 932 932 939 939 938 938 935 935 932 932 940 940 937 937 936 936 941 941 937 937 940 940 942 942 938 938 939 939 942 942 939 939 943 943 944 944 941 941 940 940 945 945 942 942 943 943 945 945 943 943 946 946 947 947 941 941 944 944 948 948 947 947 944 944 949 949 945 945 946 946 949 949 946 946 950 950 951 951 948 948 952 952 951 951 947 947 948 948 953 953 949 949 950 950 954 954 951 951 952 952 954 954 952 952 955 955 956 956 953 953 950 950 956 956 950 950 957 957 807 807 956 956 957 957 807 807 957 957 808 808 958 958 954 954 955 955 958 958 955 955 959 959 960 960 958 958 959 959 960 960 959 959 961 961 799 799 962 962 797 797 799 799 961 961 962 962 799 799 960 960 961 961 963 963 964 964 965 965 966 966 965 965 967 967 966 966 963 963 965 965 968 968 969 969 970 970 969 969 968 968 971 971 970 970 969 969 972 972 969 969 971 971 973 973 972 972 969 969 974 974 969 969 973 973 975 975 969 969 975 975 976 976 974 974 969 969 977 977 978 978 979 979 977 977 979 979 980 980 977 977 980 980 981 981 977 977 981 981 974 974 977 977 978 978 977 977 982 982 982 982 977 977 983 983 983 983 977 977 984 984 969 969 976 976 985 985 976 976 986 986 985 985 985 985 986 986 987 987 986 986 988 988 987 987 988 988 989 989 990 990 991 991 987 987 992 992 987 987 988 988 992 992 988 988 990 990 992 992 990 990 989 989 993 993 989 989 994 994 993 993 995 995 991 991 996 996 991 991 992 992 996 996 997 997 998 998 999 999 993 993 994 994 1000 1000 994 994 1001 1001 1000 1000 995 995 996 996 1002 1002 1003 1003 995 995 1002 1002 999 999 998 998 1004 1004 998 998 1005 1005 1004 1004 1004 1004 1005 1005 1006 1006 1005 1005 1007 1007 1006 1006 1001 1001 1008 1008 1009 1009 1000 1000 1001 1001 1009 1009 1006 1006 1007 1007 1010 1010 1007 1007 1011 1011 1010 1010 1012 1012 1003 1003 1013 1013 1003 1003 1002 1002 1013 1013 1010 1010 1011 1011 1014 1014 1009 1009 1008 1008 1015 1015 1008 1008 1016 1016 1015 1015 1012 1012 1013 1013 1017 1017 1018 1018 1012 1012 1017 1017 1019 1019 1018 1018 1017 1017 1015 1015 1016 1016 1020 1020 1016 1016 1021 1021 1020 1020 1011 1011 1019 1019 1022 1022 1019 1019 1017 1017 1022 1022 1020 1020 1021 1021 1023 1023 1021 1021 1024 1024 1023 1023 1014 1014 1011 1011 1025 1025 1011 1011 1022 1022 1025 1025 1023 1023 1024 1024 1026 1026 1027 1027 1014 1014 1028 1028 1029 1029 1027 1027 1028 1028 1025 1025 1030 1030 1031 1031 1028 1028 1014 1014 1031 1031 1014 1014 1025 1025 1031 1031 1032 1032 1029 1029 1033 1033 1029 1029 1028 1028 1033 1033 1030 1030 1034 1034 1035 1035 1031 1031 1030 1030 1035 1035 1036 1036 1032 1032 1037 1037 1032 1032 1033 1033 1037 1037 1034 1034 1038 1038 1039 1039 1035 1035 1034 1034 1039 1039 1040 1040 1036 1036 1041 1041 1042 1042 1040 1040 1041 1041 1036 1036 1037 1037 1041 1041 1038 1038 1043 1043 1044 1044 1039 1039 1038 1038 1044 1044 1045 1045 1042 1042 1046 1046 1042 1042 1041 1041 1046 1046 1043 1043 1047 1047 1048 1048 1044 1044 1043 1043 1048 1048 1045 1045 1046 1046 1049 1049 1048 1048 1047 1047 1050 1050 1047 1047 1051 1051 1050 1050 1052 1052 1053 1053 1054 1054 1053 1053 1026 1026 1055 1055 1054 1054 1053 1053 1055 1055 1052 1052 1054 1054 1056 1056 1026 1026 1024 1024 1057 1057 1055 1055 1026 1026 1057 1057 1058 1058 1052 1052 1059 1059 1052 1052 1056 1056 1059 1059 1060 1060 1058 1058 1061 1061 1058 1058 1059 1059 1061 1061 1057 1057 1024 1024 1062 1062 984 984 977 977 1062 1062 1024 1024 1063 1063 1062 1062 1063 1063 984 984 1062 1062 1051 1051 1060 1060 1064 1064 1060 1060 1061 1061 1064 1064 1051 1051 1064 1064 1065 1065 1045 1045 1049 1049 1066 1066 1067 1067 1045 1045 1066 1066 1049 1049 1068 1068 1066 1066 1068 1068 1069 1069 1066 1066 1069 1069 1070 1070 1066 1066 1066 1066 1070 1070 1071 1071 1050 1050 1051 1051 1072 1072 1051 1051 1065 1065 1072 1072 1073 1073 1074 1074 1072 1072 1065 1065 1073 1073 1072 1072 1074 1074 1073 1073 1075 1075 1076 1076 1077 1077 1075 1075 1073 1073 1076 1076 1075 1075 1075 1075 1077 1077 1078 1078 1050 1050 1072 1072 1079 1079 1080 1080 1050 1050 1079 1079 1081 1081 1080 1080 1082 1082 1080 1080 1079 1079 1082 1082 1077 1077 1083 1083 1084 1084 1078 1078 1077 1077 1084 1084 1081 1081 1082 1082 1085 1085 1086 1086 1081 1081 1087 1087 1081 1081 1085 1085 1087 1087 1088 1088 1086 1086 1089 1089 1086 1086 1087 1087 1089 1089 1090 1090 1088 1088 1091 1091 1088 1088 1089 1089 1091 1091 1092 1092 1090 1090 1093 1093 1090 1090 1091 1091 1093 1093 1093 1093 1094 1094 1095 1095 1066 1066 1071 1071 1095 1095 1071 1071 1096 1096 1095 1095 1096 1096 1097 1097 1095 1095 1097 1097 1098 1098 1095 1095 1098 1098 1092 1092 1095 1095 1092 1092 1093 1093 1095 1095 1099 1099 1100 1100 1101 1101 1099 1099 1101 1101 1102 1102 1103 1103 1104 1104 1105 1105 1106 1106 1103 1103 1107 1107 1103 1103 1105 1105 1107 1107 1108 1108 1109 1109 1110 1110 1109 1109 1111 1111 1110 1110 1112 1112 1113 1113 1114 1114 1112 1112 1114 1114 1115 1115 1116 1116 1115 1115 1117 1117 1116 1116 1112 1112 1115 1115 1118 1118 1117 1117 1119 1119 1118 1118 1116 1116 1117 1117 1120 1120 1119 1119 1121 1121 1120 1120 1118 1118 1119 1119 1122 1122 1121 1121 1123 1123 1122 1122 1120 1120 1121 1121 1124 1124 1123 1123 1125 1125 1124 1124 1122 1122 1123 1123 1126 1126 1125 1125 1127 1127 1126 1126 1124 1124 1125 1125 1128 1128 1127 1127 1129 1129 1128 1128 1126 1126 1127 1127 1130 1130 1129 1129 1131 1131 1130 1130 1128 1128 1129 1129 1132 1132 1131 1131 1133 1133 1132 1132 1130 1130 1131 1131 1134 1134 1135 1135 1136 1136 1136 1136 1135 1135 1137 1137 1138 1138 1139 1139 1140 1140 1138 1138 1140 1140 1141 1141 1142 1142 1143 1143 1144 1144 1143 1143 1142 1142 1145 1145 1142 1142 1144 1144 1146 1146 1145 1145 1142 1142 1147 1147 1142 1142 1146 1146 1148 1148 1147 1147 1142 1142 1149 1149 1149 1149 1142 1142 1150 1150 1150 1150 1142 1142 1151 1151 1152 1152 1150 1150 1151 1151 1152 1152 1151 1151 1153 1153 1154 1154 1152 1152 1153 1153 1154 1154 1153 1153 1155 1155 1142 1142 1148 1148 1156 1156 1157 1157 1158 1158 1156 1156 1159 1159 1157 1157 1156 1156 1160 1160 1159 1159 1156 1156 1161 1161 1160 1160 1156 1156 1162 1162 1161 1161 1156 1156 1148 1148 1162 1162 1156 1156 1156 1156 1158 1158 1163 1163 1156 1156 1163 1163 1164 1164 1165 1165 1166 1166 1167 1167 1167 1167 1166 1166 1168 1168 1166 1166 1154 1154 1168 1168 1165 1165 1167 1167 1169 1169 1168 1168 1154 1154 1170 1170 1155 1155 1171 1171 1170 1170 1154 1154 1155 1155 1170 1170 1172 1172 1173 1173 1174 1174 1165 1165 1169 1169 1175 1175 1176 1176 1165 1165 1175 1175 1170 1170 1171 1171 1177 1177 1171 1171 1178 1178 1177 1177 1172 1172 1174 1174 1179 1179 1180 1180 1181 1181 1182 1182 1181 1181 1172 1172 1182 1182 1172 1172 1179 1179 1182 1182 1176 1176 1175 1175 1183 1183 1184 1184 1176 1176 1183 1183 1180 1180 1182 1182 1185 1185 1178 1178 1186 1186 1187 1187 1177 1177 1178 1178 1187 1187 1180 1180 1185 1185 1188 1188 1189 1189 1180 1180 1188 1188 1184 1184 1183 1183 1190 1190 1187 1187 1186 1186 1191 1191 1186 1186 1192 1192 1191 1191 1192 1192 1193 1193 1191 1191 1184 1184 1190 1190 1194 1194 1195 1195 1184 1184 1194 1194 1191 1191 1193 1193 1196 1196 1195 1195 1194 1194 1197 1197 1198 1198 1195 1195 1197 1197 1198 1198 1197 1197 1199 1199 1189 1189 1188 1188 1200 1200 1188 1188 1201 1201 1200 1200 1202 1202 1196 1196 1203 1203 1193 1193 1189 1189 1203 1203 1196 1196 1193 1193 1203 1203 1189 1189 1200 1200 1203 1203 1201 1201 1204 1204 1205 1205 1204 1204 1206 1206 1205 1205 1200 1200 1201 1201 1205 1205 1207 1207 1208 1208 1209 1209 1208 1208 1202 1202 1209 1209 1202 1202 1203 1203 1209 1209 1206 1206 1210 1210 1211 1211 1210 1210 1212 1212 1211 1211 1205 1205 1206 1206 1211 1211 1213 1213 1214 1214 1215 1215 1216 1216 1207 1207 1217 1217 1207 1207 1209 1209 1217 1217 1211 1211 1212 1212 1218 1218 1212 1212 1219 1219 1218 1218 1219 1219 1213 1213 1218 1218 1220 1220 1221 1221 1222 1222 1221 1221 1216 1216 1222 1222 1216 1216 1217 1217 1222 1222 1213 1213 1215 1215 1223 1223 1218 1218 1213 1213 1223 1223 1220 1220 1222 1222 1224 1224 1225 1225 1220 1220 1224 1224 1223 1223 1215 1215 1226 1226 1225 1225 1224 1224 1227 1227 1226 1226 1215 1215 1228 1228 1229 1229 1230 1230 1231 1231 1199 1199 1229 1229 1232 1232 1229 1229 1231 1231 1232 1232 1198 1198 1199 1199 1232 1232 1231 1231 1230 1230 1233 1233 1198 1198 1232 1232 1234 1234 1235 1235 1198 1198 1234 1234 1230 1230 1236 1236 1237 1237 1233 1233 1230 1230 1237 1237 1236 1236 1238 1238 1239 1239 1237 1237 1236 1236 1239 1239 1235 1235 1234 1234 1240 1240 1156 1156 1164 1164 1240 1240 1164 1164 1235 1235 1240 1240 1225 1225 1227 1227 1241 1241 1238 1238 1225 1225 1241 1241 1239 1239 1238 1238 1241 1241 1241 1241 1227 1227 1242 1242 1228 1228 1215 1215 1243 1243 1243 1243 1215 1215 1244 1244 1245 1245 1246 1246 1247 1247 1246 1246 1248 1248 1247 1247 1246 1246 1242 1242 1249 1249 1242 1242 1227 1227 1249 1249 1248 1248 1246 1246 1249 1249 1227 1227 1250 1250 1249 1249 1251 1251 1245 1245 1252 1252 1245 1245 1247 1247 1252 1252 1249 1249 1250 1250 1253 1253 1253 1253 1250 1250 1254 1254 1250 1250 1255 1255 1254 1254 1256 1256 1251 1251 1257 1257 1251 1251 1252 1252 1257 1257 1254 1254 1255 1255 1258 1258 1255 1255 1259 1259 1260 1260 1258 1258 1255 1255 1260 1260 1260 1260 1259 1259 1261 1261 1259 1259 1262 1262 1263 1263 1261 1261 1259 1259 1263 1263 1263 1263 1262 1262 1264 1264 1265 1265 1264 1264 1266 1266 1267 1267 1268 1268 1266 1266 1269 1269 1267 1267 1266 1266 1270 1270 1269 1269 1266 1266 1271 1271 1270 1270 1266 1266 1262 1262 1271 1271 1266 1266 1264 1264 1262 1262 1266 1266 1272 1272 1215 1215 1266 1266 1268 1268 1272 1272 1266 1266 1244 1244 1215 1215 1272 1272 1273 1273 1274 1274 1275 1275 1274 1274 1276 1276 1275 1275 1277 1277 1278 1278 1279 1279 1279 1279 1278 1278 1280 1280 1281 1281 1282 1282 1283 1283 1281 1281 1283 1283 1284 1284 1285 1285 1286 1286 1287 1287 1286 1286 1288 1288 1287 1287 1288 1288 1289 1289 1287 1287 1285 1285 1287 1287 1290 1290 1290 1290 1287 1287 1291 1291 1292 1292 1293 1293 1294 1294 1295 1295 1296 1296 1297 1297 1296 1296 1298 1298 1297 1297 1298 1298 1299 1299 1297 1297 1299 1299 1300 1300 1297 1297 1300 1300 1301 1301 1297 1297 1301 1301 1302 1302 1297 1297 1302 1302 1303 1303 1297 1297 1303 1303 1304 1304 1297 1297 1304 1304 1305 1305 1297 1297 1293 1293 1306 1306 1307 1307 1294 1294 1293 1293 1307 1307 1305 1305 1308 1308 1309 1309 1308 1308 1310 1310 1309 1309 1311 1311 1292 1292 1312 1312 1310 1310 1313 1313 1309 1309 1313 1313 1314 1314 1309 1309 1314 1314 1315 1315 1309 1309 1315 1315 1291 1291 1309 1309 1297 1297 1305 1305 1309 1309 1292 1292 1294 1294 1312 1312 1291 1291 1287 1287 1309 1309 1306 1306 1316 1316 1317 1317 1307 1307 1306 1306 1317 1317 1318 1318 1295 1295 1319 1319 1295 1295 1297 1297 1319 1319 1320 1320 1311 1311 1321 1321 1311 1311 1312 1312 1321 1321 1322 1322 1323 1323 1324 1324 1316 1316 1322 1322 1324 1324 1317 1317 1316 1316 1324 1324 1325 1325 1320 1320 1326 1326 1320 1320 1321 1321 1326 1326 1323 1323 1327 1327 1328 1328 1324 1324 1323 1323 1328 1328 1325 1325 1326 1326 1329 1329 1330 1330 1325 1325 1329 1329 1327 1327 1331 1331 1332 1332 1328 1328 1327 1327 1332 1332 1330 1330 1329 1329 1333 1333 1334 1334 1330 1330 1333 1333 1332 1332 1331 1331 1335 1335 1331 1331 1336 1336 1335 1335 1334 1334 1333 1333 1337 1337 1338 1338 1334 1334 1337 1337 1339 1339 1338 1338 1337 1337 1336 1336 1340 1340 1341 1341 1335 1335 1336 1336 1341 1341 1342 1342 1339 1339 1343 1343 1339 1339 1337 1337 1343 1343 1340 1340 1344 1344 1345 1345 1341 1341 1340 1340 1345 1345 1342 1342 1343 1343 1346 1346 1347 1347 1342 1342 1346 1346 1344 1344 1348 1348 1349 1349 1345 1345 1344 1344 1349 1349 1350 1350 1347 1347 1351 1351 1347 1347 1346 1346 1351 1351 1348 1348 1352 1352 1353 1353 1349 1349 1348 1348 1353 1353 1350 1350 1351 1351 1354 1354 1350 1350 1354 1354 1355 1355 1353 1353 1352 1352 1356 1356 1355 1355 1354 1354 1357 1357 1355 1355 1357 1357 1358 1358 1356 1356 1352 1352 1359 1359 1358 1358 1357 1357 1360 1360 1359 1359 1352 1352 1361 1361 1358 1358 1360 1360 1362 1362 1362 1362 1360 1360 1363 1363 1361 1361 1352 1352 1364 1364 1362 1362 1363 1363 1365 1365 1365 1365 1363 1363 1366 1366 1365 1365 1366 1366 1367 1367 1367 1367 1366 1366 1368 1368 1367 1367 1368 1368 1369 1369 1368 1368 1370 1370 1371 1371 1369 1369 1368 1368 1371 1371 1370 1370 1372 1372 1373 1373 1371 1371 1370 1370 1373 1373 1373 1373 1372 1372 1374 1374 1373 1373 1374 1374 1375 1375 1373 1373 1375 1375 1376 1376 1376 1376 1377 1377 1378 1378 1377 1377 1379 1379 1378 1378 1379 1379 1380 1380 1378 1378 1380 1380 1381 1381 1378 1378 1381 1381 1382 1382 1378 1378 1373 1373 1376 1376 1378 1378 1382 1382 1383 1383 1378 1378 1383 1383 1384 1384 1378 1378 1384 1384 1385 1385 1378 1378 1385 1385 1386 1386 1378 1378 1387 1387 1388 1388 1389 1389 1389 1389 1388 1388 1390 1390 1388 1388 1391 1391 1390 1390 1392 1392 1387 1387 1393 1393 1387 1387 1389 1389 1393 1393 1390 1390 1391 1391 1394 1394 1391 1391 1395 1395 1394 1394 1392 1392 1393 1393 1396 1396 1397 1397 1392 1392 1396 1396 1394 1394 1395 1395 1398 1398 1395 1395 1399 1399 1398 1398 1397 1397 1396 1396 1400 1400 1401 1401 1397 1397 1400 1400 1398 1398 1399 1399 1402 1402 1399 1399 1403 1403 1402 1402 1401 1401 1400 1400 1404 1404 1386 1386 1401 1401 1404 1404 1402 1402 1403 1403 1405 1405 1403 1403 1406 1406 1405 1405 1386 1386 1404 1404 1407 1407 1408 1408 1378 1378 1407 1407 1378 1378 1386 1386 1407 1407 1405 1405 1406 1406 1409 1409 1364 1364 1352 1352 1409 1409 1406 1406 1364 1364 1409 1409 1410 1410 1408 1408 1411 1411 1408 1408 1407 1407 1411 1411 1412 1412 1410 1410 1413 1413 1410 1410 1411 1411 1413 1413 1412 1412 1413 1413 1414 1414 1409 1409 1352 1352 1415 1415 1416 1416 1417 1417 1415 1415 1417 1417 1418 1418 1415 1415 1418 1418 1409 1409 1415 1415 1419 1419 1412 1412 1420 1420 1412 1412 1414 1414 1420 1420 1416 1416 1415 1415 1421 1421 1422 1422 1419 1419 1423 1423 1419 1419 1420 1420 1423 1423 1415 1415 1424 1424 1425 1425 1421 1421 1415 1415 1425 1425 1426 1426 1422 1422 1427 1427 1422 1422 1423 1423 1427 1427 1424 1424 1428 1428 1429 1429 1425 1425 1424 1424 1429 1429 1430 1430 1426 1426 1431 1431 1426 1426 1427 1427 1431 1431 1429 1429 1428 1428 1432 1432 1432 1432 1428 1428 1433 1433 1430 1430 1431 1431 1434 1434 1430 1430 1434 1434 1435 1435 1432 1432 1433 1433 1436 1436 1436 1436 1433 1433 1437 1437 1435 1435 1434 1434 1438 1438 1436 1436 1437 1437 1439 1439 1439 1439 1437 1437 1440 1440 1441 1441 1435 1435 1442 1442 1435 1435 1438 1438 1442 1442 1439 1439 1440 1440 1443 1443 1444 1444 1441 1441 1445 1445 1441 1441 1442 1442 1445 1445 1443 1443 1440 1440 1446 1446 1443 1443 1446 1446 1447 1447 1296 1296 1444 1444 1298 1298 1444 1444 1445 1445 1298 1298 1447 1447 1446 1446 1448 1448 1449 1449 1447 1447 1448 1448 1450 1450 1449 1449 1451 1451 1449 1449 1448 1448 1451 1451 1288 1288 1450 1450 1289 1289 1450 1450 1451 1451 1289 1289 1452 1452 1453 1453 1454 1454 1455 1455 1452 1452 1454 1454 1456 1456 1455 1455 1457 1457 1455 1455 1454 1454 1457 1457 1458 1458 1456 1456 1459 1459 1456 1456 1457 1457 1459 1459 1460 1460 1458 1458 1461 1461 1458 1458 1459 1459 1461 1461 1462 1462 1460 1460 1463 1463 1460 1460 1461 1461 1463 1463 1464 1464 1462 1462 1465 1465 1462 1462 1463 1463 1465 1465 1466 1466 1464 1464 1467 1467 1464 1464 1465 1465 1467 1467 1468 1468 1466 1466 1469 1469 1470 1470 1468 1468 1469 1469 1466 1466 1467 1467 1469 1469 1471 1471 1470 1470 1472 1472 1470 1470 1469 1469 1472 1472 1473 1473 1471 1471 1474 1474 1471 1471 1472 1472 1474 1474 1475 1475 1473 1473 1476 1476 1473 1473 1474 1474 1476 1476 1475 1475 1476 1476 1477 1477 1478 1478 1479 1479 1480 1480 1480 1480 1479 1479 1481 1481 1482 1482 1483 1483 1484 1484 1483 1483 1485 1485 1484 1484 1486 1486 1482 1482 1487 1487 1482 1482 1484 1484 1487 1487 1488 1488 1486 1486 1489 1489 1486 1486 1487 1487 1489 1489 1490 1490 1488 1488 1491 1491 1488 1488 1489 1489 1491 1491 1492 1492 1490 1490 1493 1493 1490 1490 1491 1491 1493 1493 1494 1494 1492 1492 1495 1495 1492 1492 1493 1493 1495 1495 1496 1496 1494 1494 1497 1497 1494 1494 1495 1495 1497 1497 1498 1498 1496 1496 1499 1499 1496 1496 1497 1497 1499 1499 1500 1500 1498 1498 1501 1501 1498 1498 1499 1499 1501 1501 1502 1502 1500 1500 1503 1503 1500 1500 1501 1501 1503 1503 1504 1504 1502 1502 1505 1505 1502 1502 1503 1503 1505 1505 1506 1506 1504 1504 1507 1507 1504 1504 1505 1505 1507 1507 1508 1508 1509 1509 1510 1510 1509 1509 1511 1511 1510 1510 1512 1512 1508 1508 1513 1513 1508 1508 1510 1510 1513 1513 1514 1514 1512 1512 1515 1515 1512 1512 1513 1513 1515 1515 1516 1516 1514 1514 1517 1517 1514 1514 1515 1515 1517 1517 1518 1518 1516 1516 1519 1519 1516 1516 1517 1517 1519 1519 1520 1520 1518 1518 1521 1521 1518 1518 1519 1519 1521 1521 1522 1522 1520 1520 1523 1523 1520 1520 1521 1521 1523 1523 1524 1524 1522 1522 1525 1525 1522 1522 1523 1523 1525 1525 1526 1526 1524 1524 1527 1527 1524 1524 1525 1525 1527 1527 1528 1528 1526 1526 1529 1529 1526 1526 1527 1527 1529 1529 1530 1530 1528 1528 1531 1531 1528 1528 1529 1529 1531 1531 1532 1532 1530 1530 1533 1533 1530 1530 1531 1531 1533 1533 1534 1534 1535 1535 1536 1536 1534 1534 1537 1537 1535 1535 1534 1534 1538 1538 1537 1537 1534 1534 1539 1539 1538 1538 1540 1540 1541 1541 1542 1542 1534 1534 1543 1543 1539 1539 1534 1534 1540 1540 1544 1544 1545 1545 1546 1546 1547 1547 1545 1545 1548 1548 1546 1546 1545 1545 1549 1549 1548 1548 1550 1550 1551 1551 1541 1541 1552 1552 1534 1534 1553 1553 1554 1554 1555 1555 1556 1556 1554 1554 1540 1540 1555 1555 1557 1557 1558 1558 1545 1545 1557 1557 1559 1559 1558 1558 1560 1560 1561 1561 1550 1550 1560 1560 1541 1541 1540 1540 1560 1560 1550 1550 1541 1541 1562 1562 1552 1552 1563 1563 1562 1562 1534 1534 1552 1552 1564 1564 1554 1554 1565 1565 1566 1566 1562 1562 1567 1567 1568 1568 1547 1547 1569 1569 1568 1568 1570 1570 1557 1557 1571 1571 1572 1572 1560 1560 1568 1568 1573 1573 1570 1570 1571 1571 1574 1574 1572 1572 1568 1568 1545 1545 1547 1547 1568 1568 1557 1557 1545 1545 1575 1575 1564 1564 1576 1576 1577 1577 1569 1569 1540 1540 1575 1575 1554 1554 1564 1564 1577 1577 1540 1540 1534 1534 1577 1577 1534 1534 1562 1562 1577 1577 1562 1562 1566 1566 1577 1577 1568 1568 1569 1569 1578 1578 1571 1571 1560 1560 1579 1579 1580 1580 1568 1568 1579 1579 1577 1577 1581 1581 1579 1579 1568 1568 1577 1577 1544 1544 1575 1575 1582 1582 1544 1544 1540 1540 1554 1554 1544 1544 1554 1554 1575 1575 1543 1543 1544 1544 1583 1583 1569 1569 1584 1584 1578 1578 1569 1569 1585 1585 1584 1584 1569 1569 1586 1586 1585 1585 1569 1569 1560 1560 1540 1540 1569 1569 1578 1578 1560 1560 1547 1547 1587 1587 1569 1569 1534 1534 1544 1544 1543 1543 1588 1588 1589 1589 1590 1590 1588 1588 1590 1590 1591 1591 1592 1592 1593 1593 1594 1594 1592 1592 1595 1595 1589 1589 1596 1596 1597 1597 1598 1598 1592 1592 1594 1594 1595 1595 1592 1592 1589 1589 1588 1588 1599 1599 1588 1588 1600 1600 1601 1601 1596 1596 1602 1602 1603 1603 1604 1604 1605 1605 1606 1606 1607 1607 1592 1592 1606 1606 1608 1608 1607 1607 1606 1606 1592 1592 1588 1588 1606 1606 1588 1588 1599 1599 1609 1609 1599 1599 1610 1610 1611 1611 1601 1601 1612 1612 1613 1613 1609 1609 1614 1614 1615 1615 1605 1605 1597 1597 1615 1615 1616 1616 1603 1603 1617 1617 1618 1618 1606 1606 1615 1615 1603 1603 1605 1605 1617 1617 1619 1619 1618 1618 1620 1620 1606 1606 1599 1599 1620 1620 1599 1599 1609 1609 1620 1620 1609 1609 1613 1613 1621 1621 1611 1611 1622 1622 1623 1623 1617 1617 1606 1606 1623 1623 1606 1606 1620 1620 1621 1621 1596 1596 1601 1601 1621 1621 1601 1601 1611 1611 1624 1624 1623 1623 1620 1620 1625 1625 1626 1626 1615 1615 1627 1627 1623 1623 1624 1624 1628 1628 1625 1625 1615 1615 1629 1629 1630 1630 1631 1631 1632 1632 1633 1633 1628 1628 1634 1634 1629 1629 1635 1635 1595 1595 1636 1636 1632 1632 1595 1595 1621 1621 1630 1630 1595 1595 1597 1597 1596 1596 1595 1595 1615 1615 1597 1597 1595 1595 1596 1596 1621 1621 1595 1595 1628 1628 1615 1615 1595 1595 1632 1632 1628 1628 1637 1637 1629 1629 1634 1634 1637 1637 1630 1630 1629 1629 1637 1637 1595 1595 1630 1630 1589 1589 1595 1595 1637 1637 1638 1638 1639 1639 1595 1595 1638 1638 1640 1640 1639 1639 1590 1590 1589 1589 1641 1641 1594 1594 1638 1638 1595 1595 1642 1642 1643 1643 1644 1644 1642 1642 1645 1645 1643 1643 1642 1642 1646 1646 1645 1645 1642 1642 1647 1647 1648 1648 1642 1642 1648 1648 1649 1649 1642 1642 1650 1650 1651 1651 1652 1652 1653 1653 1654 1654 1652 1652 1655 1655 1653 1653 1656 1656 1657 1657 1642 1642 1658 1658 1647 1647 1659 1659 1660 1660 1652 1652 1661 1661 1662 1662 1663 1663 1656 1656 1662 1662 1642 1642 1649 1649 1662 1662 1656 1656 1642 1642 1664 1664 1655 1655 1652 1652 1664 1664 1652 1652 1660 1660 1665 1665 1658 1658 1666 1666 1667 1667 1668 1668 1645 1645 1669 1669 1664 1664 1670 1670 1667 1667 1671 1671 1668 1668 1672 1672 1673 1673 1662 1662 1672 1672 1674 1674 1673 1673 1672 1672 1662 1662 1649 1649 1648 1648 1647 1647 1658 1658 1648 1648 1658 1658 1665 1665 1646 1646 1675 1675 1667 1667 1646 1646 1667 1667 1645 1645 1649 1649 1648 1648 1676 1676 1677 1677 1678 1678 1672 1672 1677 1677 1679 1679 1678 1678 1677 1677 1655 1655 1664 1664 1677 1677 1664 1664 1669 1669 1677 1677 1672 1672 1649 1649 1677 1677 1649 1649 1655 1655 1680 1680 1681 1681 1682 1682 1683 1683 1684 1684 1681 1681 1683 1683 1669 1669 1684 1684 1683 1683 1677 1677 1669 1669 1683 1683 1681 1681 1680 1680 1650 1650 1685 1685 1651 1651 1686 1686 1687 1687 1677 1677 1686 1686 1677 1677 1683 1683 1688 1688 1689 1689 1690 1690 1688 1688 1649 1649 1689 1689 1691 1691 1692 1692 1650 1650 1655 1655 1649 1649 1688 1688 1655 1655 1688 1688 1693 1693 1642 1642 1651 1651 1646 1646 1642 1642 1691 1691 1650 1650 1642 1642 1694 1694 1691 1691 1642 1642 1695 1695 1647 1647 1642 1642 1644 1644 1695 1695 1696 1696 1697 1697 1698 1698 1696 1696 1699 1699 1700 1700 1696 1696 1701 1701 1699 1699 1696 1696 1698 1698 1701 1701 1702 1702 1703 1703 1704 1704 1705 1705 1706 1706 1707 1707 1705 1705 1708 1708 1706 1706 1709 1709 1710 1710 1703 1703 1711 1711 1712 1712 1697 1697 1711 1711 1697 1697 1696 1696 1711 1711 1696 1696 1713 1713 1711 1711 1714 1714 1702 1702 1711 1711 1702 1702 1712 1712 1711 1711 1715 1715 1714 1714 1716 1716 1717 1717 1718 1718 1716 1716 1702 1702 1717 1717 1714 1714 1719 1719 1709 1709 1720 1720 1721 1721 1705 1705 1720 1720 1722 1722 1721 1721 1714 1714 1703 1703 1702 1702 1714 1714 1709 1709 1703 1703 1723 1723 1711 1711 1724 1724 1725 1725 1716 1716 1726 1726 1725 1725 1702 1702 1716 1716 1727 1727 1723 1723 1728 1728 1729 1729 1707 1707 1715 1715 1729 1729 1715 1715 1711 1711 1729 1729 1730 1730 1720 1720 1729 1729 1731 1731 1730 1730 1729 1729 1711 1711 1723 1723 1729 1729 1705 1705 1707 1707 1729 1729 1720 1720 1705 1705 1732 1732 1733 1733 1714 1714 1732 1732 1734 1734 1733 1733 1712 1712 1725 1725 1735 1735 1712 1712 1702 1702 1725 1725 1736 1736 1737 1737 1729 1729 1736 1736 1738 1738 1739 1739 1736 1736 1727 1727 1738 1738 1715 1715 1732 1732 1714 1714 1736 1736 1729 1729 1723 1723 1736 1736 1723 1723 1727 1727 1740 1740 1712 1712 1741 1741 1742 1742 1743 1743 1715 1715 1744 1744 1742 1742 1715 1715 1697 1697 1740 1740 1745 1745 1697 1697 1712 1712 1740 1740 1698 1698 1697 1697 1746 1746 1707 1707 1744 1744 1715 1715 1707 1707 1747 1747 1744 1744 1707 1707 1748 1748 1747 1747 1708 1708 1749 1749 1706 1706 1750 1750 1751 1751 1752 1752 1753 1753 1754 1754 1755 1755 1753 1753 1756 1756 1757 1757 1753 1753 1755 1755 1756 1756 1758 1758 1751 1751 1750 1750 1758 1758 1759 1759 1751 1751 1760 1760 1761 1761 1762 1762 1763 1763 1753 1753 1757 1757 1764 1764 1762 1762 1765 1765 1764 1764 1760 1760 1762 1762 1766 1766 1767 1767 1768 1768 1766 1766 1768 1768 1761 1761 1769 1769 1770 1770 1759 1759 1766 1766 1761 1761 1760 1760 1769 1769 1759 1759 1758 1758 1771 1771 1763 1763 1757 1757 1772 1772 1764 1764 1765 1765 1771 1771 1773 1773 1774 1774 1771 1771 1757 1757 1773 1773 1775 1775 1776 1776 1767 1767 1777 1777 1770 1770 1769 1769 1777 1777 1778 1778 1770 1770 1775 1775 1767 1767 1766 1766 1777 1777 1779 1779 1778 1778 1780 1780 1765 1765 1781 1781 1782 1782 1771 1771 1774 1774 1780 1780 1772 1772 1765 1765 1782 1782 1774 1774 1783 1783 1784 1784 1783 1783 1779 1779 1784 1784 1779 1779 1777 1777 1785 1785 1786 1786 1776 1776 1787 1787 1782 1782 1783 1783 1785 1785 1776 1776 1775 1775 1787 1787 1783 1783 1784 1784 1788 1788 1781 1781 1789 1789 1788 1788 1780 1780 1781 1781 1790 1790 1786 1786 1785 1785 1791 1791 1789 1789 1792 1792 1791 1791 1788 1788 1789 1789 1793 1793 1794 1794 1786 1786 1793 1793 1786 1786 1790 1790 1795 1795 1792 1792 1796 1796 1795 1795 1791 1791 1792 1792 1797 1797 1793 1793 1798 1798 1797 1797 1794 1794 1793 1793 1752 1752 1795 1795 1796 1796 1752 1752 1799 1799 1795 1795 1755 1755 1797 1797 1798 1798 1751 1751 1799 1799 1752 1752 1754 1754 1797 1797 1755 1755 1800 1800 1801 1801 1802 1802 1800 1800 1803 1803 1804 1804 1800 1800 1802 1802 1803 1803 1805 1805 1806 1806 1807 1807 1805 1805 1808 1808 1806 1806 1809 1809 1810 1810 1811 1811 1812 1812 1800 1800 1804 1804 1813 1813 1811 1811 1814 1814 1813 1813 1809 1809 1811 1811 1815 1815 1808 1808 1805 1805 1816 1816 1817 1817 1818 1818 1816 1816 1818 1818 1810 1810 1815 1815 1819 1819 1808 1808 1816 1816 1810 1810 1809 1809 1820 1820 1812 1812 1804 1804 1821 1821 1813 1813 1814 1814 1820 1820 1804 1804 1822 1822 1823 1823 1819 1819 1815 1815 1824 1824 1825 1825 1817 1817 1823 1823 1826 1826 1819 1819 1823 1823 1827 1827 1826 1826 1824 1824 1817 1817 1816 1816 1828 1828 1814 1814 1829 1829 1830 1830 1820 1820 1822 1822 1830 1830 1831 1831 1832 1832 1830 1830 1822 1822 1831 1831 1828 1828 1821 1821 1814 1814 1833 1833 1832 1832 1827 1827 1833 1833 1827 1827 1823 1823 1834 1834 1835 1835 1825 1825 1836 1836 1830 1830 1832 1832 1836 1836 1832 1832 1833 1833 1834 1834 1825 1825 1824 1824 1837 1837 1829 1829 1838 1838 1837 1837 1838 1838 1839 1839 1837 1837 1828 1828 1829 1829 1840 1840 1835 1835 1834 1834 1841 1841 1837 1837 1839 1839 1842 1842 1841 1841 1839 1839 1843 1843 1844 1844 1835 1835 1843 1843 1835 1835 1840 1840 1845 1845 1841 1841 1842 1842 1846 1846 1843 1843 1847 1847 1846 1846 1844 1844 1843 1843 1848 1848 1845 1845 1842 1842 1848 1848 1849 1849 1845 1845 1802 1802 1846 1846 1847 1847 1801 1801 1846 1846 1802 1802 1807 1807 1849 1849 1848 1848 1807 1807 1806 1806 1849 1849 1850 1850 1851 1851 1852 1852 1851 1851 1853 1853 1852 1852 1854 1854 1850 1850 1855 1855 1850 1850 1852 1852 1855 1855 1856 1856 1857 1857 1858 1858 1857 1857 1859 1859 1858 1858 1860 1860 1854 1854 1861 1861 1854 1854 1855 1855 1861 1861 1862 1862 1856 1856 1863 1863 1856 1856 1858 1858 1863 1863 1864 1864 1860 1860 1865 1865 1860 1860 1861 1861 1865 1865 1866 1866 1862 1862 1867 1867 1857 1857 1864 1864 1859 1859 1862 1862 1863 1863 1867 1867 1864 1864 1865 1865 1859 1859 1868 1868 1866 1866 1869 1869 1866 1866 1867 1867 1869 1869 1870 1870 1868 1868 1871 1871 1868 1868 1869 1869 1871 1871 1872 1872 1870 1870 1873 1873 1870 1870 1871 1871 1873 1873 1874 1874 1872 1872 1875 1875 1872 1872 1873 1873 1875 1875 1876 1876 1874 1874 1877 1877 1874 1874 1875 1875 1877 1877 1878 1878 1876 1876 1879 1879 1876 1876 1877 1877 1879 1879 1880 1880 1878 1878 1881 1881 1878 1878 1879 1879 1881 1881 1882 1882 1880 1880 1883 1883 1880 1880 1881 1881 1883 1883 1882 1882 1883 1883 1884 1884 1885 1885 1882 1882 1884 1884 1885 1885 1884 1884 1886 1886 1887 1887 1885 1885 1886 1886 1887 1887 1886 1886 1888 1888 1889 1889 1887 1887 1888 1888 1890 1890 1889 1889 1891 1891 1889 1889 1888 1888 1891 1891 1892 1892 1890 1890 1893 1893 1890 1890 1891 1891 1893 1893 1894 1894 1892 1892 1895 1895 1892 1892 1893 1893 1895 1895 1896 1896 1894 1894 1897 1897 1894 1894 1895 1895 1897 1897 1898 1898 1896 1896 1899 1899 1896 1896 1897 1897 1899 1899 1851 1851 1898 1898 1853 1853 1898 1898 1899 1899 1853 1853 1900 1900 1901 1901 1902 1902 1901 1901 1903 1903 1902 1902 1904 1904 1905 1905 1906 1906 1907 1907 1900 1900 1908 1908 1900 1900 1902 1902 1908 1908 1909 1909 1904 1904 1910 1910 1904 1904 1906 1906 1910 1910 1911 1911 1907 1907 1912 1912 1907 1907 1908 1908 1912 1912 1913 1913 1909 1909 1914 1914 1909 1909 1910 1910 1914 1914 1915 1915 1911 1911 1916 1916 1911 1911 1912 1912 1916 1916 1905 1905 1915 1915 1906 1906 1917 1917 1913 1913 1918 1918 1915 1915 1916 1916 1906 1906 1913 1913 1914 1914 1918 1918 1919 1919 1917 1917 1920 1920 1917 1917 1918 1918 1920 1920 1921 1921 1919 1919 1922 1922 1919 1919 1920 1920 1922 1922 1923 1923 1921 1921 1924 1924 1921 1921 1922 1922 1924 1924 1925 1925 1923 1923 1926 1926 1923 1923 1924 1924 1926 1926 1927 1927 1925 1925 1928 1928 1925 1925 1926 1926 1928 1928 1929 1929 1927 1927 1930 1930 1927 1927 1928 1928 1930 1930 1931 1931 1929 1929 1932 1932 1929 1929 1930 1930 1932 1932 1933 1933 1931 1931 1934 1934 1931 1931 1932 1932 1934 1934 1933 1933 1934 1934 1935 1935 1936 1936 1933 1933 1935 1935 1936 1936 1935 1935 1937 1937 1938 1938 1936 1936 1937 1937 1938 1938 1937 1937 1939 1939 1940 1940 1938 1938 1939 1939 1941 1941 1940 1940 1942 1942 1940 1940 1939 1939 1942 1942 1941 1941 1942 1942 1943 1943 1944 1944 1941 1941 1943 1943 1945 1945 1944 1944 1946 1946 1944 1944 1943 1943 1946 1946 1947 1947 1945 1945 1948 1948 1945 1945 1946 1946 1948 1948 1901 1901 1947 1947 1903 1903 1947 1947 1948 1948 1903 1903 1949 1949 1950 1950 1951 1951 1949 1949 1951 1951 1952 1952 1952 1952 1951 1951 1953 1953 1952 1952 1953 1953 1954 1954 1955 1955 1956 1956 1957 1957 1958 1958 1955 1955 1957 1957 1954 1954 1953 1953 1959 1959 1954 1954 1959 1959 1960 1960 1960 1960 1959 1959 1961 1961 1962 1962 1958 1958 1963 1963 1958 1958 1957 1957 1963 1963 1960 1960 1961 1961 1955 1955 1955 1955 1961 1961 1956 1956 1964 1964 1962 1962 1965 1965 1962 1962 1963 1963 1965 1965 1966 1966 1964 1964 1967 1967 1964 1964 1965 1965 1967 1967 1968 1968 1966 1966 1969 1969 1966 1966 1967 1967 1969 1969 1970 1970 1968 1968 1971 1971 1968 1968 1969 1969 1971 1971 1972 1972 1970 1970 1973 1973 1970 1970 1971 1971 1973 1973 1974 1974 1972 1972 1975 1975 1972 1972 1973 1973 1975 1975 1976 1976 1974 1974 1977 1977 1974 1974 1975 1975 1977 1977 1978 1978 1976 1976 1979 1979 1976 1976 1977 1977 1979 1979 1980 1980 1978 1978 1981 1981 1978 1978 1979 1979 1981 1981 1982 1982 1980 1980 1983 1983 1980 1980 1981 1981 1983 1983 1984 1984 1982 1982 1985 1985 1982 1982 1983 1983 1985 1985 1986 1986 1984 1984 1987 1987 1984 1984 1985 1985 1987 1987 1988 1988 1986 1986 1989 1989 1986 1986 1987 1987 1989 1989 1990 1990 1988 1988 1991 1991 1988 1988 1989 1989 1991 1991 1992 1992 1990 1990 1993 1993 1990 1990 1991 1991 1993 1993 1994 1994 1992 1992 1995 1995 1992 1992 1993 1993 1995 1995 1996 1996 1994 1994 1997 1997 1994 1994 1995 1995 1997 1997 1949 1949 1996 1996 1950 1950 1996 1996 1997 1997 1950 1950 1998 1998 1999 1999 2000 2000 2001 2001 2000 2000 2002 2002 2001 2001 2002 2002 2003 2003 2001 2001 2003 2003 2004 2004 2001 2001 2004 2004 2005 2005 2006 2006 2007 2007 1998 1998 2006 2006 1998 1998 2000 2000 2008 2008 2000 2000 2001 2001 2008 2008 2006 2006 2000 2000 2009 2009 2001 2001 2010 2010 2009 2009 2010 2010 2011 2011 2009 2009 2008 2008 2001 2001 2012 2012 2013 2013 2008 2008 2014 2014 2012 2012 2008 2008 2015 2015 2014 2014 2008 2008 2016 2016 2009 2009 2017 2017 2016 2016 2017 2017 2018 2018 2019 2019 2008 2008 2009 2009 2019 2019 2015 2015 2008 2008 2020 2020 2019 2019 2009 2009 2021 2021 2016 2016 2022 2022 2021 2021 2009 2009 2016 2016 2021 2021 2020 2020 2009 2009 2023 2023 2024 2024 2025 2025 2026 2026 2023 2023 2025 2025 2027 2027 2026 2026 2025 2025 2028 2028 2027 2027 2025 2025 2029 2029 2028 2028 2030 2030 2028 2028 2025 2025 2031 2031 2030 2030 2028 2028 2031 2031 2025 2025 2032 2032 2033 2033 2025 2025 2033 2033 2034 2034 2035 2035 2031 2031 2036 2036 2031 2031 2025 2025 2036 2036 2025 2025 2034 2034 2037 2037 2038 2038 2039 2039 2040 2040 2037 2037 2038 2038 2040 2040 2025 2025 2037 2037 2040 2040 2025 2025 2040 2040 2041 2041 2042 2042 2036 2036 2043 2043 2044 2044 2042 2042 2043 2043 2045 2045 2044 2044 2043 2043 2046 2046 2045 2045 2043 2043 2036 2036 2025 2025 2043 2043 2025 2025 2041 2041 2047 2047 2043 2043 2025 2025 2047 2047 2048 2048 2049 2049 2050 2050 2048 2048 2050 2050 2051 2051 2051 2051 2050 2050 2052 2052 2053 2053 2054 2054 2055 2055 2051 2051 2052 2052 2053 2053 2053 2053 2052 2052 2054 2054 2055 2055 2054 2054 2056 2056 2055 2055 2056 2056 2057 2057 2057 2057 2056 2056 2058 2058 2057 2057 2058 2058 2059 2059 2059 2059 2058 2058 2060 2060 2059 2059 2060 2060 2061 2061 2061 2061 2060 2060 2062 2062 2061 2061 2062 2062 2063 2063 2063 2063 2062 2062 2064 2064 2063 2063 2064 2064 2065 2065 2065 2065 2064 2064 2066 2066 2065 2065 2066 2066 2067 2067 2067 2067 2066 2066 2068 2068 2067 2067 2068 2068 2069 2069 2069 2069 2068 2068 2070 2070 2069 2069 2070 2070 2071 2071 2071 2071 2070 2070 2072 2072 2071 2071 2072 2072 2073 2073 2073 2073 2072 2072 2074 2074 2073 2073 2074 2074 2075 2075 2075 2075 2074 2074 2076 2076 2075 2075 2076 2076 2077 2077 2077 2077 2076 2076 2078 2078 2077 2077 2078 2078 2079 2079 2079 2079 2078 2078 2080 2080 2079 2079 2080 2080 2081 2081 2081 2081 2080 2080 2082 2082 2081 2081 2082 2082 2083 2083 2083 2083 2082 2082 2084 2084 2083 2083 2084 2084 2085 2085 2085 2085 2084 2084 2086 2086 2085 2085 2086 2086 2087 2087 2087 2087 2086 2086 2088 2088 2087 2087 2088 2088 2089 2089 2089 2089 2088 2088 2090 2090 2089 2089 2090 2090 2091 2091 2091 2091 2090 2090 2092 2092 2091 2091 2092 2092 2093 2093 2093 2093 2092 2092 2094 2094 2093 2093 2094 2094 2095 2095 2095 2095 2094 2094 2096 2096 2095 2095 2096 2096 2097 2097 2097 2097 2096 2096 2049 2049 2097 2097 2049 2049 2048 2048 2098 2098 2099 2099 2100 2100 2099 2099 2101 2101 2100 2100 2102 2102 2103 2103 2104 2104 2105 2105 2098 2098 2106 2106 2098 2098 2100 2100 2106 2106 2107 2107 2102 2102 2108 2108 2102 2102 2104 2104 2108 2108 2109 2109 2105 2105 2110 2110 2105 2105 2106 2106 2110 2110 2111 2111 2107 2107 2112 2112 2107 2107 2108 2108 2112 2112 2113 2113 2109 2109 2114 2114 2109 2109 2110 2110 2114 2114 2103 2103 2113 2113 2104 2104 2115 2115 2111 2111 2116 2116 2113 2113 2114 2114 2104 2104 2111 2111 2112 2112 2116 2116 2117 2117 2115 2115 2118 2118 2115 2115 2116 2116 2118 2118 2119 2119 2117 2117 2120 2120 2117 2117 2118 2118 2120 2120 2121 2121 2119 2119 2122 2122 2119 2119 2120 2120 2122 2122 2123 2123 2121 2121 2124 2124 2121 2121 2122 2122 2124 2124 2125 2125 2123 2123 2126 2126 2123 2123 2124 2124 2126 2126 2127 2127 2125 2125 2128 2128 2125 2125 2126 2126 2128 2128 2129 2129 2127 2127 2130 2130 2127 2127 2128 2128 2130 2130 2131 2131 2129 2129 2132 2132 2129 2129 2130 2130 2132 2132 2131 2131 2132 2132 2133 2133 2134 2134 2131 2131 2133 2133 2134 2134 2133 2133 2135 2135 2136 2136 2134 2134 2135 2135 2136 2136 2135 2135 2137 2137 2138 2138 2136 2136 2137 2137 2139 2139 2138 2138 2140 2140 2138 2138 2137 2137 2140 2140 2139 2139 2140 2140 2141 2141 2142 2142 2139 2139 2141 2141 2143 2143 2142 2142 2144 2144 2142 2142 2141 2141 2144 2144 2145 2145 2143 2143 2146 2146 2143 2143 2144 2144 2146 2146 2099 2099 2145 2145 2101 2101 2145 2145 2146 2146 2101 2101 2147 2147 2148 2148 2149 2149 2147 2147 2149 2149 2150 2150 2150 2150 2149 2149 2151 2151 2150 2150 2151 2151 2152 2152 2153 2153 2154 2154 2155 2155 2156 2156 2153 2153 2155 2155 2152 2152 2151 2151 2157 2157 2152 2152 2157 2157 2158 2158 2158 2158 2157 2157 2159 2159 2160 2160 2156 2156 2161 2161 2156 2156 2155 2155 2161 2161 2158 2158 2159 2159 2153 2153 2153 2153 2159 2159 2154 2154 2162 2162 2160 2160 2163 2163 2160 2160 2161 2161 2163 2163 2164 2164 2162 2162 2165 2165 2162 2162 2163 2163 2165 2165 2166 2166 2164 2164 2167 2167 2164 2164 2165 2165 2167 2167 2168 2168 2166 2166 2169 2169 2166 2166 2167 2167 2169 2169 2170 2170 2168 2168 2171 2171 2168 2168 2169 2169 2171 2171 2172 2172 2170 2170 2173 2173 2170 2170 2171 2171 2173 2173 2174 2174 2172 2172 2175 2175 2172 2172 2173 2173 2175 2175 2176 2176 2174 2174 2177 2177 2174 2174 2175 2175 2177 2177 2178 2178 2176 2176 2179 2179 2176 2176 2177 2177 2179 2179 2180 2180 2178 2178 2181 2181 2178 2178 2179 2179 2181 2181 2182 2182 2180 2180 2183 2183 2180 2180 2181 2181 2183 2183 2184 2184 2182 2182 2185 2185 2182 2182 2183 2183 2185 2185 2186 2186 2184 2184 2187 2187 2184 2184 2185 2185 2187 2187 2188 2188 2186 2186 2189 2189 2186 2186 2187 2187 2189 2189 2190 2190 2188 2188 2191 2191 2188 2188 2189 2189 2191 2191 2192 2192 2190 2190 2193 2193 2190 2190 2191 2191 2193 2193 2194 2194 2192 2192 2195 2195 2192 2192 2193 2193 2195 2195 2147 2147 2194 2194 2148 2148 2194 2194 2195 2195 2148 2148 2196 2196 2197 2197 2198 2198 2196 2196 2198 2198 2199 2199 2196 2196 2199 2199 2200 2200 2196 2196 2200 2200 2201 2201 2196 2196 2201 2201 2202 2202 2196 2196 2202 2202 2203 2203 2196 2196 2203 2203 2204 2204 2196 2196 2204 2204 2205 2205 2196 2196 2205 2205 2206 2206 2196 2196 2206 2206 2207 2207 2196 2196 2207 2207 2208 2208 2196 2196 2208 2208 2209 2209 2196 2196 2209 2209 2210 2210 2196 2196 2210 2210 2211 2211 2196 2196 2211 2211 2212 2212 2196 2196 2212 2212 2213 2213 2196 2196 2213 2213 2214 2214 2215 2215 2197 2197 2196 2196 2216 2216 2215 2215 2196 2196 2217 2217 2196 2196 2218 2218 2219 2219 2216 2216 2196 2196 2220 2220 2196 2196 2217 2217 2220 2220 2219 2219 2196 2196 2221 2221 2222 2222 2223 2223 2224 2224 2225 2225 2226 2226 2227 2227 2223 2223 2228 2228 2229 2229 2224 2224 2230 2230 2224 2224 2226 2226 2230 2230 2230 2230 2231 2231 2232 2232 2233 2233 2228 2228 2234 2234 2235 2235 2233 2233 2234 2234 2236 2236 2229 2229 2237 2237 2222 2222 2236 2236 2237 2237 2223 2223 2222 2222 2237 2237 2229 2229 2230 2230 2237 2237 2228 2228 2223 2223 2237 2237 2230 2230 2232 2232 2237 2237 2238 2238 2234 2234 2239 2239 2240 2240 2238 2238 2239 2239 2241 2241 2242 2242 2243 2243 2237 2237 2241 2241 2243 2243 2244 2244 2239 2239 2245 2245 2228 2228 2237 2237 2245 2245 2234 2234 2228 2228 2245 2245 2237 2237 2243 2243 2245 2245 2239 2239 2234 2234 2245 2245</p>
        </triangles>
      </mesh>
    </geometry>
  </library_geometries>
  <library_materials>
    <material id="eca82971881148d38de65cc3cd2f9043" name="pbrmaterial">
      <instance_effect url="#62d5c45106964a68800de1403fe0911f"/>
    </material>
  </library_materials>
  <library_visual_scenes>
    <visual_scene id="scene">
      <node id="node0" name="node0">
        <instance_geometry url="#5d44e9a214b244f59e6e709124568057">
          <bind_material>
            <technique_common>
              <instance_material symbol="material0" target="#eca82971881148d38de65cc3cd2f9043"/>
            </technique_common>
          </bind_material>
        </instance_geometry>
      </node>
    </visual_scene>
  </library_visual_scenes>
  <scene>
    <instance_visual_scene url="#scene"/>
  </scene>
</COLLADA>
