<COLLADA xmlns="http://www.collada.org/2005/11/COLLADASchema" version="1.4.1">
  <asset>
    <created>2026-09-03T15:32:12.706471</created>
    <modified>2026-09-03T15:32:12.706473</modified>
    <up_axis>Y_UP</up_axis>
  </asset>
  <library_effects>
    <effect id="73aa4e21fe034a728ea70c88ce04cd3f" name="73aa4e21fe034a728ea70c88ce04cd3f">
      <profile_COMMON>
        <technique sid="common">
          <phong>
            <emission>
              <color>0.0 0.0 0.0 1.0</color>
            </emission>
            <ambient>
              <color>0.0 0.0 0.0 1.0</color>
            </ambient>
            <diffuse>
              <color>0.0784313725490196 0.0784313725490196 0.0784313725490196 1.0</color>
            </diffuse>
            <specular>
              <color>1.0 1.0 1.0 1.0</color>
            </specular>
            <shininess>
              <float>0.3125</float>
            </shininess>
            <reflective>
              <color>0.0 0.0 0.0 1.0</color>
            </reflective>
            <reflectivity>
              <float>0.0</float>
            </reflectivity>
            <transparent>
              <color>0.0 0.0 0.0 1.0</color>
            </transparent>
            <transparency>
              <float>1.0</float>
            </transparency>
          </phong>
        </technique>
        <extra>
          <technique profile="GOOGLEEARTH">
            <double_sided>0</double_sided>
          </technique>
        </extra>
      </profile_COMMON>
    </effect>
  </library_effects>
  <library_geometries>
    <geometry id="396e69e743644cac97d86f3910224fae" name="3952bbffdffa4bad998ed8e265eeddde">
      <mesh>
        <source id="verts-array">
          <float_array count="5070" id="verts-array-array">0.012 0.01670278 0.01980951 0.012 0.01651712 0.02008076 0.017 0.01665698 0.01986347 0.017 0.01649326 0.02013063 0.012 0.01695273 0.01959603 0.017 0.01688199 0.01964542 0.01198571 0.01871382 0.02001857 0.01199775 0.01858302 0.01983321 0.017 0.01858302 0.01983321 0.012 0.01724968 0.01945509 0.017 0.01715416 0.01949017 0.01196386 0.01881153 0.02022983 0.017 0.01875505 0.0200951 0.012 0.01757312 0.01939643 0.017 0.01745639 0.01940749 0.01192728 0.01887423 0.02050419 0.017 0.01885654 0.02039154 0.012 0.01790065 0.01942412 0.017 0.01776968 0.01940257 0.01188699 0.01887559 0.02077617 0.017 0.01888113 0.02070391 0.012 0.01820965 0.01953623 0.017 0.01807436 0.01947572 0.01184806 0.01881648 0.02104505 0.017 0.01882726 0.02101257 0.012 0.01847874 0.01972502 0.017 0.01835127 0.01962233 0.01180146 0.01852382 0.02152118 0.01181721 0.01869651 0.02130081 0.017 0.01869831 0.02129815 0.01180327 0.0183125 0.02169356 0.017 0.01850241 0.02154268 0.01182232 0.01806085 0.0218193 0.017 0.01825184 0.02173081 0.01185551 0.01778676 0.02188514 0.017 0.01796236 0.02185072 0.01189498 0.01751421 0.0218894 0.017 0.01765215 0.02189487 0.017 0.01734071 0.02186048 0.01193518 0.01724542 0.02183327 0.017 0.0170476 0.02174973 0.01197 0.01698869 0.02171633 0.017 0.01679125 0.02156956 0.01199248 0.01676636 0.02154602 0.017 0.01658776 0.0213313 0.012 0.01659146 0.0213369 0.012 0.01644709 0.0210416 0.017 0.01644991 0.02104992 0.012 0.0163847 0.02071887 0.017 0.01638637 0.0207431 0.012 0.01640859 0.02039103 0.017 0.01640113 0.02043011 -0.017 0.01715416 0.01949017 -0.017 0.01688199 0.01964542 -0.012 0.01695273 0.01959603 -0.012 0.01670278 0.01980951 -0.017 0.01745639 0.01940749 -0.012 0.01724968 0.01945509 -0.017 0.01875505 0.0200951 -0.017 0.01858302 0.01983321 -0.01198173 0.0187383 0.02006285 -0.01199775 0.01858302 0.01983321 -0.017 0.01776968 0.01940257 -0.012 0.01757312 0.01939643 -0.017 0.01885654 0.02039154 -0.01195165 0.01884141 0.02032738 -0.017 0.01807436 0.01947572 -0.012 0.01790065 0.01942412 -0.017 0.01888113 0.02070391 -0.01191252 0.01888166 0.02060522 -0.017 0.01835127 0.01962233 -0.012 0.01820965 0.01953623 -0.017 0.01882726 0.02101257 -0.01187217 0.01886079 0.02087591 -0.012 0.01847874 0.01972502 -0.017 0.01869831 0.02129815 -0.011835 0.01877836 0.02114435 -0.017 0.01850241 0.02154268 -0.01180923 0.01863571 0.02139021 -0.017 0.01825184 0.02173081 -0.0118 0.01844675 0.02159345 -0.017 0.01796236 0.02185072 -0.01180881 0.0182175 0.02174932 -0.01183422 0.01795295 0.02185318 -0.017 0.01765215 0.02189487 -0.01187123 0.01767493 0.02189408 -0.017 0.01734071 0.02186048 -0.01191156 0.01740419 0.02187378 -0.0119508 0.01713583 0.02179201 -0.017 0.0170476 0.02174973 -0.01198117 0.01688988 0.02165011 -0.017 0.01679125 0.02156956 -0.017 0.01658776 0.0213313 -0.01199534 0.01672556 0.0215051 -0.017 0.01644991 0.02104992 -0.012 0.01659146 0.0213369 -0.012 0.01644709 0.0210416 -0.017 0.01638637 0.0207431 -0.017 0.01640113 0.02043011 -0.012 0.0163847 0.02071887 -0.017 0.01649326 0.02013063 -0.012 0.01640859 0.02039103 -0.017 0.01665698 0.01986347 -0.012 0.01651712 0.02008076 0.012 0.01161136 0.01256384 0.017 0.01130913 0.01264652 0.017 0.01161136 0.01256384 0.012 0.01222933 0.01263206 0.012 0.01192465 0.01255892 0.017 0.01192465 0.01255892 0.012 0.01291002 0.01325144 0.012 0.01273799 0.01298956 0.017 0.01273799 0.01298956 0.012 0.01250624 0.01277868 0.017 0.01222933 0.01263206 0.012 0.01301151 0.01354788 0.017 0.01291002 0.01325144 0.017 0.01250624 0.01277868 0.012 0.01303609 0.01386025 0.017 0.01301151 0.01354788 0.012 0.01298222 0.01416892 0.017 0.01303609 0.01386025 0.012 0.01285328 0.01445449 0.017 0.01298222 0.01416892 0.012 0.01265737 0.01469903 0.017 0.01285328 0.01445449 0.012 0.01240681 0.01488716 0.017 0.01265737 0.01469903 0.012 0.01211732 0.01500707 0.017 0.01240681 0.01488716 0.012 0.01180712 0.01505121 0.017 0.01211732 0.01500707 0.012 0.01149568 0.01501683 0.017 0.01180712 0.01505121 0.012 0.01120257 0.01490608 0.017 0.01149568 0.01501683 0.012 0.01094622 0.01472591 0.017 0.01120257 0.01490608 0.017 0.01094622 0.01472591 0.012 0.01074272 0.01448765 0.017 0.01074272 0.01448765 0.012 0.01060488 0.01420627 0.017 0.01060488 0.01420627 0.012 0.01054134 0.01389944 0.012 0.0105561 0.01358646 0.017 0.01054134 0.01389944 0.012 0.01064823 0.01328698 0.017 0.0105561 0.01358646 0.012 0.01081194 0.01301981 0.017 0.01064823 0.01328698 0.012 0.01103696 0.01280176 0.017 0.01081194 0.01301981 0.012 0.01130913 0.01264652 0.017 0.01103696 0.01280176 -0.017 0.01103696 0.01280176 -0.017 0.01081194 0.01301981 -0.012 0.01103696 0.01280176 -0.012 0.01081194 0.01301981 -0.017 0.01130913 0.01264652 -0.012 0.01130913 0.01264652 -0.017 0.01161136 0.01256384 -0.012 0.01161136 0.01256384 -0.017 0.01291002 0.01325144 -0.017 0.01273799 0.01298956 -0.012 0.01291002 0.01325144 -0.012 0.01273799 0.01298956 -0.017 0.01192465 0.01255892 -0.012 0.01192465 0.01255892 -0.017 0.01301151 0.01354788 -0.012 0.01301151 0.01354788 -0.017 0.01222933 0.01263206 -0.012 0.01222933 0.01263206 -0.017 0.01303609 0.01386025 -0.012 0.01303609 0.01386025 -0.017 0.01250624 0.01277868 -0.012 0.01250624 0.01277868 -0.017 0.01298222 0.01416892 -0.012 0.01298222 0.01416892 -0.017 0.01285328 0.01445449 -0.012 0.01285328 0.01445449 -0.017 0.01265737 0.01469903 -0.012 0.01265737 0.01469903 -0.017 0.01240681 0.01488716 -0.012 0.01240681 0.01488716 -0.017 0.01211732 0.01500707 -0.012 0.01211732 0.01500707 -0.017 0.01180712 0.01505121 -0.012 0.01180712 0.01505121 -0.017 0.01149568 0.01501683 -0.012 0.01149568 0.01501683 -0.017 0.01120257 0.01490608 -0.012 0.01120257 0.01490608 -0.012 0.01094622 0.01472591 -0.017 0.01094622 0.01472591 -0.012 0.01074272 0.01448765 -0.017 0.01074272 0.01448765 -0.012 0.01060488 0.01420627 -0.017 0.01060488 0.01420627 -0.017 0.01054134 0.01389944 -0.012 0.01054134 0.01389944 -0.017 0.0105561 0.01358646 -0.012 0.0105561 0.01358646 -0.017 0.01064823 0.01328698 -0.012 0.01064823 0.01328698 0.0075 0.03739029 0.0409723 -0.0075 0.03739029 0.0409723 -0.0075 0.03799964 0.04111859 0.0075 0.0367637 0.04098214 0.0075 0.03901697 0.04183358 -0.0075 0.03901697 0.04183358 -0.0075 0.03936102 0.04235735 0.0075 0.03799964 0.04111859 -0.0075 0.03855347 0.04141183 0.0075 0.03936102 0.04235735 -0.0075 0.03956401 0.04295023 0.0075 0.03855347 0.04141183 0.0075 0.03956401 0.04295023 -0.0075 0.03961318 0.04357497 0.0075 0.03961318 0.04357497 -0.0075 0.03950544 0.0441923 0.0075 0.03950544 0.0441923 -0.0075 0.03924756 0.04476345 0.0075 0.03924756 0.04476345 -0.0075 0.03885574 0.04525252 0.0075 0.03885574 0.04525252 -0.0075 0.0383546 0.04562878 0.0075 0.0383546 0.04562878 -0.0075 0.03777564 0.04586859 0.0075 0.03777564 0.04586859 -0.0075 0.03715522 0.04595689 0.0075 0.03715522 0.04595689 -0.0075 0.03653234 0.04588813 0.0075 0.03653234 0.04588813 -0.0075 0.03594613 0.04566662 0.0075 0.03594613 0.04566662 -0.0075 0.03543342 0.04530628 0.0075 0.03543342 0.04530628 -0.0075 0.03502644 0.04482976 0.0075 0.03502644 0.04482976 -0.0075 0.03475074 0.04426699 0.0075 0.03475074 0.04426699 -0.0075 0.03462366 0.04365335 0.0075 0.03462366 0.04365335 -0.0075 0.03465318 0.04302738 0.0075 0.03465318 0.04302738 -0.0075 0.03483745 0.04242842 0.0075 0.03483745 0.04242842 -0.0075 0.03516488 0.04189409 0.0075 0.03516488 0.04189409 -0.0075 0.03561491 0.04145799 0.0075 0.03561491 0.04145799 -0.0075 0.03615925 0.0411475 0.0075 0.03615925 0.0411475 -0.0075 0.0367637 0.04098214 -0.012 0.03567495 0.04153796 -0.0127 0.03524292 0.04195662 -0.0127 0.03567495 0.04153796 -0.0127 0.03619752 0.04123989 -0.012 0.03524292 0.04195662 -0.012 0.03619752 0.04123989 -0.012 0.03677779 0.04108114 -0.0127 0.03677779 0.04108114 -0.0127 0.03737932 0.04107169 -0.012 0.03927122 0.04240135 -0.0127 0.03894093 0.04189853 -0.0127 0.03927122 0.04240135 -0.012 0.03894093 0.04189853 -0.012 0.03737932 0.04107169 -0.012 0.03946609 0.04297051 -0.0127 0.03946609 0.04297051 -0.012 0.0379643 0.04121214 -0.0127 0.0379643 0.04121214 -0.012 0.03951329 0.04357026 -0.0127 0.03951329 0.04357026 -0.012 0.03849597 0.04149364 -0.0127 0.03849597 0.04149364 -0.012 0.03940986 0.0441629 -0.0127 0.03940986 0.0441629 -0.0127 0.03916229 0.0447112 -0.012 0.03916229 0.0447112 -0.012 0.03878615 0.0451807 -0.0127 0.03878615 0.0451807 -0.012 0.03830506 0.04554192 -0.0127 0.03830506 0.04554192 -0.012 0.03774925 0.04577214 -0.0127 0.03774925 0.04577214 -0.012 0.03715365 0.0458569 -0.0127 0.03715365 0.0458569 -0.012 0.03655569 0.04579089 -0.0127 0.03655569 0.04579089 -0.012 0.03599292 0.04557824 -0.0127 0.03599292 0.04557824 -0.012 0.03550073 0.04523232 -0.0127 0.03550073 0.04523232 -0.012 0.03511002 0.04477486 -0.0127 0.03511002 0.04477486 -0.012 0.03484535 0.0442346 -0.0127 0.03484535 0.0442346 -0.012 0.03472335 0.0436455 -0.0127 0.03472335 0.0436455 -0.012 0.03475169 0.04304457 -0.0127 0.03475169 0.04304457 -0.0127 0.03492859 0.04246957 -0.012 0.03492859 0.04246957 -0.0127 0.03615925 0.0411475 -0.0135 0.03615925 0.0411475 -0.0135 0.0367637 0.04098214 -0.0127 0.03561491 0.04145799 -0.0127 0.0367637 0.04098214 -0.0127 0.03739029 0.0409723 -0.0135 0.03739029 0.0409723 -0.0127 0.03936102 0.04235735 -0.0135 0.03901697 0.04183358 -0.0135 0.03936102 0.04235735 -0.0127 0.03901697 0.04183358 -0.0127 0.03799964 0.04111859 -0.0135 0.03799964 0.04111859 -0.0127 0.03956401 0.04295023 -0.0135 0.03956401 0.04295023 -0.0127 0.03855347 0.04141183 -0.0135 0.03855347 0.04141183 -0.0127 0.03961318 0.04357497 -0.0135 0.03961318 0.04357497 -0.0127 0.03950544 0.0441923 -0.0135 0.03950544 0.0441923 -0.0127 0.03924756 0.04476345 -0.0135 0.03924756 0.04476345 -0.0127 0.03885574 0.04525252 -0.0135 0.03885574 0.04525252 -0.0135 0.0383546 0.04562878 -0.0127 0.0383546 0.04562878 -0.0135 0.03777564 0.04586859 -0.0127 0.03777564 0.04586859 -0.0127 0.03715522 0.04595689 -0.0135 0.03715522 0.04595689 -0.0135 0.03653234 0.04588813 -0.0127 0.03653234 0.04588813 -0.0127 0.03594613 0.04566662 -0.0135 0.03594613 0.04566662 -0.0135 0.03543342 0.04530628 -0.0127 0.03543342 0.04530628 -0.0135 0.03502644 0.04482976 -0.0127 0.03502644 0.04482976 -0.0135 0.03475074 0.04426699 -0.0127 0.03475074 0.04426699 -0.0135 0.03462366 0.04365335 -0.0127 0.03462366 0.04365335 -0.0127 0.03465318 0.04302738 -0.0135 0.03465318 0.04302738 -0.0135 0.03483745 0.04242842 -0.0127 0.03483745 0.04242842 -0.0127 0.03516488 0.04189409 -0.0135 0.03516488 0.04189409 -0.0135 0.03561491 0.04145799 0.0127 0.03619752 0.04123989 0.012 0.03619752 0.04123989 0.012 0.03677779 0.04108114 0.0127 0.03567495 0.04153796 0.0127 0.03677779 0.04108114 0.012 0.03737932 0.04107169 0.0127 0.03737932 0.04107169 0.012 0.0379643 0.04121214 0.0127 0.03927122 0.04240135 0.012 0.03894093 0.04189853 0.012 0.03927122 0.04240135 0.0127 0.03894093 0.04189853 0.0127 0.0379643 0.04121214 0.012 0.03849597 0.04149364 0.0127 0.03946609 0.04297051 0.012 0.03946609 0.04297051 0.0127 0.03849597 0.04149364 0.0127 0.03951329 0.04357026 0.012 0.03951329 0.04357026 0.0127 0.03940986 0.0441629 0.012 0.03940986 0.0441629 0.0127 0.03916229 0.0447112 0.012 0.03916229 0.0447112 0.0127 0.03878615 0.0451807 0.012 0.03878615 0.0451807 0.0127 0.03830506 0.04554192 0.012 0.03830506 0.04554192 0.012 0.03774925 0.04577214 0.0127 0.03774925 0.04577214 0.0127 0.03715365 0.0458569 0.012 0.03715365 0.0458569 0.0127 0.03655569 0.04579089 0.012 0.03655569 0.04579089 0.012 0.03599292 0.04557824 0.0127 0.03599292 0.04557824 0.0127 0.03550073 0.04523232 0.012 0.03550073 0.04523232 0.012 0.03511002 0.04477486 0.0127 0.03511002 0.04477486 0.012 0.03484535 0.0442346 0.0127 0.03484535 0.0442346 0.0127 0.03472335 0.0436455 0.012 0.03472335 0.0436455 0.0127 0.03475169 0.04304457 0.012 0.03475169 0.04304457 0.012 0.03492859 0.04246957 0.0127 0.03492859 0.04246957 0.012 0.03524292 0.04195662 0.0127 0.03524292 0.04195662 0.012 0.03567495 0.04153796 0.0135 0.03615925 0.0411475 0.0127 0.03561491 0.04145799 0.0127 0.03615925 0.0411475 0.0135 0.03561491 0.04145799 0.0135 0.0367637 0.04098214 0.0127 0.0367637 0.04098214 0.0127 0.03739029 0.0409723 0.0135 0.03936102 0.04235735 0.0127 0.03901697 0.04183358 0.0127 0.03936102 0.04235735 0.0135 0.03739029 0.0409723 0.0135 0.03901697 0.04183358 0.0135 0.03799964 0.04111859 0.0127 0.03799964 0.04111859 0.0135 0.03956401 0.04295023 0.0127 0.03956401 0.04295023 0.0127 0.03961318 0.04357497 0.0135 0.03855347 0.04141183 0.0127 0.03855347 0.04141183 0.0135 0.03961318 0.04357497 0.0127 0.03950544 0.0441923 0.0135 0.03950544 0.0441923 0.0127 0.03924756 0.04476345 0.0135 0.03924756 0.04476345 0.0135 0.03885574 0.04525252 0.0127 0.03885574 0.04525252 0.0127 0.0383546 0.04562878 0.0135 0.0383546 0.04562878 0.0135 0.03777564 0.04586859 0.0127 0.03777564 0.04586859 0.0127 0.03715522 0.04595689 0.0135 0.03715522 0.04595689 0.0135 0.03653234 0.04588813 0.0127 0.03653234 0.04588813 0.0135 0.03594613 0.04566662 0.0127 0.03594613 0.04566662 0.0135 0.03543342 0.04530628 0.0127 0.03543342 0.04530628 0.0135 0.03502644 0.04482976 0.0127 0.03502644 0.04482976 0.0135 0.03475074 0.04426699 0.0127 0.03475074 0.04426699 0.0127 0.03462366 0.04365335 0.0135 0.03462366 0.04365335 0.0135 0.03465318 0.04302738 0.0127 0.03465318 0.04302738 0.0127 0.03483745 0.04242842 0.0135 0.03483745 0.04242842 0.0135 0.03516488 0.04189409 0.0127 0.03516488 0.04189409 -0.012 0.03916133 0.04489471 -0.012 0.03916229 0.0447112 -0.012 0.03878615 0.0451807 -0.012 0.03873958 0.04535822 -0.012 0.03754578 0.04099443 -0.012 0.03691981 0.04096491 -0.012 0.03737932 0.04107169 -0.012 0.03511002 0.04477486 -0.012 0.03494438 0.04469585 -0.012 0.03532064 0.04519698 -0.012 0.03677779 0.04108114 -0.012 0.03550073 0.04523232 -0.012 0.03814474 0.04117869 -0.012 0.0379643 0.04121214 -0.012 0.03830506 0.04554192 -0.012 0.03630616 0.04109199 -0.012 0.0382158 0.04570227 -0.012 0.03619752 0.04123989 -0.012 0.03867906 0.04150612 -0.012 0.03849597 0.04149364 -0.012 0.03580971 0.0455888 -0.012 0.03599292 0.04557824 -0.012 0.0357434 0.04136768 -0.012 0.03774925 0.04577214 -0.012 0.03567495 0.04153796 -0.012 0.03894093 0.04189853 -0.012 0.03762292 0.04590526 -0.012 0.03715365 0.0458569 -0.012 0.03655569 0.04579089 -0.012 0.03638086 0.04584668 -0.012 0.03911517 0.04195615 -0.012 0.03699819 0.04595443 -0.012 0.03526688 0.04177467 -0.012 0.03524292 0.04195662 -0.012 0.03927122 0.04240135 -0.012 0.03942565 0.04250049 -0.012 0.03490654 0.04228738 -0.012 0.03492859 0.04246957 -0.012 0.03946609 0.04297051 -0.012 0.03959102 0.04310495 -0.012 0.03468503 0.04287359 -0.012 0.03475169 0.04304457 -0.012 0.03951329 0.04357026 -0.012 0.03960086 0.04373154 -0.012 0.03461626 0.04349647 -0.012 0.03472335 0.0436455 -0.012 0.03940986 0.0441629 -0.012 0.03945457 0.04434089 -0.012 0.03470456 0.04411688 -0.012 0.03484535 0.0442346 0.012 0.03599292 0.04557824 0.012 0.03555285 0.04540828 0.012 0.03550073 0.04523232 0.012 0.03961565 0.04341793 0.012 0.03954688 0.04404081 0.012 0.03951329 0.04357026 0.012 0.03601611 0.04121213 0.012 0.03619752 0.04123989 0.012 0.03567495 0.04153796 0.012 0.03549234 0.04155619 0.012 0.03511674 0.04495825 0.012 0.03940986 0.0441629 0.012 0.03952735 0.04279752 0.012 0.03946609 0.04297051 0.012 0.03511002 0.04477486 0.012 0.03524292 0.04195662 0.012 0.03932537 0.04462703 0.012 0.03507058 0.04201969 0.012 0.03916229 0.0447112 0.012 0.03928753 0.04221855 0.012 0.03927122 0.04240135 0.012 0.03480626 0.04441391 0.012 0.03484535 0.0442346 0.012 0.03896503 0.04513973 0.012 0.03492859 0.04246957 0.012 0.03878615 0.0451807 0.012 0.03894093 0.04189853 0.012 0.03475169 0.04304457 0.012 0.03477735 0.04257351 0.012 0.03891127 0.04171742 0.012 0.03848851 0.04554672 0.012 0.03472335 0.0436455 0.012 0.0346409 0.04380945 0.012 0.03463105 0.04318287 0.012 0.03830506 0.04554192 0.012 0.03849597 0.04149364 0.012 0.0384222 0.0413256 0.012 0.03792575 0.04582241 0.012 0.03774925 0.04577214 0.012 0.0379643 0.04121214 0.012 0.03785106 0.04106772 0.012 0.0373121 0.04594949 0.012 0.03715365 0.0458569 0.012 0.03737932 0.04107169 0.012 0.03723372 0.04095998 0.012 0.03668613 0.04591997 0.012 0.03655569 0.04579089 0.012 0.03677779 0.04108114 0.012 0.03660899 0.04100914 0.012 0.03608717 0.04573571 -0.017 0.01192465 0.01255892 -0.017 0.01308482 0.006081738 -0.017 0.01161136 0.01256384 -0.017 0.01222933 0.01263206 -0.017 0.01265737 0.01469903 -0.017 0.01240681 0.01488716 -0.017 0.01665698 0.01986347 -0.017 0.01130913 0.01264652 -0.017 0.01688199 0.01964542 -0.017 0.01250624 0.01277868 -0.017 0.01649326 0.02013063 -0.017 0.01103696 0.01280176 -0.017 0.01211732 0.01500707 -0.017 0.01273799 0.01298956 -0.017 0.01640113 0.02043011 -0.017 0.01180712 0.01505121 -0.017 0.01291002 0.01325144 -0.017 0.01638637 0.0207431 -0.017 0.01149568 0.01501683 -0.017 0.01301151 0.01354788 -0.017 0.01120257 0.01490608 -0.017 0.003959946 0.01387511 -0.017 0.01644991 0.02104992 -0.017 0.01658776 0.0213313 -0.017 0.01060488 0.01420627 -0.017 0.01054134 0.01389944 -0.017 0.0105561 0.01358646 -0.017 0.01064823 0.01328698 -0.017 0.01081194 0.01301981 -0.017 0.01858302 0.01983321 -0.017 0.01875505 0.0200951 -0.017 0.02716334 0.02256557 -0.017 0.01885654 0.02039154 -0.017 0.01888113 0.02070391 -0.017 0.01882726 0.02101257 -0.017 0.01074272 0.01448765 -0.017 0.01869831 0.02129815 -0.017 0.01850241 0.02154268 -0.017 0.01835127 0.01962233 -0.017 0.01094622 0.01472591 -0.017 0.01825184 0.02173081 -0.017 0.01803846 0.03035894 -0.017 0.01796236 0.02185072 -0.017 0.01765215 0.02189487 -0.017 0.01734071 0.02186048 -0.017 0.0170476 0.02174973 -0.017 0.01679125 0.02156956 -0.017 0.01303609 0.01386025 -0.017 0.01776968 0.01940257 -0.017 0.01745639 0.01940749 -0.017 0.01298222 0.01416892 -0.017 0.01807436 0.01947572 -0.017 0.01285328 0.01445449 -0.017 0.01715416 0.01949017 -0.012 0.0004707546 -0.005981504 -0.012 -0.0003140157 -0.005991777 -0.0195 0.0004707546 -0.005981504 -0.012 0.00124747 -0.005868886 -0.0195 0.00124747 -0.005868886 -0.0195 0.002002841 -0.005655849 -0.012 -0.005032023 0.003267834 -0.012 -0.004562436 0.003896688 -0.0195 -0.004562436 0.003896688 -0.0195 -0.005032023 0.003267834 -0.012 0.002002841 -0.005655849 -0.012 0.002723943 -0.005346039 -0.0195 0.002723943 -0.005346039 -0.012 -0.005415512 0.002583067 -0.0195 -0.005415512 0.002583067 -0.012 0.003398437 -0.004944757 -0.0195 0.003398437 -0.004944757 -0.0195 0.004014784 -0.004458869 -0.012 -0.005706339 0.001854102 -0.0195 -0.005706339 0.001854102 -0.012 0.004014784 -0.004458869 -0.0195 0.004562436 -0.003896688 -0.012 0.004562436 -0.003896688 -0.012 -0.005899529 0.001093413 -0.0195 -0.005899529 0.001093413 -0.012 -0.005991777 0.0003140157 -0.0195 -0.005991777 0.0003140157 -0.012 -0.005981504 -0.0004707546 -0.0195 -0.005981504 -0.0004707546 -0.012 -0.005868886 -0.00124747 -0.0195 -0.005868886 -0.00124747 -0.012 -0.005655849 -0.002002841 -0.0195 -0.005655849 -0.002002841 -0.012 -0.005346039 -0.002723943 -0.0195 -0.005346039 -0.002723943 -0.012 -0.004944757 -0.003398437 -0.0195 -0.004944757 -0.003398437 -0.012 -0.004458869 -0.004014784 -0.0195 -0.004458869 -0.004014784 -0.012 -0.003896688 -0.004562436 -0.0195 -0.003896688 -0.004562436 -0.012 -0.003267834 -0.005032023 -0.0195 -0.003267834 -0.005032023 -0.0195 -0.002583067 -0.005415512 -0.012 -0.002583067 -0.005415512 -0.012 -0.001854102 -0.005706339 -0.0195 -0.001854102 -0.005706339 -0.0195 -0.001093413 -0.005899529 -0.012 -0.001093413 -0.005899529 -0.0195 -0.0003140157 -0.005991777 -0.0075 0.0366452 0.0494387 -0.012 0.03742997 0.04944898 -0.012 0.0366452 0.0494387 -0.0075 0.03742997 0.04944898 -0.0075 0.03586849 0.04932609 -0.012 0.03586849 0.04932609 -0.0075 0.04167839 0.03956051 -0.012 0.04167839 0.03956051 -0.012 0.04214798 0.04018937 -0.0075 0.03511311 0.04911305 -0.012 0.03511311 0.04911305 -0.0075 0.04214798 0.04018937 -0.012 0.04253147 0.04087413 -0.0075 0.03439201 0.04880324 -0.012 0.03439201 0.04880324 -0.0075 0.04253147 0.04087413 -0.012 0.0428223 0.0416031 -0.0075 0.03371752 0.04840196 -0.012 0.03371752 0.04840196 -0.0075 0.0428223 0.0416031 -0.012 0.04301549 0.04236379 -0.0075 0.03310117 0.04791607 -0.012 0.03310117 0.04791607 -0.0075 0.04301549 0.04236379 -0.012 0.04310773 0.04314319 -0.0075 0.03255352 0.04735389 -0.012 0.03255352 0.04735389 -0.0075 0.04310773 0.04314319 -0.012 0.04309746 0.04392796 -0.0075 0.04309746 0.04392796 -0.0075 0.04298484 0.04470467 -0.012 0.04298484 0.04470467 -0.0075 0.0427718 0.04546004 -0.012 0.0427718 0.04546004 -0.0075 0.042462 0.04618114 -0.012 0.042462 0.04618114 -0.0075 0.04206071 0.04685564 -0.012 0.04206071 0.04685564 -0.0075 0.04157482 0.04747198 -0.012 0.04157482 0.04747198 -0.0075 0.04101264 0.04801964 -0.012 0.04101264 0.04801964 -0.0075 0.04038379 0.04848922 -0.012 0.04038379 0.04848922 -0.0075 0.03969902 0.04887271 -0.012 0.03969902 0.04887271 -0.0075 0.03897006 0.04916354 -0.012 0.03897006 0.04916354 -0.0075 0.03820937 0.04935673 -0.012 0.03820937 0.04935673 -0.0195 -0.001093413 -0.005899529 -0.0195 0.0004707546 -0.005981504 -0.0195 -0.0003140157 -0.005991777 -0.0195 -0.003267834 -0.005032023 -0.0195 -0.001854102 -0.005706339 -0.0195 -0.002583067 -0.005415512 -0.0195 0.004562436 -0.003896688 -0.0195 0.004014784 -0.004458869 -0.0195 0.003398437 -0.004944757 -0.0195 0.002723943 -0.005346039 -0.0195 0.002002841 -0.005655849 -0.0195 0.00124747 -0.005868886 -0.0195 -0.004944757 -0.003398437 -0.0195 -0.003896688 -0.004562436 -0.0195 -0.004458869 -0.004014784 -0.0195 -0.005868886 -0.00124747 -0.0195 -0.005346039 -0.002723943 -0.0195 -0.005655849 -0.002002841 -0.0195 -0.005991777 0.0003140157 -0.0195 -0.005981504 -0.0004707546 -0.0195 -0.005899529 0.001093413 -0.0195 -0.005032023 0.003267834 -0.0195 -0.005706339 0.001854102 -0.0195 -0.005415512 0.002583067 -0.0195 -0.004562436 0.003896688 -0.0195 0.0001315058 0.009392588 -0.0195 0.009256377 0.001599211 0.0195 -0.0003140157 -0.005991777 0.0195 0.0004707546 -0.005981504 0.0195 -0.001093413 -0.005899529 0.0195 -0.002583067 -0.005415512 0.0195 -0.001854102 -0.005706339 0.0195 -0.003267834 -0.005032023 0.0195 0.003398437 -0.004944757 0.0195 0.004014784 -0.004458869 0.0195 0.004562436 -0.003896688 0.0195 0.002723943 -0.005346039 0.0195 0.002002841 -0.005655849 0.0195 0.00124747 -0.005868886 0.0195 -0.003896688 -0.004562436 0.0195 -0.004944757 -0.003398437 0.0195 -0.004458869 -0.004014784 0.0195 -0.005346039 -0.002723943 0.0195 -0.005655849 -0.002002841 0.0195 -0.005868886 -0.00124747 0.0195 -0.005981504 -0.0004707546 0.0195 -0.005991777 0.0003140157 0.0195 -0.005899529 0.001093413 0.0195 -0.005706339 0.001854102 0.0195 -0.005032023 0.003267834 0.0195 -0.005415512 0.002583067 0.0195 -0.004562436 0.003896688 0.0195 0.009256377 0.001599211 0.0195 0.0001315058 0.009392588 0.0195 0.0004707546 -0.005981504 0.0195 -0.0003140157 -0.005991777 0.012 -0.0003140157 -0.005991777 0.0195 0.00124747 -0.005868886 0.012 0.0004707546 -0.005981504 0.012 0.00124747 -0.005868886 0.0195 -0.004562436 0.003896688 0.012 -0.004562436 0.003896688 0.012 -0.005032023 0.003267834 0.0195 0.002002841 -0.005655849 0.012 0.002002841 -0.005655849 0.0195 -0.005032023 0.003267834 0.012 -0.005415512 0.002583067 0.0195 0.002723943 -0.005346039 0.012 0.002723943 -0.005346039 0.0195 -0.005415512 0.002583067 0.012 -0.005706339 0.001854102 0.0195 0.003398437 -0.004944757 0.012 0.003398437 -0.004944757 0.0195 -0.005706339 0.001854102 0.012 -0.005899529 0.001093413 0.0195 0.004014784 -0.004458869 0.012 0.004014784 -0.004458869 0.0195 0.004562436 -0.003896688 0.012 0.004562436 -0.003896688 0.0195 -0.005899529 0.001093413 0.012 -0.005991777 0.0003140157 0.0195 -0.005991777 0.0003140157 0.012 -0.005981504 -0.0004707546 0.0195 -0.005981504 -0.0004707546 0.012 -0.005868886 -0.00124747 0.0195 -0.005868886 -0.00124747 0.012 -0.005655849 -0.002002841 0.0195 -0.005655849 -0.002002841 0.0195 -0.005346039 -0.002723943 0.012 -0.005346039 -0.002723943 0.0195 -0.004944757 -0.003398437 0.012 -0.004944757 -0.003398437 0.0195 -0.004458869 -0.004014784 0.012 -0.004458869 -0.004014784 0.0195 -0.003896688 -0.004562436 0.012 -0.003896688 -0.004562436 0.0195 -0.003267834 -0.005032023 0.012 -0.003267834 -0.005032023 0.0195 -0.002583067 -0.005415512 0.012 -0.002583067 -0.005415512 0.0195 -0.001854102 -0.005706339 0.012 -0.001854102 -0.005706339 0.0195 -0.001093413 -0.005899529 0.012 -0.001093413 -0.005899529 -0.0095 0.01578485 0.0277203 -0.0161687 0.01983145 0.03245826 -0.0165265 0.01941781 0.03197395 0.0059 0.02114189 0.03399258 0.005128221 0.02093427 0.03374949 0.007 0.0162199 0.02822968 0.0043 0.02086346 0.03366658 0.008294095 0.01610925 0.02810013 0.017 0.01803846 0.03035894 0.01182963 0.01381311 0.02541169 0.012 0.01297266 0.02442765 0.012 0.03255352 0.04735389 0.0075 0.03255352 0.04735389 0.012 0.02294169 0.03609988 -0.0075 0.03255352 0.04735389 -0.012 0.03255352 0.04735389 -0.0075 0.02294169 0.03609988 -0.01678767 0.01897472 0.03145515 -0.0043 0.02086346 0.03366658 -0.01694663 0.01851164 0.03091296 -0.017 0.01803846 0.03035894 -0.01133013 0.01459628 0.02632866 -0.01053553 0.01526881 0.02711609 -0.01182963 0.01381311 0.02541169 -0.007390963 0.0224038 0.0354701 -0.012 0.02294169 0.03609988 0.017 0.003959946 0.01387511 -0.012 0.01297266 0.02442765 0.0195 -0.004562436 0.003896688 0.0195 0.0001315058 0.009392588 0.012 -0.004562436 0.003896688 0.01797561 0.00246592 0.01212584 0.01744682 0.002900726 0.01263493 0.01711373 0.00341082 0.01323217 -0.007071281 0.02190257 0.03488323 -0.01213589 0.02234249 0.0353983 -0.017 0.003959946 0.01387511 0.0075 0.02294169 0.03609988 0.007390963 0.0224038 0.0354701 -0.006562742 0.02147216 0.03437928 -0.01253203 0.02179418 0.03475632 0.01213589 0.02234249 0.0353983 0.01253203 0.02179418 0.03475632 0.007071281 0.02190257 0.03488323 0.006562742 0.02147216 0.03437928 -0.01711373 0.00341082 0.01323217 -0.012 -0.004562436 0.003896688 -0.01744682 0.002900726 0.01263493 0.01315477 0.02134333 0.03422844 -0.01797561 0.00246592 0.01212584 -0.0195 0.0001315058 0.009392588 -0.01880184 0.001786536 0.01133038 -0.0193223 0.0009895141 0.01039719 -0.01315477 0.02134333 0.03422844 -0.0195 -0.004562436 0.003896688 0.0193223 0.0009895141 0.01039719 0.01880184 0.001786536 0.01133038 -0.005128221 0.02093427 0.03374949 -0.007 0.0162199 0.02822968 -0.0059 0.02114189 0.03399258 -0.008294095 0.01610925 0.02810013 0.01694663 0.01851164 0.03091296 0.0095 0.01578485 0.0277203 0.01678767 0.01897472 0.03145515 0.0165265 0.01941781 0.03197395 0.0161687 0.01983145 0.03245826 0.01572191 0.02020682 0.03289776 0.01053553 0.01526881 0.02711609 0.01519567 0.0205359 0.03328307 0.01460121 0.02081167 0.03360595 0.01395122 0.02102824 0.03385951 0.01133013 0.01459628 0.02632866 -0.01395122 0.02102824 0.03385951 -0.01460121 0.02081167 0.03360595 -0.01519567 0.0205359 0.03328307 -0.01572191 0.02020682 0.03289776 0.012 0.0366452 0.0494387 0.012 0.03742997 0.04944898 0.0075 0.03742997 0.04944898 0.0075 0.0366452 0.0494387 0.012 0.03586849 0.04932609 0.012 0.04167839 0.03956051 0.0075 0.04167839 0.03956051 0.0075 0.04214798 0.04018937 0.0075 0.03586849 0.04932609 0.012 0.03511311 0.04911305 0.012 0.04214798 0.04018937 0.0075 0.04253147 0.04087413 0.0075 0.03511311 0.04911305 0.012 0.03439201 0.04880324 0.012 0.04253147 0.04087413 0.0075 0.0428223 0.0416031 0.0075 0.03439201 0.04880324 0.012 0.03371752 0.04840196 0.0075 0.03371752 0.04840196 0.012 0.0428223 0.0416031 0.0075 0.04301549 0.04236379 0.012 0.03310117 0.04791607 0.0075 0.03310117 0.04791607 0.012 0.04301549 0.04236379 0.0075 0.04310773 0.04314319 0.012 0.03255352 0.04735389 0.0075 0.03255352 0.04735389 0.012 0.04310773 0.04314319 0.0075 0.04309746 0.04392796 0.012 0.04309746 0.04392796 0.012 0.04298484 0.04470467 0.0075 0.04298484 0.04470467 0.012 0.0427718 0.04546004 0.0075 0.0427718 0.04546004 0.012 0.042462 0.04618114 0.0075 0.042462 0.04618114 0.012 0.04206071 0.04685564 0.0075 0.04206071 0.04685564 0.012 0.04157482 0.04747198 0.0075 0.04157482 0.04747198 0.012 0.04101264 0.04801964 0.0075 0.04101264 0.04801964 0.012 0.04038379 0.04848922 0.0075 0.04038379 0.04848922 0.012 0.03969902 0.04887271 0.0075 0.03969902 0.04887271 0.012 0.03897006 0.04916354 0.0075 0.03897006 0.04916354 0.012 0.03820937 0.04935673 0.0075 0.03820937 0.04935673 -0.012 0.004562436 -0.003896688 -0.01744682 0.0120256 0.004841552 -0.01711373 0.01253569 0.005438795 -0.0095 0.02490973 0.01992693 -0.01694663 0.02763651 0.02311958 -0.01678767 0.02809959 0.02366178 -0.017 0.01308482 0.006081738 0.0195 0.009256377 0.001599211 0.0195 0.004562436 -0.003896688 0.012 0.004562436 -0.003896688 -0.008294095 0.02523413 0.02030675 -0.01315477 0.0304682 0.02643506 -0.006562742 0.03059703 0.0265859 0.0193223 0.01011439 0.00260381 0.01880184 0.01091141 0.003537003 -0.007071281 0.03102744 0.02708985 -0.01253203 0.03091905 0.02696294 0.01797561 0.01159079 0.004332459 0.01253203 0.03091905 0.02696294 0.01315477 0.0304682 0.02643506 0.006562742 0.03059703 0.0265859 -0.01395122 0.03015311 0.02606614 0.008294095 0.02523413 0.02030675 0.01744682 0.0120256 0.004841552 -0.0165265 0.02854268 0.02418057 0.007 0.02534477 0.0204363 0.0059 0.03026676 0.02619921 -0.01213589 0.03146736 0.02760493 0.01711373 0.01253569 0.005438795 0.01213589 0.03146736 0.02760493 0.007071281 0.03102744 0.02708985 -0.007390963 0.03152867 0.02767672 0.017 0.01308482 0.006081738 -0.01460121 0.02993654 0.02581257 0.012 0.03206656 0.0283065 0.007390963 0.03152867 0.02767672 -0.0161687 0.02895632 0.02466488 -0.01519567 0.02966077 0.02548969 0.005128221 0.03005914 0.02595612 -0.01572191 0.02933169 0.02510439 0.012 0.02209753 0.01663427 0.01182963 0.02293798 0.01761831 0.017 0.02716334 0.02256557 0.0043 0.02998833 0.02587321 -0.012 0.03206656 0.0283065 0.0075 0.03206656 0.0283065 0.01133013 0.02372115 0.01853529 -0.0075 0.03206656 0.0283065 -0.0075 0.04167839 0.03956051 0.01053553 0.02439368 0.01932271 -0.012 0.04167839 0.03956051 -0.012 0.02209753 0.01663427 0.0095 0.02490973 0.01992693 0.0161687 0.02895632 0.02466488 0.0165265 0.02854268 0.02418057 -0.007 0.02534477 0.0204363 -0.0043 0.02998833 0.02587321 0.01678767 0.02809959 0.02366178 0.01694663 0.02763651 0.02311958 0.01572191 0.02933169 0.02510439 -0.005128221 0.03005914 0.02595612 0.01519567 0.02966077 0.02548969 0.012 0.04167839 0.03956051 0.01460121 0.02993654 0.02581257 -0.0059 0.03026676 0.02619921 0.01395122 0.03015311 0.02606614 -0.0195 0.004562436 -0.003896688 -0.0195 0.009256377 0.001599211 0.0075 0.04167839 0.03956051 -0.0193223 0.01011439 0.00260381 -0.01880184 0.01091141 0.003537003 -0.01797561 0.01159079 0.004332459 -0.01053553 0.02439368 0.01932271 -0.017 0.02716334 0.02256557 -0.01133013 0.02372115 0.01853529 -0.01182963 0.02293798 0.01761831 0.0043 0.02998833 0.02587321 -0.0043 0.02998833 0.02587321 0.0043 0.02086346 0.03366658 -0.0043 0.02086346 0.03366658 -0.0075 0.04167839 0.03956051 -0.0075 0.03855347 0.04141183 -0.0075 0.03799964 0.04111859 -0.0075 0.03777564 0.04586859 -0.0075 0.03820937 0.04935673 -0.0075 0.03715522 0.04595689 -0.0075 0.03742997 0.04944898 -0.0075 0.03739029 0.0409723 -0.0075 0.0366452 0.0494387 -0.0075 0.03653234 0.04588813 -0.0075 0.03586849 0.04932609 -0.0075 0.03511311 0.04911305 -0.0075 0.03594613 0.04566662 -0.0075 0.03439201 0.04880324 -0.0075 0.04309746 0.04392796 -0.0075 0.04298484 0.04470467 -0.0075 0.03961318 0.04357497 -0.0075 0.04310773 0.04314319 -0.0075 0.0427718 0.04546004 -0.0075 0.042462 0.04618114 -0.0075 0.03950544 0.0441923 -0.0075 0.03371752 0.04840196 -0.0075 0.04301549 0.04236379 -0.0075 0.03956401 0.04295023 -0.0075 0.03543342 0.04530628 -0.0075 0.0428223 0.0416031 -0.0075 0.03310117 0.04791607 -0.0075 0.03465318 0.04302738 -0.0075 0.03462366 0.04365335 -0.0075 0.03255352 0.04735389 -0.0075 0.03475074 0.04426699 -0.0075 0.03502644 0.04482976 -0.0075 0.03206656 0.0283065 -0.0075 0.04206071 0.04685564 -0.0075 0.04157482 0.04747198 -0.0075 0.03924756 0.04476345 -0.0075 0.0367637 0.04098214 -0.0075 0.03615925 0.0411475 -0.0075 0.03561491 0.04145799 -0.0075 0.04253147 0.04087413 -0.0075 0.03936102 0.04235735 -0.0075 0.04214798 0.04018937 -0.0075 0.02294169 0.03609988 -0.0075 0.03516488 0.04189409 -0.0075 0.03483745 0.04242842 -0.0075 0.04101264 0.04801964 -0.0075 0.03885574 0.04525252 -0.0075 0.03901697 0.04183358 -0.0075 0.04038379 0.04848922 -0.0075 0.03969902 0.04887271 -0.0075 0.0383546 0.04562878 -0.0075 0.03897006 0.04916354 0.0075 0.042462 0.04618114 0.0075 0.03924756 0.04476345 0.0075 0.04206071 0.04685564 0.0075 0.04157482 0.04747198 0.0075 0.03885574 0.04525252 0.0075 0.03543342 0.04530628 0.0075 0.03502644 0.04482976 0.0075 0.03255352 0.04735389 0.0075 0.03475074 0.04426699 0.0075 0.03462366 0.04365335 0.0075 0.04167839 0.03956051 0.0075 0.03206656 0.0283065 0.0075 0.03739029 0.0409723 0.0075 0.03465318 0.04302738 0.0075 0.02294169 0.03609988 0.0075 0.04101264 0.04801964 0.0075 0.0383546 0.04562878 0.0075 0.0367637 0.04098214 0.0075 0.03310117 0.04791607 0.0075 0.03799964 0.04111859 0.0075 0.04038379 0.04848922 0.0075 0.03615925 0.0411475 0.0075 0.03855347 0.04141183 0.0075 0.03594613 0.04566662 0.0075 0.03371752 0.04840196 0.0075 0.03561491 0.04145799 0.0075 0.03777564 0.04586859 0.0075 0.03969902 0.04887271 0.0075 0.04214798 0.04018937 0.0075 0.03901697 0.04183358 0.0075 0.03439201 0.04880324 0.0075 0.03897006 0.04916354 0.0075 0.03516488 0.04189409 0.0075 0.03653234 0.04588813 0.0075 0.03511311 0.04911305 0.0075 0.04253147 0.04087413 0.0075 0.03936102 0.04235735 0.0075 0.0428223 0.0416031 0.0075 0.03820937 0.04935673 0.0075 0.03715522 0.04595689 0.0075 0.03586849 0.04932609 0.0075 0.03483745 0.04242842 0.0075 0.03742997 0.04944898 0.0075 0.04301549 0.04236379 0.0075 0.03956401 0.04295023 0.0075 0.0366452 0.0494387 0.0075 0.04310773 0.04314319 0.0075 0.03961318 0.04357497 0.0075 0.04309746 0.04392796 0.0075 0.04298484 0.04470467 0.0075 0.03950544 0.0441923 0.0075 0.0427718 0.04546004 -0.012 0.01640859 0.02039103 -0.012 0.0163847 0.02071887 -0.012 0.01297266 0.02442765 -0.012 0.01644709 0.0210416 -0.012 0.01659146 0.0213369 -0.012 -0.004562436 0.003896688 -0.012 0.01074272 0.01448765 -0.012 0.01094622 0.01472591 -0.012 0.01120257 0.01490608 -0.012 0.01149568 0.01501683 -0.012 0.01180712 0.01505121 -0.012 0.01081194 0.01301981 -0.012 0.01064823 0.01328698 -0.012 0.0105561 0.01358646 -0.012 0.01054134 0.01389944 -0.012 0.00124747 -0.005868886 -0.012 0.002002841 -0.005655849 -0.012 0.002723943 -0.005346039 -0.012 0.0004707546 -0.005981504 -0.012 -0.0003140157 -0.005991777 -0.012 0.01060488 0.01420627 -0.012 -0.001093413 -0.005899529 -0.012 -0.003267834 -0.005032023 -0.012 -0.001854102 -0.005706339 -0.012 -0.002583067 -0.005415512 -0.012 0.003398437 -0.004944757 -0.012 0.004014784 -0.004458869 -0.012 0.004562436 -0.003896688 -0.012 -0.003896688 -0.004562436 -0.012 -0.004458869 -0.004014784 -0.012 0.01250624 0.01277868 -0.012 0.02209753 0.01663427 -0.012 0.01273799 0.01298956 -0.012 -0.004944757 -0.003398437 -0.012 -0.005346039 -0.002723943 -0.012 0.01303609 0.01386025 -0.012 0.01301151 0.01354788 -0.012 0.01291002 0.01325144 -0.012 0.01757312 0.01939643 -0.012 0.01298222 0.01416892 -0.012 0.01790065 0.01942412 -0.012 -0.005991777 0.0003140157 -0.012 -0.005981504 -0.0004707546 -0.012 -0.005899529 0.001093413 -0.012 -0.005706339 0.001854102 -0.012 0.01285328 0.01445449 -0.012 0.01724968 0.01945509 -0.012 0.01820965 0.01953623 -0.012 0.01265737 0.01469903 -0.012 0.01695273 0.01959603 -0.012 -0.005655849 -0.002002841 -0.012 -0.005868886 -0.00124747 -0.012 -0.005415512 0.002583067 -0.012 0.01847874 0.01972502 -0.012 -0.005032023 0.003267834 -0.012 0.01240681 0.01488716 -0.012 0.01670278 0.01980951 -0.012 0.01192465 0.01255892 -0.012 0.01161136 0.01256384 -0.012 0.01211732 0.01500707 -0.012 0.01651712 0.02008076 -0.012 0.01222933 0.01263206 -0.012 0.01130913 0.01264652 -0.012 0.01103696 0.01280176 -0.007 0.02534477 0.0204363 0.007 0.02534477 0.0204363 -0.007 0.0162199 0.02822968 0.007 0.0162199 0.02822968 0.012 0.01659146 0.0213369 0.012 0.01644709 0.0210416 0.012 0.01297266 0.02442765 0.012 0.0163847 0.02071887 0.012 0.01640859 0.02039103 0.012 0.01064823 0.01328698 0.012 -0.004562436 0.003896688 0.012 0.0105561 0.01358646 0.012 0.01180712 0.01505121 0.012 0.01149568 0.01501683 0.012 0.01120257 0.01490608 0.012 0.01094622 0.01472591 0.012 0.01074272 0.01448765 0.012 0.01054134 0.01389944 0.012 -0.0003140157 -0.005991777 0.012 -0.001093413 -0.005899529 0.012 -0.001854102 -0.005706339 0.012 0.01060488 0.01420627 0.012 0.00124747 -0.005868886 0.012 0.0004707546 -0.005981504 0.012 0.002723943 -0.005346039 0.012 0.002002841 -0.005655849 0.012 -0.002583067 -0.005415512 0.012 0.003398437 -0.004944757 0.012 0.004014784 -0.004458869 0.012 -0.003267834 -0.005032023 0.012 -0.003896688 -0.004562436 0.012 -0.004458869 -0.004014784 0.012 0.004562436 -0.003896688 0.012 0.01250624 0.01277868 0.012 0.02209753 0.01663427 0.012 0.01273799 0.01298956 0.012 0.01291002 0.01325144 0.012 -0.004944757 -0.003398437 0.012 -0.005346039 -0.002723943 0.012 0.01301151 0.01354788 0.012 0.01303609 0.01386025 0.012 0.01298222 0.01416892 0.012 0.01757312 0.01939643 0.012 -0.005655849 -0.002002841 0.012 -0.005868886 -0.00124747 0.012 -0.005981504 -0.0004707546 0.012 0.01790065 0.01942412 0.012 0.01285328 0.01445449 0.012 0.01724968 0.01945509 0.012 -0.005991777 0.0003140157 0.012 -0.005899529 0.001093413 0.012 -0.005706339 0.001854102 0.012 0.01820965 0.01953623 0.012 0.01265737 0.01469903 0.012 0.01695273 0.01959603 0.012 -0.005415512 0.002583067 0.012 -0.005032023 0.003267834 0.012 0.01847874 0.01972502 0.012 0.01240681 0.01488716 0.012 0.01670278 0.01980951 0.012 0.01192465 0.01255892 0.012 0.01161136 0.01256384 0.012 0.01222933 0.01263206 0.012 0.01211732 0.01500707 0.012 0.01651712 0.02008076 0.012 0.01130913 0.01264652 0.012 0.01103696 0.01280176 0.012 0.01081194 0.01301981 -0.012 0.042462 0.04618114 -0.012 0.04206071 0.04685564 -0.012 0.04157482 0.04747198 -0.012 0.04167839 0.03956051 -0.012 0.03206656 0.0283065 -0.012 0.03255352 0.04735389 -0.012 0.02294169 0.03609988 -0.012 0.04101264 0.04801964 -0.012 0.03310117 0.04791607 -0.012 0.04038379 0.04848922 -0.012 0.04214798 0.04018937 -0.012 0.03371752 0.04840196 -0.012 0.03969902 0.04887271 -0.012 0.03439201 0.04880324 -0.012 0.04253147 0.04087413 -0.012 0.0428223 0.0416031 -0.012 0.03897006 0.04916354 -0.012 0.03511311 0.04911305 -0.012 0.03820937 0.04935673 -0.012 0.04301549 0.04236379 -0.012 0.04310773 0.04314319 -0.012 0.03586849 0.04932609 -0.012 0.03742997 0.04944898 -0.012 0.0366452 0.0494387 -0.012 0.04309746 0.04392796 -0.012 0.04298484 0.04470467 -0.012 0.0427718 0.04546004 0.017 0.01665698 0.01986347 0.017 0.01649326 0.02013063 0.017 0.01240681 0.01488716 0.017 0.01265737 0.01469903 0.017 0.01888113 0.02070391 0.017 0.02716334 0.02256557 0.017 0.01882726 0.02101257 0.017 0.01807436 0.01947572 0.017 0.01301151 0.01354788 0.017 0.01308482 0.006081738 0.017 0.01835127 0.01962233 0.017 0.01291002 0.01325144 0.017 0.01273799 0.01298956 0.017 0.01885654 0.02039154 0.017 0.01250624 0.01277868 0.017 0.01869831 0.02129815 0.017 0.01211732 0.01500707 0.017 0.01875505 0.0200951 0.017 0.01640113 0.02043011 0.017 0.01803846 0.03035894 0.017 0.01850241 0.02154268 0.017 0.01222933 0.01263206 0.017 0.01638637 0.0207431 0.017 0.01180712 0.01505121 0.017 0.01192465 0.01255892 0.017 0.01858302 0.01983321 0.017 0.01825184 0.02173081 0.017 0.01644991 0.02104992 0.017 0.01149568 0.01501683 0.017 0.01161136 0.01256384 0.017 0.01796236 0.02185072 0.017 0.01120257 0.01490608 0.017 0.01765215 0.02189487 0.017 0.01130913 0.01264652 0.017 0.01734071 0.02186048 0.017 0.01103696 0.01280176 0.017 0.0170476 0.02174973 0.017 0.01679125 0.02156956 0.017 0.01658776 0.0213313 0.017 0.003959946 0.01387511 0.017 0.01094622 0.01472591 0.017 0.01074272 0.01448765 0.017 0.01060488 0.01420627 0.017 0.01054134 0.01389944 0.017 0.0105561 0.01358646 0.017 0.01064823 0.01328698 0.017 0.01081194 0.01301981 0.017 0.01776968 0.01940257 0.017 0.01745639 0.01940749 0.017 0.01303609 0.01386025 0.017 0.01715416 0.01949017 0.017 0.01298222 0.01416892 0.017 0.01285328 0.01445449 0.017 0.01688199 0.01964542 0.012 0.03897006 0.04916354 0.012 0.03820937 0.04935673 0.012 0.03969902 0.04887271 0.012 0.04167839 0.03956051 0.012 0.03742997 0.04944898 0.012 0.0366452 0.0494387 0.012 0.03586849 0.04932609 0.012 0.03511311 0.04911305 0.012 0.03439201 0.04880324 0.012 0.04310773 0.04314319 0.012 0.04309746 0.04392796 0.012 0.04301549 0.04236379 0.012 0.03371752 0.04840196 0.012 0.04298484 0.04470467 0.012 0.0427718 0.04546004 0.012 0.03310117 0.04791607 0.012 0.0428223 0.0416031 0.012 0.04253147 0.04087413 0.012 0.03255352 0.04735389 0.012 0.03206656 0.0283065 0.012 0.042462 0.04618114 0.012 0.04206071 0.04685564 0.012 0.02294169 0.03609988 0.012 0.04214798 0.04018937 0.012 0.04157482 0.04747198 0.012 0.04101264 0.04801964 0.012 0.04038379 0.04848922 0.01744682 0.002900726 0.01263493 0.01797561 0.00246592 0.01212584 0.01797561 0.01159079 0.004332459 0.01744682 0.0120256 0.004841552 0.01711373 0.00341082 0.01323217 0.01711373 0.01253569 0.005438795 0.017 0.003959946 0.01387511 0.017 0.01308482 0.006081738 -0.017 0.003959946 0.01387511 -0.017 0.01308482 0.006081738 -0.01711373 0.01253569 0.005438795 -0.01711373 0.00341082 0.01323217 -0.01744682 0.002900726 0.01263493 -0.01744682 0.0120256 0.004841552 -0.01797561 0.00246592 0.01212584 -0.01797561 0.01159079 0.004332459 0.01315477 0.02134333 0.03422844 0.01395122 0.02102824 0.03385951 0.01395122 0.03015311 0.02606614 0.01253203 0.02179418 0.03475632 0.01315477 0.0304682 0.02643506 0.01213589 0.02234249 0.0353983 0.01253203 0.03091905 0.02696294 0.012 0.02294169 0.03609988 0.01213589 0.03146736 0.02760493 0.012 0.03206656 0.0283065 -0.012 0.02294169 0.03609988 -0.012 0.03206656 0.0283065 -0.01213589 0.03146736 0.02760493 -0.01213589 0.02234249 0.0353983 -0.01253203 0.02179418 0.03475632 -0.01253203 0.03091905 0.02696294 -0.01315477 0.02134333 0.03422844 -0.01315477 0.0304682 0.02643506 -0.01395122 0.02102824 0.03385951 -0.01395122 0.03015311 0.02606614 0.01395122 0.03015311 0.02606614 0.01395122 0.02102824 0.03385951 0.01460121 0.02081167 0.03360595 0.01460121 0.02993654 0.02581257 0.01519567 0.02966077 0.02548969 0.01519567 0.0205359 0.03328307 0.01572191 0.02933169 0.02510439 0.01572191 0.02020682 0.03289776 0.0161687 0.02895632 0.02466488 0.0161687 0.01983145 0.03245826 0.0165265 0.02854268 0.02418057 0.0165265 0.01941781 0.03197395 0.01678767 0.02809959 0.02366178 0.01678767 0.01897472 0.03145515 0.01694663 0.02763651 0.02311958 0.01694663 0.01851164 0.03091296 0.017 0.02716334 0.02256557 0.017 0.01803846 0.03035894 -0.017 0.02716334 0.02256557 -0.017 0.01803846 0.03035894 -0.01694663 0.01851164 0.03091296 -0.01694663 0.02763651 0.02311958 -0.01678767 0.01897472 0.03145515 -0.01678767 0.02809959 0.02366178 -0.0165265 0.01941781 0.03197395 -0.0165265 0.02854268 0.02418057 -0.0161687 0.01983145 0.03245826 -0.0161687 0.02895632 0.02466488 -0.01572191 0.02020682 0.03289776 -0.01572191 0.02933169 0.02510439 -0.01519567 0.0205359 0.03328307 -0.01519567 0.02966077 0.02548969 -0.01460121 0.02081167 0.03360595 -0.01460121 0.02993654 0.02581257 -0.01395122 0.02102824 0.03385951 -0.01395122 0.03015311 0.02606614 0.01797561 0.01159079 0.004332459 0.01797561 0.00246592 0.01212584 0.01880184 0.001786536 0.01133038 0.01880184 0.01091141 0.003537003 0.0193223 0.0009895141 0.01039719 0.0193223 0.01011439 0.00260381 0.0195 0.0001315058 0.009392588 0.0195 0.009256377 0.001599211 -0.0195 0.009256377 0.001599211 -0.0195 0.0001315058 0.009392588 -0.0193223 0.0009895141 0.01039719 -0.0193223 0.01011439 0.00260381 -0.01880184 0.001786536 0.01133038 -0.01880184 0.01091141 0.003537003 -0.01797561 0.00246592 0.01212584 -0.01797561 0.01159079 0.004332459 -0.012 0.01297266 0.02442765 -0.012 0.01659146 0.0213369 -0.01199534 0.01672556 0.0215051 -0.01198117 0.01688988 0.02165011 -0.01182963 0.01381311 0.02541169 -0.0119508 0.01713583 0.02179201 -0.01191156 0.01740419 0.02187378 -0.01199775 0.01858302 0.01983321 -0.012 0.01847874 0.01972502 -0.012 0.02209753 0.01663427 -0.01198173 0.0187383 0.02006285 -0.01195165 0.01884141 0.02032738 -0.01187123 0.01767493 0.02189408 -0.01183422 0.01795295 0.02185318 -0.01180881 0.0182175 0.02174932 -0.0118 0.01844675 0.02159345 -0.01133013 0.01459628 0.02632866 -0.01191252 0.01888166 0.02060522 -0.01182963 0.02293798 0.01761831 -0.01187217 0.01886079 0.02087591 -0.011835 0.01877836 0.02114435 -0.01180923 0.01863571 0.02139021 -0.01053553 0.01526881 0.02711609 -0.01133013 0.02372115 0.01853529 -0.0095 0.01578485 0.0277203 -0.01053553 0.02439368 0.01932271 -0.008294095 0.01610925 0.02810013 -0.0095 0.02490973 0.01992693 -0.007 0.0162199 0.02822968 -0.008294095 0.02523413 0.02030675 -0.007 0.02534477 0.0204363 0.008294095 0.01610925 0.02810013 0.007 0.0162199 0.02822968 0.007 0.02534477 0.0204363 0.0095 0.01578485 0.0277203 0.008294095 0.02523413 0.02030675 0.01053553 0.01526881 0.02711609 0.0095 0.02490973 0.01992693 0.01133013 0.01459628 0.02632866 0.01053553 0.02439368 0.01932271 0.01133013 0.02372115 0.01853529 0.01182963 0.01381311 0.02541169 0.01180327 0.0183125 0.02169356 0.01182232 0.01806085 0.0218193 0.01180146 0.01852382 0.02152118 0.01185551 0.01778676 0.02188514 0.01189498 0.01751421 0.0218894 0.01193518 0.01724542 0.02183327 0.012 0.01297266 0.02442765 0.01197 0.01698869 0.02171633 0.01199248 0.01676636 0.02154602 0.01181721 0.01869651 0.02130081 0.01182963 0.02293798 0.01761831 0.01184806 0.01881648 0.02104505 0.01188699 0.01887559 0.02077617 0.01192728 0.01887423 0.02050419 0.01196386 0.01881153 0.02022983 0.012 0.01659146 0.0213369 0.01198571 0.01871382 0.02001857 0.012 0.02209753 0.01663427 0.01199775 0.01858302 0.01983321 0.012 0.01847874 0.01972502 -0.005128221 0.02093427 0.03374949 -0.0043 0.02086346 0.03366658 -0.0043 0.02998833 0.02587321 -0.0059 0.02114189 0.03399258 -0.005128221 0.03005914 0.02595612 -0.006562742 0.02147216 0.03437928 -0.0059 0.03026676 0.02619921 -0.007071281 0.02190257 0.03488323 -0.006562742 0.03059703 0.0265859 -0.007390963 0.0224038 0.0354701 -0.007071281 0.03102744 0.02708985 -0.007390963 0.03152867 0.02767672 -0.0075 0.02294169 0.03609988 -0.0075 0.03206656 0.0283065 0.0075 0.02294169 0.03609988 0.0075 0.03206656 0.0283065 0.007390963 0.03152867 0.02767672 0.007390963 0.0224038 0.0354701 0.007071281 0.02190257 0.03488323 0.007071281 0.03102744 0.02708985 0.006562742 0.02147216 0.03437928 0.006562742 0.03059703 0.0265859 0.0059 0.02114189 0.03399258 0.0059 0.03026676 0.02619921 0.005128221 0.02093427 0.03374949 0.005128221 0.03005914 0.02595612 0.0043 0.02086346 0.03366658 0.0043 0.02998833 0.02587321 0.0135 0.03483745 0.04242842 0.0135 0.03462366 0.04365335 0.0135 0.03465318 0.04302738 0.0135 0.03502644 0.04482976 0.0135 0.03475074 0.04426699 0.0135 0.03615925 0.0411475 0.0135 0.03516488 0.04189409 0.0135 0.03561491 0.04145799 0.0135 0.03594613 0.04566662 0.0135 0.03543342 0.04530628 0.0135 0.03739029 0.0409723 0.0135 0.0367637 0.04098214 0.0135 0.03855347 0.04141183 0.0135 0.03715522 0.04595689 0.0135 0.03653234 0.04588813 0.0135 0.03799964 0.04111859 0.0135 0.0383546 0.04562878 0.0135 0.03777564 0.04586859 0.0135 0.03936102 0.04235735 0.0135 0.03901697 0.04183358 0.0135 0.03924756 0.04476345 0.0135 0.03885574 0.04525252 0.0135 0.03956401 0.04295023 0.0135 0.03961318 0.04357497 0.0135 0.03950544 0.0441923 0.0127 0.03502644 0.04482976 0.0127 0.03511002 0.04477486 0.0127 0.03484535 0.0442346 0.0127 0.03737932 0.04107169 0.0127 0.03739029 0.0409723 0.0127 0.0367637 0.04098214 0.0127 0.03885574 0.04525252 0.0127 0.03916229 0.0447112 0.0127 0.03878615 0.0451807 0.0127 0.03924756 0.04476345 0.0127 0.03550073 0.04523232 0.0127 0.03677779 0.04108114 0.0127 0.0379643 0.04121214 0.0127 0.03799964 0.04111859 0.0127 0.03543342 0.04530628 0.0127 0.03830506 0.04554192 0.0127 0.0383546 0.04562878 0.0127 0.03619752 0.04123989 0.0127 0.03615925 0.0411475 0.0127 0.03599292 0.04557824 0.0127 0.03849597 0.04149364 0.0127 0.03855347 0.04141183 0.0127 0.03774925 0.04577214 0.0127 0.03594613 0.04566662 0.0127 0.03561491 0.04145799 0.0127 0.03777564 0.04586859 0.0127 0.03567495 0.04153796 0.0127 0.03715365 0.0458569 0.0127 0.03894093 0.04189853 0.0127 0.03901697 0.04183358 0.0127 0.03653234 0.04588813 0.0127 0.03655569 0.04579089 0.0127 0.03516488 0.04189409 0.0127 0.03715522 0.04595689 0.0127 0.03524292 0.04195662 0.0127 0.03936102 0.04235735 0.0127 0.03927122 0.04240135 0.0127 0.03492859 0.04246957 0.0127 0.03483745 0.04242842 0.0127 0.03946609 0.04297051 0.0127 0.03956401 0.04295023 0.0127 0.03465318 0.04302738 0.0127 0.03475169 0.04304457 0.0127 0.03951329 0.04357026 0.0127 0.03961318 0.04357497 0.0127 0.03462366 0.04365335 0.0127 0.03472335 0.0436455 0.0127 0.03940986 0.0441629 0.0127 0.03950544 0.0441923 0.0127 0.03475074 0.04426699 -0.0135 0.03855347 0.04141183 -0.0135 0.03799964 0.04111859 -0.0135 0.03739029 0.0409723 -0.0135 0.03561491 0.04145799 -0.0135 0.0367637 0.04098214 -0.0135 0.03615925 0.0411475 -0.0135 0.03516488 0.04189409 -0.0135 0.03936102 0.04235735 -0.0135 0.03901697 0.04183358 -0.0135 0.03462366 0.04365335 -0.0135 0.03483745 0.04242842 -0.0135 0.03465318 0.04302738 -0.0135 0.03950544 0.0441923 -0.0135 0.03956401 0.04295023 -0.0135 0.03961318 0.04357497 -0.0135 0.03475074 0.04426699 -0.0135 0.03543342 0.04530628 -0.0135 0.03502644 0.04482976 -0.0135 0.0383546 0.04562878 -0.0135 0.03885574 0.04525252 -0.0135 0.03924756 0.04476345 -0.0135 0.03594613 0.04566662 -0.0135 0.03777564 0.04586859 -0.0135 0.03715522 0.04595689 -0.0135 0.03653234 0.04588813 -0.0127 0.03475169 0.04304457 -0.0127 0.03462366 0.04365335 -0.0127 0.03465318 0.04302738 -0.0127 0.03885574 0.04525252 -0.0127 0.0383546 0.04562878 -0.0127 0.03830506 0.04554192 -0.0127 0.03878615 0.0451807 -0.0127 0.03472335 0.0436455 -0.0127 0.03483745 0.04242842 -0.0127 0.03916229 0.0447112 -0.0127 0.03492859 0.04246957 -0.0127 0.03936102 0.04235735 -0.0127 0.03927122 0.04240135 -0.0127 0.03894093 0.04189853 -0.0127 0.03484535 0.0442346 -0.0127 0.03475074 0.04426699 -0.0127 0.03901697 0.04183358 -0.0127 0.03924756 0.04476345 -0.0127 0.03516488 0.04189409 -0.0127 0.03946609 0.04297051 -0.0127 0.03524292 0.04195662 -0.0127 0.03502644 0.04482976 -0.0127 0.03940986 0.0441629 -0.0127 0.03511002 0.04477486 -0.0127 0.03561491 0.04145799 -0.0127 0.03956401 0.04295023 -0.0127 0.03950544 0.0441923 -0.0127 0.03567495 0.04153796 -0.0127 0.03961318 0.04357497 -0.0127 0.03951329 0.04357026 -0.0127 0.03543342 0.04530628 -0.0127 0.03550073 0.04523232 -0.0127 0.03619752 0.04123989 -0.0127 0.03615925 0.0411475 -0.0127 0.03599292 0.04557824 -0.0127 0.03594613 0.04566662 -0.0127 0.0367637 0.04098214 -0.0127 0.03677779 0.04108114 -0.0127 0.03655569 0.04579089 -0.0127 0.03653234 0.04588813 -0.0127 0.03739029 0.0409723 -0.0127 0.03737932 0.04107169 -0.0127 0.03715522 0.04595689 -0.0127 0.03715365 0.0458569 -0.0127 0.03799964 0.04111859 -0.0127 0.0379643 0.04121214 -0.0127 0.03777564 0.04586859 -0.0127 0.03774925 0.04577214 -0.0127 0.03855347 0.04141183 -0.0127 0.03849597 0.04149364</float_array>
          <technique_common>
            <accessor count="1690" source="#verts-array-array" stride="3">
              <param type="float" name="X"/>
              <param type="float" name="Y"/>
              <param type="float" name="Z"/>
            </accessor>
          </technique_common>
        </source>
        <source id="normals-array">
          <float_array count="5070" id="normals-array-array">0.001523225 0.7438324 0.6683645 0.001297283 0.8923474 0.4513473 -0.001213106 0.7804725 0.6251889 -0.0009705601 0.9114379 0.4114365 0.001712408 0.543883 0.8391593 -0.001419125 0.6004788 0.7996394 0.0005183323 -0.8677918 0.4969276 0 -0.7718081 0.6358555 -0.001710084 -0.7605029 0.6493323 0.001864003 0.306316 0.9519281 -0.001588068 0.3827379 0.9238556 0.001263773 -0.9486313 0.3163811 -0.001697249 -0.8979668 0.4400598 0.001977832 0.0475478 0.998867 -0.001720559 0.1409332 0.9900176 0.001285621 -0.9944652 0.1050586 -0.00179254 -0.9792343 0.2027238 0.00205472 -0.214496 0.9767227 -0.001815886 -0.1097152 0.9939614 0.0008651464 -0.9932898 -0.1156485 -0.001512163 -0.9988835 -0.04721787 0.002094989 -0.461698 0.8870347 -0.001873645 -0.3534556 0.9354494 0.0003552147 -0.9438901 -0.3302596 -0.0009991116 -0.955727 -0.294253 0.001023398 -0.6510307 0.7590507 -0.00189456 -0.5750013 0.8181503 0.0002734736 -0.7128819 -0.7012841 2.303676e-05 -0.8484499 -0.5292757 -0.0006392875 -0.8526315 -0.5225123 0.0008574875 -0.545212 -0.8382977 -0.0009292935 -0.6960627 -0.7179804 0.001270757 -0.3488611 -0.9371736 -0.001438003 -0.4955664 -0.8685688 0.001417442 -0.1343563 -0.9909321 -0.001700823 -0.2639221 -0.9645425 0.001395071 0.08501356 -0.9963788 -0.001814894 -0.01572455 -0.9998747 -0.001720729 0.233533 -0.9723474 0.001258171 0.3026449 -0.9531026 -0.001425686 0.4680159 -0.8837189 0.0009269979 0.5086016 -0.8610015 -0.0009877833 0.6731539 -0.7395018 0.0002817737 0.6893107 -0.7244658 -0.0002695065 0.8359625 -0.5487864 3.398897e-05 0.8382128 -0.5453432 0.0003957282 0.948301 -0.317372 -2.042661e-05 0.9460435 -0.3240398 0.0007332768 0.9982471 -0.05918009 -0.0003737212 0.9969086 -0.07856847 0.001033703 0.9791575 0.2031 -0.0006906229 0.9851269 0.1718273 0.001588068 0.3827379 0.9238556 0.001419125 0.6004788 0.7996394 -0.001712408 0.543883 0.8391593 -0.001523225 0.7438324 0.6683645 0.001720559 0.1409332 0.9900176 -0.001864003 0.306316 0.9519281 0.0009818225 -0.8979532 0.4400899 0.001331678 -0.7606621 0.6491466 -0.0003938231 -0.8880656 0.4597166 0 -0.7783237 0.6278632 0.001815886 -0.1097152 0.9939614 -0.001977832 0.0475478 0.998867 0.001417379 -0.9791991 0.2028967 -0.000937112 -0.9691058 0.2466437 0.001873645 -0.3534556 0.9354494 -0.00205472 -0.214496 0.9767227 0.001702746 -0.9988922 -0.0470263 -0.001225318 -0.9997194 0.02365655 0.00189456 -0.5750013 0.8181503 -0.002094989 -0.461698 0.8870347 0.001819889 -0.9557901 -0.2940443 -0.001426518 -0.9806414 -0.1958071 -0.001023398 -0.6510307 0.7590507 0.001729059 -0.852608 -0.5225482 -0.001491457 -0.9131419 -0.4076391 0.001492924 -0.6958471 -0.7181884 -0.001305438 -0.800966 -0.5987084 0.001044875 -0.4952867 -0.868729 -0.0009429263 -0.6512807 -0.7588363 0.0006008851 -0.2637907 -0.9645797 -0.0004896947 -0.4704481 -0.8824275 -2.325815e-05 -0.2648793 -0.9642816 0.0008293437 -0.01593715 -0.9998727 -0.0001037416 -0.04567902 -0.9989562 0.001406086 0.2333158 -0.9724 -0.0007509011 0.1742284 -0.984705 -0.001248043 0.3901009 -0.9207713 0.001698601 0.4678768 -0.8837921 -0.001185226 0.5794551 -0.8150033 0.001699175 0.6730687 -0.739578 0.0007067938 0.8361177 -0.5485497 -0.0004060824 0.7231773 -0.6906623 2.042661e-05 0.9460435 -0.3240398 -5.01641e-05 0.8447194 -0.5352095 -0.0003957282 0.948301 -0.317372 0.0003737212 0.9969086 -0.07856847 0.0006906229 0.9851269 0.1718273 -0.0007332768 0.9982471 -0.05918009 0.0009705601 0.9114379 0.4114365 -0.001033703 0.9791575 0.2031 0.001213106 0.7804725 0.6251889 -0.001297283 0.8923474 0.4513473 0 0.1408973 0.9900242 0 0.3826782 0.9238817 0 0.1408973 0.9900242 0 -0.3534694 0.9354461 0 -0.109726 0.9939619 0 -0.109726 0.9939619 0 -0.8980265 0.4399414 0 -0.760403 0.6494515 0 -0.760403 0.6494515 0 -0.5750128 0.8181444 0 -0.3534694 0.9354461 0 -0.9792254 0.2027749 0 -0.8980265 0.4399414 0 -0.5750128 0.8181444 0 -0.9988897 -0.04711107 0 -0.9792254 0.2027749 0 -0.9557937 -0.2940382 0 -0.9988897 -0.04711107 0 -0.8526424 -0.5224949 0 -0.9557937 -0.2940382 0 -0.69592 -0.7181193 0 -0.8526424 -0.5224949 0 -0.4954623 -0.8686295 0 -0.69592 -0.7181193 0 -0.2638603 -0.9645609 0 -0.4954623 -0.8686295 0 -0.01570141 -0.9998767 0 -0.2638603 -0.9645609 0 0.2334303 -0.9723735 0 -0.01570141 -0.9998767 0 0.4679261 -0.8837676 0 0.2334303 -0.9723735 0 0.6730104 -0.739633 0 0.4679261 -0.8837676 0 0.6730104 -0.739633 0 0.8358082 -0.5490216 0 0.8358082 -0.5490216 0 0.9460892 -0.3239061 0 0.9460892 -0.3239061 0 0.9969175 -0.07845701 0 0.9851099 0.1719258 0 0.9969175 -0.07845701 0 0.9114112 0.4114968 0 0.9851099 0.1719258 0 0.7804336 0.6252387 0 0.9114112 0.4114968 0 0.6004086 0.7996934 0 0.7804336 0.6252387 0 0.3826782 0.9238817 0 0.6004086 0.7996934 0 0.6004086 0.7996934 0 0.7804336 0.6252387 0 0.6004086 0.7996934 0 0.7804336 0.6252387 0 0.3826782 0.9238817 0 0.3826782 0.9238817 0 0.1408973 0.9900242 0 0.1408973 0.9900242 0 -0.8980265 0.4399414 0 -0.760403 0.6494515 0 -0.8980265 0.4399414 0 -0.760403 0.6494515 0 -0.109726 0.9939619 0 -0.109726 0.9939619 0 -0.9792254 0.2027749 0 -0.9792254 0.2027749 0 -0.3534694 0.9354461 0 -0.3534694 0.9354461 0 -0.9988897 -0.04711107 0 -0.9988897 -0.04711107 0 -0.5750128 0.8181444 0 -0.5750128 0.8181444 0 -0.9557937 -0.2940382 0 -0.9557937 -0.2940382 0 -0.8526424 -0.5224949 0 -0.8526424 -0.5224949 0 -0.69592 -0.7181193 0 -0.69592 -0.7181193 0 -0.4954623 -0.8686295 0 -0.4954623 -0.8686295 0 -0.2638603 -0.9645609 0 -0.2638603 -0.9645609 0 -0.01570141 -0.9998767 0 -0.01570141 -0.9998767 0 0.2334303 -0.9723735 0 0.2334303 -0.9723735 0 0.4679261 -0.8837676 0 0.4679261 -0.8837676 0 0.6730104 -0.739633 0 0.6730104 -0.739633 0 0.8358082 -0.5490216 0 0.8358082 -0.5490216 0 0.9460892 -0.3239061 0 0.9460892 -0.3239061 0 0.9969175 -0.07845701 0 0.9969175 -0.07845701 0 0.9851099 0.1719258 0 0.9851099 0.1719258 0 0.9114112 0.4114968 0 0.9114112 0.4114968 0 0.1097363 -0.9939607 0 0.1097363 -0.9939607 0 0.3534743 -0.9354442 0 -0.1408976 -0.9900242 0 0.7604063 -0.6494476 0 0.7604063 -0.6494476 0 0.8980279 -0.4399386 0 0.3534743 -0.9354442 0 0.5750044 -0.8181503 0 0.8980279 -0.4399386 0 0.9792224 -0.2027893 0 0.5750044 -0.8181503 0 0.9792224 -0.2027893 0 0.99889 0.04710482 0 0.99889 0.04710482 0 0.9557944 0.2940358 0 0.9557944 0.2940358 0 0.8526418 0.5224959 0 0.8526418 0.5224959 0 0.6959094 0.7181296 0 0.6959094 0.7181296 0 0.4954527 0.8686349 0 0.4954527 0.8686349 0 0.2638715 0.9645578 0 0.2638715 0.9645578 0 0.01571265 0.9998765 0 0.01571265 0.9998765 0 -0.2334408 0.972371 0 -0.2334408 0.972371 0 -0.4679309 0.883765 0 -0.4679309 0.883765 0 -0.6730153 0.7396285 0 -0.6730153 0.7396285 0 -0.8358087 0.5490208 0 -0.8358087 0.5490208 0 -0.946085 0.3239183 0 -0.946085 0.3239183 0 -0.9969172 0.07846078 0 -0.9969172 0.07846078 0 -0.985109 -0.1719311 0 -0.985109 -0.1719311 0 -0.9114042 -0.4115122 0 -0.9114042 -0.4115122 0 -0.7804302 -0.6252429 0 -0.7804302 -0.6252429 0 -0.6004179 -0.7996864 0 -0.6004179 -0.7996864 0 -0.3826868 -0.9238781 0 -0.3826868 -0.9238781 0 -0.1408976 -0.9900242 0 -0.6004167 -0.7996873 0 -0.7804304 -0.6252427 0 -0.6004167 -0.7996873 0 -0.3826896 -0.923877 0 -0.7804304 -0.6252427 0 -0.3826896 -0.923877 0 -0.1409078 -0.9900227 0 -0.1409078 -0.9900227 0 0.1097414 -0.9939602 0 0.8980262 -0.439942 0 0.7604085 -0.6494451 0 0.8980262 -0.439942 0 0.7604085 -0.6494451 0 0.1097414 -0.9939602 0 0.9792227 -0.2027877 0 0.9792227 -0.2027877 0 0.3534778 -0.9354429 0 0.3534778 -0.9354429 0 0.9988898 0.04710779 0 0.9988898 0.04710779 0 0.5750063 -0.818149 0 0.5750063 -0.818149 0 0.9557926 0.2940416 0 0.9557926 0.2940416 0 0.8526398 0.5224991 0 0.8526398 0.5224991 0 0.6959176 0.7181216 0 0.6959176 0.7181216 0 0.4954605 0.8686305 0 0.4954605 0.8686305 0 0.2638637 0.96456 0 0.2638637 0.96456 0 0.01570563 0.9998767 0 0.01570563 0.9998767 0 -0.2334385 0.9723716 0 -0.2334385 0.9723716 0 -0.4679293 0.8837659 0 -0.4679293 0.8837659 0 -0.6730127 0.7396309 0 -0.6730127 0.7396309 0 -0.8358063 0.5490244 0 -0.8358063 0.5490244 0 -0.9460849 0.3239186 0 -0.9460849 0.3239186 0 -0.9969173 0.07845977 0 -0.9969173 0.07845977 0 -0.9851085 -0.1719337 0 -0.9851085 -0.1719337 0 -0.9114031 -0.4115148 0 -0.9114031 -0.4115148 0 -0.3826868 -0.9238781 0 -0.3826868 -0.9238781 0 -0.1408976 -0.9900242 0 -0.6004179 -0.7996864 0 -0.1408976 -0.9900242 0 0.1097363 -0.9939607 0 0.1097363 -0.9939607 0 0.8980279 -0.4399386 0 0.7604063 -0.6494476 0 0.8980279 -0.4399386 0 0.7604063 -0.6494476 0 0.3534743 -0.9354442 0 0.3534743 -0.9354442 0 0.9792224 -0.2027893 0 0.9792224 -0.2027893 0 0.5750044 -0.8181503 0 0.5750044 -0.8181503 0 0.99889 0.04710482 0 0.99889 0.04710482 0 0.9557944 0.2940358 0 0.9557944 0.2940358 0 0.8526418 0.5224959 0 0.8526418 0.5224959 0 0.6959094 0.7181296 0 0.6959094 0.7181296 0 0.4954527 0.8686349 0 0.4954527 0.8686349 0 0.2638715 0.9645578 0 0.2638715 0.9645578 0 0.01571265 0.9998765 0 0.01571265 0.9998765 0 -0.2334408 0.972371 0 -0.2334408 0.972371 0 -0.4679309 0.883765 0 -0.4679309 0.883765 0 -0.6730153 0.7396285 0 -0.6730153 0.7396285 0 -0.8358087 0.5490208 0 -0.8358087 0.5490208 0 -0.946085 0.3239183 0 -0.946085 0.3239183 0 -0.9969172 0.07846078 0 -0.9969172 0.07846078 0 -0.985109 -0.1719311 0 -0.985109 -0.1719311 0 -0.9114042 -0.4115122 0 -0.9114042 -0.4115122 0 -0.7804302 -0.6252429 0 -0.7804302 -0.6252429 0 -0.6004179 -0.7996864 0 -0.3826896 -0.923877 0 -0.3826896 -0.923877 0 -0.1409078 -0.9900227 0 -0.6004167 -0.7996873 0 -0.1409078 -0.9900227 0 0.1097414 -0.9939602 0 0.1097414 -0.9939602 0 0.3534778 -0.9354429 0 0.8980262 -0.439942 0 0.7604085 -0.6494451 0 0.8980262 -0.439942 0 0.7604085 -0.6494451 0 0.3534778 -0.9354429 0 0.5750063 -0.818149 0 0.9792227 -0.2027877 0 0.9792227 -0.2027877 0 0.5750063 -0.818149 0 0.9988898 0.04710779 0 0.9988898 0.04710779 0 0.9557926 0.2940416 0 0.9557926 0.2940416 0 0.8526398 0.5224991 0 0.8526398 0.5224991 0 0.6959176 0.7181216 0 0.6959176 0.7181216 0 0.4954605 0.8686305 0 0.4954605 0.8686305 0 0.2638637 0.96456 0 0.2638637 0.96456 0 0.01570563 0.9998767 0 0.01570563 0.9998767 0 -0.2334385 0.9723716 0 -0.2334385 0.9723716 0 -0.4679293 0.8837659 0 -0.4679293 0.8837659 0 -0.6730127 0.7396309 0 -0.6730127 0.7396309 0 -0.8358063 0.5490244 0 -0.8358063 0.5490244 0 -0.9460849 0.3239186 0 -0.9460849 0.3239186 0 -0.9969173 0.07845977 0 -0.9969173 0.07845977 0 -0.9851085 -0.1719337 0 -0.9851085 -0.1719337 0 -0.9114031 -0.4115148 0 -0.9114031 -0.4115148 0 -0.7804304 -0.6252427 0 -0.7804304 -0.6252427 0 -0.6004167 -0.7996873 0 -0.3826868 -0.9238781 0 -0.6004179 -0.7996864 0 -0.3826868 -0.9238781 0 -0.6004179 -0.7996864 0 -0.1408976 -0.9900242 0 -0.1408976 -0.9900242 0 0.1097363 -0.9939607 0 0.8980279 -0.4399386 0 0.7604063 -0.6494476 0 0.8980279 -0.4399386 0 0.1097363 -0.9939607 0 0.7604063 -0.6494476 0 0.3534743 -0.9354442 0 0.3534743 -0.9354442 0 0.9792224 -0.2027893 0 0.9792224 -0.2027893 0 0.99889 0.04710482 0 0.5750044 -0.8181503 0 0.5750044 -0.8181503 0 0.99889 0.04710482 0 0.9557944 0.2940358 0 0.9557944 0.2940358 0 0.8526418 0.5224959 0 0.8526418 0.5224959 0 0.6959094 0.7181296 0 0.6959094 0.7181296 0 0.4954527 0.8686349 0 0.4954527 0.8686349 0 0.2638715 0.9645578 0 0.2638715 0.9645578 0 0.01571265 0.9998765 0 0.01571265 0.9998765 0 -0.2334408 0.972371 0 -0.2334408 0.972371 0 -0.4679309 0.883765 0 -0.4679309 0.883765 0 -0.6730153 0.7396285 0 -0.6730153 0.7396285 0 -0.8358087 0.5490208 0 -0.8358087 0.5490208 0 -0.946085 0.3239183 0 -0.946085 0.3239183 0 -0.9969172 0.07846078 0 -0.9969172 0.07846078 0 -0.985109 -0.1719311 0 -0.985109 -0.1719311 0 -0.9114042 -0.4115122 0 -0.9114042 -0.4115122 0 -0.7804302 -0.6252429 0 -0.7804302 -0.6252429 -1 0 0 -1 0 0 -1 0 0 -1 0 0 -1 0 0 -1 0 0 -1 0 0 -1 0 0 -1 0 0 -1 0 0 -1 0 0 -1 0 0 -1 0 0 -1 0 0 -1 0 0 -1 0 0 -1 0 0 -1 0 0 -1 0 0 -1 0 0 -1 0 0 -1 0 0 -1 0 0 -1 0 0 -1 0 0 -1 0 0 -1 0 0 -1 0 0 -1 0 0 -1 0 0 -1 0 0 -1 0 0 -1 0 0 -1 0 0 -1 0 0 -1 0 0 -1 0 0 -1 0 0 -1 0 0 -1 0 0 -1 0 0 -1 0 0 -1 0 0 -1 0 0 -1 0 0 -1 0 0 -1 0 0 -1 0 0 -1 0 0 -1 0 0 1 0 0 1 0 0 1 0 0 1 0 0 1 0 0 1 0 0 1 0 0 1 0 0 1 0 0 1 0 0 1 0 0 1 0 0 1 0 0 1 0 0 1 0 0 1 0 0 1 0 0 1 0 0 1 0 0 1 0 0 1 0 0 1 0 0 1 0 0 1 0 0 1 0 0 1 0 0 1 0 0 1 0 0 1 0 0 1 0 0 1 0 0 1 0 0 1 0 0 1 0 0 1 0 0 1 0 0 1 0 0 1 0 0 1 0 0 1 0 0 1 0 0 1 0 0 1 0 0 1 0 0 1 0 0 1 0 0 1 0 0 1 0 0 1 0 0 1 0 0 -1 0 0 -1 0 0 -1 0 0 -1 0 0 -1 0 0 -1 0 0 -1 0 0 -1 0 0 -1 0 0 -1 0 0 -1 0 0 -1 0 0 -1 0 0 -1 0 0 -1 0 0 -1 0 0 -1 0 0 -1 0 0 -1 0 0 -1 0 0 -1 0 0 -1 0 0 -1 0 0 -1 0 0 -1 0 0 -1 0 0 -1 0 0 -1 0 0 -1 0 0 -1 0 0 -1 0 0 -1 0 0 -1 0 0 -1 0 0 -1 0 0 -1 0 0 -1 0 0 -1 0 0 -1 0 0 -1 0 0 -1 0 0 -1 0 0 -1 0 0 -1 0 0 -1 0 0 -1 0 0 -1 0 0 -1 0 0 -1 0 0 -1 0 0 -1 0 0 -1 0 0 -1 0 0 -1 0 0 0 0.0784587 -0.9969174 0 -0.05233623 -0.9986295 0 0.0784587 -0.9969174 0 0.2079117 -0.9781476 0 0.2079117 -0.9781476 0 0.3338072 -0.9426414 0 -0.8386704 0.5446393 0 -0.8012543 0.598324 0 -0.8012543 0.598324 0 -0.8386704 0.5446393 0 0.3338072 -0.9426414 0 0.4539907 -0.8910064 0 0.4539907 -0.8910064 0 -0.9025852 0.4305113 0 -0.9025852 0.4305113 0 0.566406 -0.8241264 0 0.566406 -0.8241264 0 0.6691304 -0.743145 0 -0.9510567 0.3090164 0 -0.9510567 0.3090164 0 0.6691304 -0.743145 0 0.7163021 -0.6977903 0 0.7163021 -0.6977903 0 -0.9832549 0.1822355 0 -0.9832549 0.1822355 0 -0.9986295 0.05233623 0 -0.9986295 0.05233623 0 -0.9969174 -0.0784587 0 -0.9969174 -0.0784587 0 -0.9781476 -0.2079117 0 -0.9781476 -0.2079117 0 -0.9426414 -0.3338072 0 -0.9426414 -0.3338072 0 -0.8910064 -0.4539907 0 -0.8910064 -0.4539907 0 -0.8241264 -0.566406 0 -0.8241264 -0.566406 0 -0.743145 -0.6691304 0 -0.743145 -0.6691304 0 -0.6494477 -0.7604063 0 -0.6494477 -0.7604063 0 -0.5446393 -0.8386704 0 -0.5446393 -0.8386704 0 -0.4305113 -0.9025852 0 -0.4305113 -0.9025852 0 -0.3090164 -0.9510567 0 -0.3090164 -0.9510567 0 -0.1822355 -0.9832549 0 -0.1822355 -0.9832549 0 -0.05233623 -0.9986295 0 -0.07845647 0.9969175 0 0.05233302 0.9986297 0 -0.07845647 0.9969175 0 0.05233302 0.9986297 0 -0.2079095 0.9781481 0 -0.2079095 0.9781481 0 0.8012557 -0.598322 0 0.8012557 -0.598322 0 0.8386694 -0.5446409 0 -0.3338082 0.942641 0 -0.3338082 0.942641 0 0.8386694 -0.5446409 0 0.9025838 -0.4305142 0 -0.4539918 0.8910058 0 -0.4539918 0.8910058 0 0.9025838 -0.4305142 0 0.9510564 -0.3090173 0 -0.5664071 0.8241256 0 -0.5664071 0.8241256 0 0.9510564 -0.3090173 0 0.9832558 -0.1822309 0 -0.6691299 0.7431454 0 -0.6691299 0.7431454 0 0.9832558 -0.1822309 0 0.9986297 -0.05233305 0 -0.716303 0.6977893 0 -0.716303 0.6977893 0 0.9986297 -0.05233305 0 0.9969174 0.07845881 0 0.9969174 0.07845881 0 0.9781468 0.2079156 0 0.9781468 0.2079156 0 0.9426428 0.333803 0 0.9426428 0.333803 0 0.8910077 0.4539883 0 0.8910077 0.4539883 0 0.8241228 0.5664112 0 0.8241228 0.5664112 0 0.7431459 0.6691294 0 0.7431459 0.6691294 0 0.649448 0.760406 0 0.649448 0.760406 0 0.5446365 0.8386722 0 0.5446365 0.8386722 0 0.4305137 0.902584 0 0.4305137 0.902584 0 0.309019 0.9510559 0 0.309019 0.9510559 0 0.1822356 0.9832549 0 0.1822356 0.9832549 -1 0 0 -1 0 0 -1 0 0 -1 0 0 -1 0 0 -1 0 0 -1 0 0 -1 0 0 -1 0 0 -1 0 0 -1 0 0 -1 0 0 -1 0 0 -1 0 0 -1 0 0 -1 0 0 -1 0 0 -1 0 0 -1 0 0 -1 0 0 -1 0 0 -1 0 0 -1 0 0 -1 0 0 -1 0 0 -1 0 0 -1 0 0 1 0 0 1 0 0 1 0 0 1 0 0 1 0 0 1 0 0 1 0 0 1 0 0 1 0 0 1 0 0 1 0 0 1 0 0 1 0 0 1 0 0 1 0 0 1 0 0 1 0 0 1 0 0 1 0 0 1 0 0 1 0 0 1 0 0 1 0 0 1 0 0 1 0 0 1 0 0 1 0 0 0 0.0784587 -0.9969174 0 -0.05233623 -0.9986295 0 -0.05233623 -0.9986295 0 0.2079117 -0.9781476 0 0.0784587 -0.9969174 0 0.2079117 -0.9781476 0 -0.8012543 0.598324 0 -0.8012543 0.598324 0 -0.8386704 0.5446393 0 0.3338072 -0.9426414 0 0.3338072 -0.9426414 0 -0.8386704 0.5446393 0 -0.9025852 0.4305113 0 0.4539907 -0.8910064 0 0.4539907 -0.8910064 0 -0.9025852 0.4305113 0 -0.9510567 0.3090164 0 0.566406 -0.8241264 0 0.566406 -0.8241264 0 -0.9510567 0.3090164 0 -0.9832549 0.1822355 0 0.6691304 -0.743145 0 0.6691304 -0.743145 0 0.7163021 -0.6977903 0 0.7163021 -0.6977903 0 -0.9832549 0.1822355 0 -0.9986295 0.05233623 0 -0.9986295 0.05233623 0 -0.9969174 -0.0784587 0 -0.9969174 -0.0784587 0 -0.9781476 -0.2079117 0 -0.9781476 -0.2079117 0 -0.9426414 -0.3338072 0 -0.9426414 -0.3338072 0 -0.8910064 -0.4539907 0 -0.8910064 -0.4539907 0 -0.8241264 -0.566406 0 -0.8241264 -0.566406 0 -0.743145 -0.6691304 0 -0.743145 -0.6691304 0 -0.6494477 -0.7604063 0 -0.6494477 -0.7604063 0 -0.5446393 -0.8386704 0 -0.5446393 -0.8386704 0 -0.4305113 -0.9025852 0 -0.4305113 -0.9025852 0 -0.3090164 -0.9510567 0 -0.3090164 -0.9510567 0 -0.1822355 -0.9832549 0 -0.1822355 -0.9832549 -1.834153e-06 -0.7604067 0.6494472 6.93771e-07 -0.7604055 0.6494486 -2.029388e-06 -0.7604075 0.6494462 -2.111824e-06 -0.7604057 0.6494484 -8.558716e-07 -0.7604056 0.6494485 -1.929518e-06 -0.7604057 0.6494484 -1.672846e-07 -0.7604054 0.6494487 2.255294e-07 -0.760406 0.649448 -1.023018e-06 -0.7604048 0.6494494 -1.407143e-06 -0.7604054 0.6494488 1.226305e-07 -0.760406 0.649448 0 -0.760406 0.649448 0 -0.760406 0.649448 9.698651e-07 -0.7604068 0.649447 0 -0.760406 0.649448 0 -0.760406 0.649448 0 -0.7604033 0.6494511 -1.348204e-06 -0.7604066 0.6494473 1.672846e-07 -0.7604054 0.6494487 2.144362e-06 -0.7604033 0.6494512 1.023018e-06 -0.7604048 0.6494494 1.441326e-06 -0.7604055 0.6494486 -4.128693e-07 -0.760407 0.6494468 1.407143e-06 -0.7604054 0.6494488 -1.24802e-06 -0.7604073 0.6494464 -9.698651e-07 -0.7604068 0.649447 -1.772595e-07 -0.7604058 0.6494483 -1.226305e-07 -0.760406 0.649448 0 -0.760406 0.6494481 4.991119e-08 -0.7604063 0.6494477 3.079238e-08 -0.760406 0.6494481 -1.070767e-06 -0.7604056 0.6494485 -2.593774e-06 -0.7604052 0.6494489 -5.084106e-06 -0.7604045 0.6494497 -4.108697e-07 -0.7604083 0.6494453 -9.156312e-07 -0.7604049 0.6494494 1.772595e-07 -0.7604058 0.6494483 0 -0.7604033 0.6494511 1.24802e-06 -0.7604073 0.6494464 9.044427e-07 -0.7604061 0.6494479 9.116393e-08 -0.7604065 0.6494474 9.156312e-07 -0.7604049 0.6494494 -9.116393e-08 -0.7604065 0.6494474 4.108697e-07 -0.7604083 0.6494453 -9.044427e-07 -0.7604061 0.6494479 5.084106e-06 -0.7604045 0.6494497 -3.079238e-08 -0.760406 0.6494481 2.593774e-06 -0.7604052 0.6494489 2.2601e-06 -0.760407 0.6494469 1.070767e-06 -0.7604056 0.6494485 -4.991119e-08 -0.7604063 0.6494477 -2.614595e-06 -0.7604057 0.6494483 1.072012e-05 -0.7604081 0.6494455 -2.2601e-06 -0.760407 0.6494469 0 -0.760406 0.6494481 -1.072012e-05 -0.7604081 0.6494455 2.614595e-06 -0.7604057 0.6494483 8.558716e-07 -0.7604056 0.6494485 1.929518e-06 -0.7604057 0.6494484 2.111824e-06 -0.7604057 0.6494484 -2.255294e-07 -0.760406 0.649448 -2.144362e-06 -0.7604033 0.6494512 1.834153e-06 -0.7604067 0.6494472 1.348204e-06 -0.7604066 0.6494473 2.029388e-06 -0.7604075 0.6494462 -6.93771e-07 -0.7604055 0.6494486 1.798997e-06 -0.7604068 0.649447 4.128693e-07 -0.760407 0.6494468 3.13556e-07 -0.7604064 0.6494476 -6.32966e-06 -0.7604032 0.6494513 -1.734719e-06 -0.7604047 0.6494496 -1.441326e-06 -0.7604055 0.6494486 1.734719e-06 -0.7604047 0.6494496 6.32966e-06 -0.7604032 0.6494513 -3.13556e-07 -0.7604064 0.6494476 -1.798997e-06 -0.7604068 0.649447 0 -0.07845647 0.9969175 0 0.05233302 0.9986297 0 0.05233302 0.9986297 0 -0.07845647 0.9969175 0 -0.2079095 0.9781481 0 0.8012557 -0.598322 0 0.8012557 -0.598322 0 0.8386694 -0.5446409 0 -0.2079095 0.9781481 0 -0.3338082 0.942641 0 0.8386694 -0.5446409 0 0.9025838 -0.4305142 0 -0.3338082 0.942641 0 -0.4539918 0.8910058 0 0.9025838 -0.4305142 0 0.9510564 -0.3090173 0 -0.4539918 0.8910058 0 -0.5664071 0.8241256 0 -0.5664071 0.8241256 0 0.9510564 -0.3090173 0 0.9832558 -0.1822309 0 -0.6691299 0.7431454 0 -0.6691299 0.7431454 0 0.9832558 -0.1822309 0 0.9986297 -0.05233305 0 -0.716303 0.6977893 0 -0.716303 0.6977893 0 0.9986297 -0.05233305 0 0.9969174 0.07845881 0 0.9969174 0.07845881 0 0.9781468 0.2079156 0 0.9781468 0.2079156 0 0.9426428 0.333803 0 0.9426428 0.333803 0 0.8910077 0.4539883 0 0.8910077 0.4539883 0 0.8241228 0.5664112 0 0.8241228 0.5664112 0 0.7431459 0.6691294 0 0.7431459 0.6691294 0 0.649448 0.760406 0 0.649448 0.760406 0 0.5446365 0.8386722 0 0.5446365 0.8386722 0 0.4305137 0.902584 0 0.4305137 0.902584 0 0.309019 0.9510559 0 0.309019 0.9510559 0 0.1822356 0.9832549 0 0.1822356 0.9832549 -3.213073e-10 0.760406 -0.6494481 1.887101e-06 0.7604064 -0.6494475 -4.526446e-06 0.7604048 -0.6494494 -8.402517e-07 0.760406 -0.649448 2.94382e-07 0.7604064 -0.6494476 1.437423e-07 0.7604065 -0.6494474 -7.744077e-07 0.7604057 -0.6494484 -1.07467e-06 0.7604059 -0.6494482 0 0.760406 -0.649448 3.213074e-10 0.760406 -0.6494481 9.231198e-07 0.7604056 -0.6494485 -6.788521e-07 0.7604062 -0.6494477 1.978591e-06 0.7604068 -0.649447 -1.344498e-05 0.7604031 -0.6494514 -7.403478e-06 0.7604042 -0.6494501 1.979374e-07 0.7604096 -0.6494438 -9.571405e-08 0.7604077 -0.649446 1.663951e-06 0.7604051 -0.6494491 9.571405e-08 0.7604077 -0.649446 6.788521e-07 0.7604062 -0.6494477 -1.978591e-06 0.7604068 -0.649447 -1.447769e-06 0.7604055 -0.6494486 -9.231198e-07 0.7604056 -0.6494485 -1.887101e-06 0.7604064 -0.6494475 -1.514824e-07 0.7604061 -0.6494479 -2.503556e-06 0.7604057 -0.6494483 -4.567134e-06 0.7604054 -0.6494487 3.837205e-07 0.7604062 -0.6494478 4.526446e-06 0.7604048 -0.6494494 -3.837205e-07 0.7604062 -0.6494478 -1.979374e-07 0.7604096 -0.6494438 3.163461e-07 0.760406 -0.649448 7.744077e-07 0.7604057 -0.6494484 -3.023847e-06 0.7604048 -0.6494494 -2.949666e-07 0.7604049 -0.6494492 -3.163461e-07 0.760406 -0.649448 2.257864e-06 0.7604078 -0.6494459 -3.186369e-06 0.7604049 -0.6494493 -1.495367e-07 0.7604061 -0.6494479 6.829352e-07 0.7604071 -0.6494468 -1.619514e-07 0.760406 -0.649448 -9.498124e-07 0.7604065 -0.6494475 1.254234e-06 0.7604046 -0.6494497 8.062002e-07 0.7604062 -0.6494478 2.949666e-07 0.7604049 -0.6494492 0 0.7604039 -0.6494505 1.758897e-07 0.7604054 -0.6494487 0 0.7604039 -0.6494505 0 0.760406 -0.649448 1.569219e-06 0.7604051 -0.6494491 0 0.760406 -0.649448 1.619514e-07 0.760406 -0.649448 8.402517e-07 0.760406 -0.649448 -2.257864e-06 0.7604078 -0.6494459 1.514824e-07 0.7604061 -0.6494479 2.503556e-06 0.7604057 -0.6494483 -8.062002e-07 0.7604062 -0.6494478 -1.437423e-07 0.7604065 -0.6494474 -2.94382e-07 0.7604064 -0.6494476 -6.829352e-07 0.7604071 -0.6494468 1.495367e-07 0.7604061 -0.6494479 3.186369e-06 0.7604049 -0.6494493 0 0.760406 -0.649448 3.023847e-06 0.7604048 -0.6494494 4.567134e-06 0.7604054 -0.6494487 1.447769e-06 0.7604055 -0.6494486 0 0.760406 -0.649448 1.07467e-06 0.7604059 -0.6494482 0 0.760406 -0.649448 1.344498e-05 0.7604031 -0.6494514 7.403478e-06 0.7604042 -0.6494501 -1.663951e-06 0.7604051 -0.6494491 -1.569219e-06 0.7604051 -0.6494491 -1.254234e-06 0.7604046 -0.6494497 -1.758897e-07 0.7604054 -0.6494487 9.498124e-07 0.7604065 -0.6494475 0 0.6494478 0.7604062 0 0.6494478 0.7604062 0 0.6494478 0.7604062 0 0.6494478 0.7604062 1 0 0 1 0 0 1 0 0 1 0 0 1 0 0 1 0 0 1 0 0 1 0 0 1 0 0 1 0 0 1 0 0 1 0 0 1 0 0 1 0 0 1 0 0 1 0 0 1 0 0 1 0 0 1 0 0 1 0 0 1 0 0 1 0 0 1 0 0 1 0 0 1 0 0 1 0 0 1 0 0 1 0 0 1 0 0 1 0 0 1 0 0 1 0 0 1 0 0 1 0 0 1 0 0 1 0 0 1 0 0 1 0 0 1 0 0 1 0 0 1 0 0 1 0 0 1 0 0 1 0 0 1 0 0 1 0 0 1 0 0 1 0 0 1 0 0 1 0 0 1 0 0 1 0 0 -1 0 0 -1 0 0 -1 0 0 -1 0 0 -1 0 0 -1 0 0 -1 0 0 -1 0 0 -1 0 0 -1 0 0 -1 0 0 -1 0 0 -1 0 0 -1 0 0 -1 0 0 -1 0 0 -1 0 0 -1 0 0 -1 0 0 -1 0 0 -1 0 0 -1 0 0 -1 0 0 -1 0 0 -1 0 0 -1 0 0 -1 0 0 -1 0 0 -1 0 0 -1 0 0 -1 0 0 -1 0 0 -1 0 0 -1 0 0 -1 0 0 -1 0 0 -1 0 0 -1 0 0 -1 0 0 -1 0 0 -1 0 0 -1 0 0 -1 0 0 -1 0 0 -1 0 0 -1 0 0 -1 0 0 -1 0 0 -1 0 0 -1 0 0 -1 0 0 -1 0 0 1 0 0 1 0 0 1 0 0 1 0 0 1 0 0 1 0 0 1 0 0 1 0 0 1 0 0 1 0 0 1 0 0 1 0 0 1 0 0 1 0 0 1 0 0 1 0 0 1 0 0 1 0 0 1 0 0 1 0 0 1 0 0 1 0 0 1 0 0 1 0 0 1 0 0 1 0 0 1 0 0 1 0 0 1 0 0 1 0 0 1 0 0 1 0 0 1 0 0 1 0 0 1 0 0 1 0 0 1 0 0 1 0 0 1 0 0 1 0 0 1 0 0 1 0 0 1 0 0 1 0 0 1 0 0 1 0 0 1 0 0 1 0 0 1 0 0 1 0 0 1 0 0 1 0 0 1 0 0 1 0 0 1 0 0 1 0 0 1 0 0 1 0 0 1 0 0 1 0 0 1 0 0 1 0 0 1 0 0 1 0 0 0 -0.6494482 -0.7604058 0 -0.6494482 -0.7604058 0 -0.6494482 -0.7604058 0 -0.6494482 -0.7604058 -1 0 0 -1 0 0 -1 0 0 -1 0 0 -1 0 0 -1 0 0 -1 0 0 -1 0 0 -1 0 0 -1 0 0 -1 0 0 -1 0 0 -1 0 0 -1 0 0 -1 0 0 -1 0 0 -1 0 0 -1 0 0 -1 0 0 -1 0 0 -1 0 0 -1 0 0 -1 0 0 -1 0 0 -1 0 0 -1 0 0 -1 0 0 -1 0 0 -1 0 0 -1 0 0 -1 0 0 -1 0 0 -1 0 0 -1 0 0 -1 0 0 -1 0 0 -1 0 0 -1 0 0 -1 0 0 -1 0 0 -1 0 0 -1 0 0 -1 0 0 -1 0 0 -1 0 0 -1 0 0 -1 0 0 -1 0 0 -1 0 0 -1 0 0 -1 0 0 -1 0 0 -1 0 0 -1 0 0 -1 0 0 -1 0 0 -1 0 0 -1 0 0 -1 0 0 -1 0 0 -1 0 0 -1 0 0 -1 0 0 -1 0 0 -1 0 0 -1 0 0 -1 0 0 -1 0 0 -1 0 0 -1 0 0 -1 0 0 -1 0 0 -1 0 0 -1 0 0 -1 0 0 -1 0 0 -1 0 0 -1 0 0 -1 0 0 -1 0 0 -1 0 0 -1 0 0 -1 0 0 -1 0 0 -1 0 0 -1 0 0 -1 0 0 -1 0 0 -1 0 0 -1 0 0 -1 0 0 1 0 0 1 0 0 1 0 0 1 0 0 1 0 0 1 0 0 1 0 0 1 0 0 1 0 0 1 0 0 1 0 0 1 0 0 1 0 0 1 0 0 1 0 0 1 0 0 1 0 0 1 0 0 1 0 0 1 0 0 1 0 0 1 0 0 1 0 0 1 0 0 1 0 0 1 0 0 1 0 0 1 0 0 1 0 0 1 0 0 1 0 0 1 0 0 1 0 0 1 0 0 1 0 0 1 0 0 1 0 0 1 0 0 1 0 0 1 0 0 1 0 0 1 0 0 1 0 0 1 0 0 1 0 0 1 0 0 1 0 0 1 0 0 1 0 0 1 0 0 1 0 0 1 0 0 1 0 0 1 0 0 1 0 0 1 0 0 1 0 0 1 0 0 1 0 0 1 0 0 1 0 0 1 0 0 1 0 0 1 0 0 1 0 0 1 0 0 1 0 0 1 0 0 1 0 0 1 0 0 1 0 0 1 0 0 1 0 0 1 0 0 1 0 0 1 0 0 1 0 0 1 0 0 1 0 0 1 0 0 1 0 0 0.8603683 0.3310061 0.3875582 0.784746 0.4025394 0.4713127 0.7847484 0.4025373 0.4713107 0.8603693 0.3310049 0.387557 0.9644606 0.1716016 0.2009196 0.9644607 0.1716012 0.2009193 0.9910748 0.08657607 0.1013676 0.9910749 0.08657557 0.1013671 -0.9910748 0.08657607 0.1013676 -0.9910749 0.08657557 0.1013671 -0.9644607 0.1716012 0.2009193 -0.9644606 0.1716016 0.2009197 -0.8603683 0.3310061 0.3875582 -0.8603693 0.3310049 0.3875569 -0.784746 0.4025394 0.4713127 -0.7847484 0.4025373 0.4713107 0.6391353 0.4994867 0.5848239 0.5202414 0.5546409 0.6494015 0.5202361 0.5546434 0.6494037 0.8337395 0.358598 0.4198641 0.6391322 0.4994886 0.5848257 0.9575332 0.1872509 0.2192426 0.8337402 0.3585972 0.4198634 0.989327 0.09463277 0.1108008 0.9575336 0.18725 0.2192417 0.9893267 0.09463381 0.1108019 -0.989327 0.09463277 0.1108008 -0.9893267 0.09463381 0.1108019 -0.9575336 0.18725 0.2192417 -0.9575332 0.1872509 0.2192426 -0.8337395 0.358598 0.4198641 -0.8337402 0.3585972 0.4198634 -0.6391353 0.4994867 0.5848239 -0.6391322 0.4994886 0.5848257 -0.5202414 0.5546409 0.6494015 -0.5202361 0.5546434 0.6494037 0.4564657 0.5778407 0.6765643 0.4564581 0.5778428 0.6765676 0.5202404 0.5546415 0.6494019 0.5202435 0.5546404 0.6494002 0.6391336 0.4994878 0.5848248 0.6391364 0.4994862 0.5848233 0.7443836 0.4336703 0.5077628 0.7443839 0.4336701 0.5077626 0.8337386 0.3585988 0.4198653 0.8337369 0.3586006 0.4198671 0.9052974 0.2758716 0.323004 0.9052979 0.2758708 0.3230032 0.9575346 0.1872479 0.2192391 0.9575347 0.1872477 0.2192389 0.9893268 0.09463348 0.1108016 0.9893268 0.09463359 0.1108017 0.9973278 0.0474464 0.05555257 0.9973279 0.04744541 0.05555154 -0.9973278 0.0474464 0.05555257 -0.9973279 0.04744541 0.05555154 -0.9893268 0.09463359 0.1108017 -0.9893268 0.09463348 0.1108016 -0.9575347 0.1872477 0.2192389 -0.9575346 0.1872479 0.2192391 -0.9052979 0.2758708 0.3230032 -0.9052974 0.2758716 0.323004 -0.8337369 0.3586006 0.4198671 -0.8337386 0.3585988 0.4198653 -0.7443839 0.4336701 0.5077626 -0.7443836 0.4336703 0.5077628 -0.6391364 0.4994862 0.5848233 -0.6391336 0.4994878 0.5848248 -0.5202402 0.5546417 0.6494018 -0.5202434 0.5546403 0.6494005 -0.4564584 0.5778431 0.6765671 -0.456466 0.5778402 0.6765645 0.7847487 0.402537 0.4713103 0.7847503 0.4025359 0.4713086 0.8603689 0.3310054 0.3875574 0.8603684 0.3310059 0.3875582 0.9644603 0.1716021 0.2009203 0.9644604 0.1716021 0.2009202 0.9910751 0.08657459 0.1013658 0.9910751 0.08657456 0.1013658 -0.9910751 0.08657456 0.1013658 -0.9910751 0.0865746 0.1013658 -0.9644603 0.1716021 0.2009203 -0.9644604 0.1716021 0.2009202 -0.860369 0.3310053 0.3875574 -0.8603685 0.3310059 0.387558 -0.7847502 0.4025358 0.4713089 -0.7847486 0.4025373 0.4713103 0.9921187 -0.0749641 -0.1004033 0.9997652 -0.01407266 -0.01647695 0.9989922 -0.02834269 -0.03480258 0.9954516 -0.05824242 -0.07539177 0.9653341 -0.1657004 -0.2016765 0.9891334 -0.09138201 -0.1151716 0.980952 -0.1245105 -0.1490984 0.9993015 -0.0248026 -0.02795212 0.9998875 -0.009739927 -0.01140395 0.9921199 -0.08744138 -0.08973354 0.9958317 -0.06244171 -0.06648506 0.9893055 -0.09871393 -0.1073786 0.9726285 -0.15066 -0.1769051 0.9656311 -0.1688112 -0.1976343 0.9384594 -0.2185687 -0.2674355 0.9228631 -0.2501514 -0.2928274 0.8657572 -0.3244335 -0.3810609 0.9811552 -0.12717 -0.1454727 0.9653307 -0.1732752 -0.1952237 0.9728236 -0.1506448 -0.1758421 0.9657663 -0.1684668 -0.1972672 0.9389135 -0.2293075 -0.256631 0.7071055 -0.45923 -0.5376892 0.8657609 -0.3256047 -0.3800521 0.4999998 -0.5624384 -0.6585312 0.707107 -0.4592288 -0.5376882 0.2588202 -0.627318 -0.7344959 0.5000014 -0.5624376 -0.6585306 0.1305267 -0.6438917 -0.7539007 0.2588161 -0.6273191 -0.7344964 0.1305225 -0.6438924 -0.7539008 -0.2588202 -0.6273184 -0.7344956 -0.130527 -0.643892 -0.7539004 -0.1305228 -0.643892 -0.7539011 -0.4999994 -0.5624384 -0.6585315 -0.2588161 -0.6273188 -0.7344967 -0.7071058 -0.4592296 -0.5376891 -0.500001 -0.5624379 -0.6585306 -0.8657029 -0.3243976 -0.3812146 -0.7071073 -0.4592288 -0.5376878 -0.8656874 -0.3258197 -0.3800353 -0.96537 -0.1655072 -0.2016634 -0.9276764 -0.2407616 -0.2853951 -0.9634678 -0.1739118 -0.2036776 -0.9231227 -0.249705 -0.2923901 -0.9695724 -0.1589329 -0.1861978 -0.9774729 -0.1361916 -0.1612409 -0.9859188 -0.1052019 -0.1299873 -0.9921128 -0.07505418 -0.1003941 -0.9931107 -0.07150221 -0.09283587 -0.998338 -0.03610053 -0.04492156 -0.9624343 -0.1763918 -0.2064125 -0.9653655 -0.1733838 -0.1949552 -0.9681679 -0.1625684 -0.1903217 -0.975812 -0.1425897 -0.165708 -0.9842562 -0.1174491 -0.1320813 -0.9915771 -0.08850547 -0.09456066 -0.9996198 -0.01790805 -0.02096761 -0.9968367 -0.0540594 -0.05825902 -0.9921236 -0.08746365 -0.08967107 -0.9993966 -0.02302728 -0.02600173 -0.9998875 -0.009739927 -0.01140395 0.2588183 0.6273185 0.7344961 0.1305197 0.6438922 0.7539015 0.1305183 0.6438924 0.7539016 0.5000033 0.5624371 0.6585296 0.2588175 0.6273187 0.7344963 0.7071061 0.4592296 0.5376888 0.5000005 0.5624383 0.6585307 0.8660247 0.3247249 0.3802038 0.7071037 0.4592313 0.5376904 0.965926 0.1680892 0.196807 0.8660243 0.3247254 0.3802043 0.965926 0.1680892 0.196807 0.9914449 0.0847697 0.09925248 0.9914449 0.08476981 0.09925263 -0.9914449 0.0847697 0.0992525 -0.9914449 0.08476983 0.09925263 -0.965926 0.1680892 0.196807 -0.965926 0.1680892 0.196807 -0.8660247 0.3247249 0.3802038 -0.8660243 0.3247254 0.3802043 -0.7071061 0.4592296 0.5376888 -0.7071037 0.4592313 0.5376904 -0.5000033 0.5624371 0.6585296 -0.5000005 0.5624383 0.6585307 -0.2588183 0.6273185 0.7344961 -0.2588175 0.6273187 0.7344963 -0.1305197 0.6438922 0.7539015 -0.1305183 0.6438924 0.7539016 1 0 0 1 0 0 1 0 0 1 0 0 1 0 0 1 0 0 1 0 0 1 0 0 1 0 0 1 0 0 1 0 0 1 0 0 1 0 0 1 0 0 1 0 0 1 0 0 1 0 0 1 0 0 1 0 0 1 0 0 1 0 0 1 0 0 1 0 0 1 0 0 1 0 0 -1 0 0 -1 0 0 -1 0 0 -1 0 0 -1 0 0 -1 0 0 -1 0 0 -1 0 0 -1 0 0 -1 0 0 -1 0 0 -1 0 0 -1 0 0 -1 0 0 -1 0 0 -1 0 0 -1 0 0 -1 0 0 -1 0 0 -1 0 0 -1 0 0 -1 0 0 -1 0 0 -1 0 0 -1 0 0 -1 0 0 -1 0 0 -1 0 0 -1 0 0 -1 0 0 -1 0 0 -1 0 0 -1 0 0 -1 0 0 -1 0 0 -1 0 0 -1 0 0 -1 0 0 -1 0 0 -1 0 0 -1 0 0 -1 0 0 -1 0 0 -1 0 0 -1 0 0 -1 0 0 -1 0 0 -1 0 0 -1 0 0 -1 0 0 -1 0 0 -1 0 0 -1 0 0 -1 0 0 -1 0 0 -1 0 0 -1 0 0 -1 0 0 -1 0 0 -1 0 0 -1 0 0 -1 0 0 -1 0 0 -1 0 0 -1 0 0 -1 0 0 -1 0 0 -1 0 0 -1 0 0 -1 0 0 -1 0 0 -1 0 0 -1 0 0 -1 0 0 -1 0 0 1 0 0 1 0 0 1 0 0 1 0 0 1 0 0 1 0 0 1 0 0 1 0 0 1 0 0 1 0 0 1 0 0 1 0 0 1 0 0 1 0 0 1 0 0 1 0 0 1 0 0 1 0 0 1 0 0 1 0 0 1 0 0 1 0 0 1 0 0 1 0 0 1 0 0 1 0 0 1 0 0 1 0 0 1 0 0 1 0 0 1 0 0 1 0 0 1 0 0 1 0 0 1 0 0 1 0 0 1 0 0 1 0 0 1 0 0 1 0 0 1 0 0 1 0 0 1 0 0 1 0 0 1 0 0 1 0 0 1 0 0 1 0 0 1 0 0 1 0 0</float_array>
          <technique_common>
            <accessor count="1690" source="#normals-array-array" stride="3">
              <param type="float" name="X"/>
              <param type="float" name="Y"/>
              <param type="float" name="Z"/>
            </accessor>
          </technique_common>
        </source>
        <vertices id="verts-array-vertices">
          <input semantic="POSITION" source="#verts-array"/>
        </vertices>
        <triangles count="1696" material="material0">
          <input offset="0" semantic="VERTEX" source="#verts-array-vertices"/>
          <input offset="1" semantic="NORMAL" source="#normals-array"/>
          <p>0 0 1 1 2 2 1 1 3 3 2 2 4 4 0 0 5 5 6 6 7 7 8 8 0 0 2 2 5 5 9 9 4 4 10 10 11 11 6 6 12 12 4 4 5 5 10 10 6 6 8 8 12 12 13 13 9 9 14 14 15 15 11 11 16 16 9 9 10 10 14 14 11 11 12 12 16 16 17 17 13 13 18 18 19 19 15 15 20 20 13 13 14 14 18 18 15 15 16 16 20 20 21 21 17 17 22 22 17 17 18 18 22 22 23 23 19 19 24 24 19 19 20 20 24 24 25 25 21 21 26 26 21 21 22 22 26 26 7 7 25 25 8 8 25 25 26 26 8 8 27 27 28 28 29 29 28 28 23 23 29 29 23 23 24 24 29 29 30 30 27 27 31 31 27 27 29 29 31 31 32 32 30 30 33 33 30 30 31 31 33 33 34 34 32 32 35 35 32 32 33 33 35 35 36 36 34 34 37 37 34 34 35 35 37 37 36 36 37 37 38 38 39 39 36 36 38 38 39 39 38 38 40 40 41 41 39 39 40 40 41 41 40 40 42 42 43 43 41 41 42 42 43 43 42 42 44 44 45 45 43 43 44 44 46 46 45 45 47 47 45 45 44 44 47 47 48 48 46 46 49 49 46 46 47 47 49 49 50 50 48 48 51 51 48 48 49 49 51 51 1 1 50 50 3 3 50 50 51 51 3 3 52 52 53 53 54 54 53 53 55 55 54 54 56 56 52 52 57 57 52 52 54 54 57 57 58 58 59 59 60 60 59 59 61 61 60 60 62 62 56 56 63 63 56 56 57 57 63 63 64 64 58 58 65 65 58 58 60 60 65 65 66 66 62 62 67 67 62 62 63 63 67 67 68 68 64 64 69 69 64 64 65 65 69 69 70 70 66 66 71 71 66 66 67 67 71 71 72 72 68 68 73 73 68 68 69 69 73 73 59 59 70 70 74 74 70 70 71 71 74 74 59 59 74 74 61 61 75 75 72 72 76 76 72 72 73 73 76 76 77 77 75 75 78 78 75 75 76 76 78 78 79 79 77 77 80 80 77 77 78 78 80 80 81 81 79 79 82 82 79 79 80 80 82 82 81 81 82 82 83 83 84 84 81 81 85 85 81 81 83 83 85 85 86 86 84 84 87 87 84 84 85 85 87 87 86 86 87 87 88 88 89 89 86 86 88 88 89 89 88 88 90 90 91 91 89 89 90 90 92 92 91 91 93 93 91 91 90 90 93 93 94 94 92 92 95 95 92 92 93 93 95 95 94 94 95 95 96 96 97 97 94 94 96 96 98 98 97 97 99 99 97 97 96 96 99 99 100 100 98 98 101 101 98 98 99 99 101 101 102 102 100 100 103 103 100 100 101 101 103 103 53 53 102 102 55 55 102 102 103 103 55 55 104 104 105 105 106 106 107 107 108 108 109 109 108 108 106 106 109 109 110 110 111 111 112 112 113 113 107 107 114 114 107 107 109 109 114 114 115 115 110 110 116 116 110 110 112 112 116 116 111 111 113 113 117 117 113 113 114 114 117 117 111 111 117 117 112 112 118 118 115 115 119 119 115 115 116 116 119 119 120 120 118 118 121 121 118 118 119 119 121 121 122 122 120 120 123 123 120 120 121 121 123 123 124 124 122 122 125 125 122 122 123 123 125 125 126 126 124 124 127 127 124 124 125 125 127 127 128 128 126 126 129 129 126 126 127 127 129 129 130 130 128 128 131 131 128 128 129 129 131 131 132 132 130 130 133 133 130 130 131 131 133 133 134 134 132 132 135 135 132 132 133 133 135 135 136 136 134 134 137 137 134 134 135 135 137 137 136 136 137 137 138 138 139 139 136 136 138 138 139 139 138 138 140 140 141 141 139 139 140 140 141 141 140 140 142 142 143 143 141 141 142 142 144 144 143 143 145 145 143 143 142 142 145 145 146 146 144 144 147 147 144 144 145 145 147 147 148 148 146 146 149 149 146 146 147 147 149 149 150 150 148 148 151 151 148 148 149 149 151 151 152 152 150 150 153 153 150 150 151 151 153 153 104 104 152 152 105 105 152 152 153 153 105 105 108 108 104 104 106 106 154 154 155 155 156 156 155 155 157 157 156 156 158 158 154 154 159 159 154 154 156 156 159 159 160 160 158 158 161 161 162 162 163 163 164 164 158 158 159 159 161 161 163 163 165 165 164 164 166 166 160 160 167 167 168 168 162 162 169 169 160 160 161 161 167 167 162 162 164 164 169 169 170 170 166 166 171 171 166 166 167 167 171 171 172 172 168 168 173 173 168 168 169 169 173 173 174 174 170 170 175 175 170 170 171 171 175 175 176 176 172 172 177 177 172 172 173 173 177 177 163 163 174 174 165 165 174 174 175 175 165 165 178 178 176 176 179 179 176 176 177 177 179 179 180 180 178 178 181 181 178 178 179 179 181 181 182 182 180 180 183 183 180 180 181 181 183 183 184 184 182 182 185 185 182 182 183 183 185 185 186 186 184 184 187 187 184 184 185 185 187 187 188 188 186 186 189 189 186 186 187 187 189 189 190 190 188 188 191 191 188 188 189 189 191 191 190 190 191 191 192 192 193 193 190 190 192 192 193 193 192 192 194 194 195 195 193 193 194 194 195 195 194 194 196 196 197 197 195 195 196 196 198 198 197 197 199 199 197 197 196 196 199 199 200 200 198 198 201 201 198 198 199 199 201 201 202 202 200 200 203 203 200 200 201 201 203 203 155 155 202 202 157 157 202 202 203 203 157 157 204 204 205 205 206 206 204 204 207 207 205 205 208 208 209 209 210 210 211 211 206 206 212 212 211 211 204 204 206 206 213 213 210 210 214 214 213 213 208 208 210 210 215 215 212 212 209 209 215 215 211 211 212 212 208 208 215 215 209 209 216 216 214 214 217 217 216 216 213 213 214 214 218 218 217 217 219 219 218 218 216 216 217 217 220 220 219 219 221 221 220 220 218 218 219 219 222 222 221 221 223 223 222 222 220 220 221 221 224 224 223 223 225 225 224 224 222 222 223 223 226 226 225 225 227 227 226 226 224 224 225 225 228 228 227 227 229 229 228 228 226 226 227 227 230 230 229 229 231 231 230 230 228 228 229 229 232 232 231 231 233 233 232 232 230 230 231 231 234 234 233 233 235 235 234 234 232 232 233 233 236 236 234 234 235 235 236 236 235 235 237 237 238 238 236 236 237 237 238 238 237 237 239 239 240 240 239 239 241 241 240 240 238 238 239 239 242 242 241 241 243 243 242 242 240 240 241 241 244 244 243 243 245 245 244 244 242 242 243 243 246 246 245 245 247 247 246 246 244 244 245 245 248 248 247 247 249 249 248 248 246 246 247 247 250 250 249 249 251 251 250 250 248 248 249 249 252 252 251 251 253 253 252 252 250 250 251 251 207 207 253 253 205 205 207 207 252 252 253 253 254 254 255 255 256 256 254 254 256 256 257 257 254 254 258 258 255 255 259 259 254 254 257 257 260 260 257 257 261 261 260 260 261 261 262 262 260 260 259 259 257 257 263 263 264 264 265 265 263 263 266 266 264 264 267 267 260 260 262 262 268 268 265 265 269 269 268 268 263 263 265 265 270 270 262 262 271 271 270 270 267 267 262 262 272 272 269 269 273 273 272 272 268 268 269 269 274 274 271 271 275 275 274 274 275 275 264 264 274 274 270 270 271 271 266 266 274 274 264 264 276 276 273 273 277 277 276 276 277 277 278 278 276 276 272 272 273 273 279 279 276 276 278 278 280 280 278 278 281 281 280 280 279 279 278 278 282 282 281 281 283 283 282 282 280 280 281 281 284 284 283 283 285 285 284 284 282 282 283 283 286 286 285 285 287 287 286 286 284 284 285 285 288 288 287 287 289 289 288 288 286 286 287 287 290 290 289 289 291 291 290 290 288 288 289 289 292 292 290 290 291 291 292 292 291 291 293 293 294 294 292 292 293 293 294 294 293 293 295 295 296 296 294 294 295 295 296 296 295 295 297 297 298 298 297 297 299 299 298 298 296 296 297 297 300 300 299 299 301 301 300 300 301 301 302 302 300 300 298 298 299 299 303 303 300 300 302 302 258 258 302 302 255 255 258 258 303 303 302 302 304 304 305 305 306 306 304 304 307 307 305 305 308 308 304 304 306 306 309 309 306 306 310 310 311 311 312 312 313 313 309 309 308 308 306 306 311 311 314 314 312 312 315 315 310 310 316 316 315 315 309 309 310 310 317 317 313 313 318 318 317 317 311 311 313 313 319 319 316 316 320 320 319 319 315 315 316 316 321 321 318 318 322 322 321 321 317 317 318 318 314 314 320 320 312 312 314 314 319 319 320 320 323 323 322 322 324 324 323 323 321 321 322 322 325 325 324 324 326 326 325 325 323 323 324 324 327 327 326 326 328 328 327 327 328 328 329 329 327 327 325 325 326 326 330 330 329 329 331 331 330 330 327 327 329 329 332 332 330 330 331 331 333 333 331 331 334 334 333 333 334 334 335 335 333 333 332 332 331 331 336 336 333 333 335 335 337 337 335 335 338 338 337 337 338 338 339 339 337 337 336 336 335 335 340 340 337 337 339 339 340 340 339 339 341 341 342 342 341 341 343 343 342 342 340 340 341 341 344 344 342 342 343 343 344 344 343 343 345 345 346 346 344 344 345 345 347 347 345 345 348 348 347 347 348 348 349 349 347 347 346 346 345 345 350 350 347 347 349 349 351 351 349 349 352 352 351 351 350 350 349 349 307 307 352 352 353 353 307 307 353 353 305 305 307 307 351 351 352 352 354 354 355 355 356 356 354 354 357 357 355 355 358 358 356 356 359 359 358 358 354 354 356 356 360 360 359 359 361 361 362 362 363 363 364 364 360 360 358 358 359 359 362 362 365 365 363 363 366 366 361 361 367 367 366 366 360 360 361 361 368 368 364 364 369 369 368 368 362 362 364 364 370 370 367 367 363 363 370 370 366 366 367 367 371 371 369 369 372 372 365 365 370 370 363 363 371 371 368 368 369 369 373 373 372 372 374 374 373 373 371 371 372 372 375 375 374 374 376 376 375 375 373 373 374 374 377 377 376 376 378 378 377 377 375 375 376 376 379 379 378 378 380 380 379 379 380 380 381 381 379 379 377 377 378 378 382 382 379 379 381 381 383 383 381 381 384 384 383 383 382 382 381 381 385 385 384 384 386 386 385 385 386 386 387 387 385 385 383 383 384 384 388 388 385 385 387 387 389 389 388 388 387 387 389 389 387 387 390 390 389 389 390 390 391 391 392 392 389 389 391 391 392 392 391 391 393 393 394 394 392 392 393 393 395 395 394 394 393 393 395 395 393 393 396 396 397 397 396 396 398 398 397 397 395 395 396 396 397 397 398 398 399 399 400 400 399 399 401 401 400 400 397 397 399 399 402 402 401 401 403 403 402 402 400 400 401 401 357 357 403 403 355 355 357 357 402 402 403 403 404 404 405 405 406 406 404 404 407 407 405 405 408 408 406 406 409 409 408 408 409 409 410 410 408 408 404 404 406 406 411 411 412 412 413 413 414 414 408 408 410 410 411 411 415 415 412 412 416 416 410 410 417 417 418 418 413 413 419 419 416 416 414 414 410 410 418 418 419 419 420 420 418 418 411 411 413 413 421 421 417 417 422 422 421 421 422 422 412 412 421 421 416 416 417 417 423 423 420 420 424 424 423 423 418 418 420 420 415 415 421 421 412 412 425 425 424 424 426 426 425 425 423 423 424 424 427 427 425 425 426 426 428 428 426 426 429 429 428 428 429 429 430 430 428 428 427 427 426 426 431 431 428 428 430 430 432 432 430 430 433 433 432 432 433 433 434 434 432 432 431 431 430 430 435 435 432 432 434 434 436 436 434 434 437 437 436 436 435 435 434 434 438 438 437 437 439 439 438 438 436 436 437 437 440 440 438 438 439 439 440 440 439 439 441 441 442 442 440 440 441 441 442 442 441 441 443 443 444 444 442 442 443 443 444 444 443 443 445 445 444 444 445 445 446 446 447 447 444 444 446 446 448 448 446 446 449 449 448 448 449 449 450 450 448 448 447 447 446 446 451 451 448 448 450 450 452 452 450 450 453 453 452 452 453 453 405 405 452 452 451 451 450 450 407 407 452 452 405 405 454 454 455 455 456 456 454 454 456 456 457 457 458 458 459 459 460 460 461 461 462 462 463 463 460 460 459 459 464 464 461 461 463 463 465 465 466 466 458 458 467 467 458 458 460 460 467 467 457 457 456 456 468 468 464 464 459 459 469 469 457 457 468 468 470 470 464 464 469 469 471 471 472 472 466 466 473 473 465 465 463 463 474 474 466 466 467 467 473 473 475 475 465 465 474 474 471 471 469 469 476 476 470 470 468 468 477 477 471 471 476 476 478 478 472 472 473 473 479 479 470 470 477 477 480 480 477 477 481 481 480 480 482 482 475 475 483 483 472 472 479 479 484 484 475 475 474 474 483 483 480 480 481 481 485 485 478 478 476 476 486 486 481 481 482 482 485 485 482 482 483 483 485 485 478 478 486 486 487 487 484 484 479 479 488 488 484 484 488 488 489 489 487 487 486 486 490 490 487 487 490 490 491 491 489 489 488 488 492 492 489 489 492 492 493 493 491 491 490 490 494 494 491 491 494 494 495 495 493 493 492 492 496 496 493 493 496 496 497 497 495 495 494 494 498 498 495 495 498 498 499 499 497 497 496 496 500 500 497 497 500 500 501 501 499 499 498 498 502 502 499 499 502 502 503 503 501 501 500 500 455 455 501 501 455 455 454 454 503 503 502 502 462 462 503 503 462 462 461 461 504 504 505 505 506 506 507 507 508 508 509 509 510 510 511 511 512 512 510 510 512 512 513 513 506 506 505 505 514 514 509 509 508 508 515 515 516 516 507 507 517 517 506 506 514 514 518 518 507 507 509 509 517 517 513 513 512 512 519 519 515 515 508 508 520 520 513 513 519 519 521 521 515 515 520 520 522 522 523 523 516 516 524 524 516 516 517 517 524 524 518 518 514 514 525 525 526 526 518 518 525 525 522 522 520 520 527 527 521 521 519 519 528 528 522 522 527 527 529 529 523 523 524 524 530 530 528 528 531 531 532 532 523 523 530 530 533 533 521 521 528 528 532 532 529 529 527 527 534 534 535 535 526 526 536 536 526 526 525 525 536 536 532 532 531 531 537 537 531 531 535 535 537 537 529 529 534 534 538 538 535 535 536 536 537 537 533 533 530 530 539 539 533 533 539 539 540 540 538 538 534 534 541 541 538 538 541 541 542 542 540 540 539 539 543 543 540 540 543 543 544 544 542 542 541 541 545 545 542 542 545 545 546 546 544 544 543 543 547 547 544 544 547 547 548 548 546 546 545 545 549 549 546 546 549 549 550 550 548 548 547 547 551 551 548 548 551 551 552 552 550 550 549 549 553 553 550 550 553 553 504 504 552 552 551 551 511 511 552 552 511 511 510 510 504 504 553 553 505 505 554 554 555 555 556 556 555 555 554 554 557 557 558 558 559 559 560 560 556 556 555 555 561 561 562 562 558 558 560 560 555 555 557 557 563 563 560 560 559 559 564 564 561 561 555 555 565 565 559 559 566 566 564 564 555 555 563 563 567 567 564 564 566 566 568 568 566 566 569 569 568 568 555 555 567 567 570 570 568 568 569 569 571 571 569 569 572 572 571 571 555 555 570 570 573 573 574 574 575 575 576 576 571 571 572 572 576 576 572 572 574 574 576 576 576 576 575 575 577 577 578 578 579 579 575 575 579 579 580 580 575 575 580 580 581 581 575 575 581 581 582 582 575 575 582 582 565 565 575 575 583 583 584 584 585 585 565 565 555 555 575 575 584 584 586 586 585 585 586 586 587 587 585 585 587 587 588 588 585 585 578 578 575 575 589 589 588 588 590 590 585 585 590 590 591 591 585 585 555 555 592 592 585 585 592 592 583 583 585 585 589 589 575 575 593 593 593 593 575 575 574 574 591 591 594 594 595 595 594 594 596 596 595 595 596 596 597 597 595 595 597 597 598 598 595 595 598 598 599 599 595 595 599 599 600 600 595 595 600 600 577 577 595 595 585 585 591 591 595 595 577 577 575 575 595 595 573 573 601 601 602 602 602 602 601 601 603 603 601 601 604 604 603 603 573 573 602 602 605 605 555 555 573 573 605 605 604 604 606 606 607 607 603 603 604 604 607 607 555 555 605 605 592 592 607 607 606 606 562 562 606 606 558 558 562 562 608 608 609 609 610 610 611 611 608 608 610 610 611 611 612 612 613 613 611 611 610 610 612 612 614 614 615 615 616 616 614 614 616 616 617 617 618 618 611 611 613 613 619 619 613 613 620 620 621 621 617 617 622 622 619 619 618 618 613 613 621 621 614 614 617 617 623 623 624 624 625 625 623 623 620 620 624 624 623 623 619 619 620 620 626 626 622 622 627 627 626 626 621 621 622 622 628 628 625 625 629 629 628 628 623 623 625 625 630 630 628 628 629 629 631 631 627 627 632 632 631 631 626 626 627 627 633 633 632 632 634 634 633 633 631 631 632 632 635 635 634 634 636 636 635 635 633 633 634 634 637 637 636 636 638 638 637 637 635 635 636 636 639 639 638 638 640 640 639 639 637 637 638 638 641 641 640 640 642 642 641 641 639 639 640 640 643 643 642 642 644 644 643 643 641 641 642 642 645 645 644 644 646 646 645 645 643 643 644 644 647 647 645 645 646 646 647 647 646 646 648 648 649 649 647 647 648 648 649 649 650 650 651 651 649 649 648 648 650 650 652 652 649 649 651 651 653 653 652 652 651 651 653 653 654 654 655 655 653 653 651 651 654 654 656 656 653 653 655 655 609 609 656 656 655 655 609 609 657 657 610 610 609 609 655 655 657 657 658 658 659 659 660 660 658 658 661 661 659 659 662 662 660 660 663 663 664 664 665 665 666 666 662 662 658 658 660 660 667 667 663 663 668 668 669 669 666 666 670 670 667 667 662 662 663 663 669 669 664 664 666 666 671 671 668 668 672 672 673 673 670 670 674 674 671 671 667 667 668 668 673 673 669 669 670 670 675 675 672 672 676 676 677 677 674 674 678 678 675 675 671 671 672 672 677 677 673 673 674 674 679 679 676 676 680 680 679 679 675 675 676 676 681 681 678 678 682 682 683 683 679 679 680 680 683 683 680 680 684 684 681 681 677 677 678 678 685 685 682 682 686 686 685 685 681 681 682 682 687 687 685 685 686 686 688 688 686 686 689 689 688 688 687 687 686 686 690 690 689 689 691 691 690 690 688 688 689 689 692 692 691 691 693 693 692 692 690 690 691 691 694 694 693 693 695 695 694 694 692 692 693 693 696 696 695 695 697 697 696 696 694 694 695 695 698 698 696 696 697 697 698 698 697 697 699 699 700 700 698 698 699 699 700 700 699 699 701 701 702 702 700 700 701 701 702 702 701 701 703 703 704 704 702 702 703 703 704 704 703 703 705 705 706 706 705 705 707 707 706 706 704 704 705 705 661 661 707 707 659 659 661 661 706 706 707 707 708 708 709 709 710 710 711 711 712 712 713 713 714 714 715 715 716 716 714 714 716 716 717 717 714 714 717 717 718 718 714 714 718 718 719 719 714 714 719 719 709 709 714 714 708 708 712 712 714 714 709 709 708 708 714 714 712 712 711 711 720 720 711 711 721 721 720 720 721 721 722 722 720 720 714 714 711 711 723 723 720 720 724 724 723 723 724 724 725 725 723 723 714 714 720 720 726 726 723 723 727 727 728 728 723 723 726 726 729 729 728 728 730 730 729 729 730 730 731 731 729 729 714 714 723 723 729 729 723 723 728 728 732 732 714 714 729 729 733 733 734 734 714 714 733 733 714 714 732 732 735 735 736 736 737 737 738 738 739 739 740 740 741 741 742 742 743 743 744 744 741 741 743 743 745 745 744 744 743 743 746 746 745 745 743 743 736 736 746 746 743 743 739 739 737 737 743 743 737 737 736 736 743 743 740 740 739 739 743 743 747 747 740 740 748 748 749 749 747 747 748 748 750 750 748 748 751 751 740 740 743 743 751 751 748 748 740 740 751 751 751 751 743 743 752 752 753 753 752 752 754 754 754 754 752 752 755 755 756 756 755 755 757 757 758 758 756 756 757 757 752 752 743 743 757 757 755 755 752 752 757 757 757 757 743 743 759 759 743 743 760 760 761 761 759 759 743 743 761 761 762 762 763 763 764 764 765 765 766 766 767 767 765 765 762 762 766 766 768 768 769 769 770 770 771 771 767 767 772 772 771 771 765 765 767 767 773 773 770 770 774 774 773 773 768 768 770 770 775 775 772 772 776 776 775 775 771 771 772 772 777 777 774 774 778 778 777 777 773 773 774 774 779 779 776 776 780 780 779 779 775 775 776 776 781 781 778 778 782 782 781 781 777 777 778 778 783 783 780 780 784 784 783 783 779 779 780 780 785 785 783 783 784 784 785 785 784 784 786 786 787 787 782 782 788 788 787 787 781 781 782 782 789 789 788 788 790 790 789 789 787 787 788 788 791 791 790 790 792 792 791 791 789 789 790 790 793 793 792 792 794 794 793 793 791 791 792 792 795 795 793 793 794 794 796 796 794 794 797 797 796 796 795 795 794 794 798 798 797 797 799 799 798 798 796 796 797 797 800 800 799 799 801 801 800 800 798 798 799 799 802 802 800 800 801 801 802 802 801 801 803 803 804 804 802 802 803 803 804 804 803 803 805 805 806 806 804 804 805 805 806 806 805 805 807 807 808 808 806 806 807 807 808 808 807 807 809 809 810 810 809 809 811 811 810 810 808 808 809 809 763 763 811 811 764 764 763 763 810 810 811 811 762 762 764 764 766 766 812 812 813 813 814 814 815 815 816 816 817 817 816 816 818 818 817 817 819 819 815 815 817 817 820 820 821 821 822 822 823 823 824 824 825 825 826 826 827 827 828 828 812 812 814 814 829 829 817 817 818 818 830 830 812 812 829 829 831 831 812 812 831 831 832 832 833 833 834 834 832 832 834 834 812 812 832 832 833 833 832 832 835 835 836 836 828 828 837 837 828 828 827 827 837 837 820 820 822 822 838 838 835 835 832 832 839 839 840 840 841 841 842 842 843 843 844 844 842 842 844 844 845 845 842 842 845 845 838 838 842 842 841 841 843 843 842 842 846 846 836 836 847 847 839 839 832 832 848 848 836 836 837 837 847 847 825 825 824 824 849 849 825 825 849 849 850 850 851 851 846 846 852 852 853 853 825 825 850 850 846 846 847 847 852 852 854 854 853 853 855 855 853 853 850 850 855 855 854 854 855 855 856 856 848 848 857 857 858 858 857 857 859 859 858 858 860 860 854 854 856 856 859 859 861 861 858 858 858 858 861 861 862 862 861 861 863 863 862 862 863 863 864 864 862 862 851 851 852 852 865 865 858 858 862 862 866 866 848 848 858 858 839 839 838 838 822 822 842 842 867 867 868 868 841 841 868 868 843 843 841 841 830 830 869 869 870 870 869 869 871 871 870 870 817 817 830 830 870 870 871 871 851 851 872 872 820 820 873 873 874 874 873 873 875 875 874 874 851 851 865 865 872 872 875 875 876 876 874 874 876 876 877 877 874 874 877 877 878 878 874 874 879 879 820 820 874 874 878 878 880 880 874 874 870 870 871 871 872 872 880 880 881 881 874 874 881 881 882 882 874 874 882 882 860 860 874 874 820 820 879 879 883 883 865 865 884 884 812 812 884 884 885 885 812 812 885 885 886 886 812 812 886 886 887 887 812 812 820 820 883 883 821 821 872 872 865 865 812 812 860 860 856 856 819 819 874 874 860 860 819 819 856 856 815 815 819 819 812 812 887 887 813 813 888 888 889 889 890 890 888 888 890 890 891 891 892 892 888 888 891 891 893 893 894 894 895 895 892 892 891 891 896 896 897 897 892 892 896 896 898 898 895 895 899 899 897 897 896 896 900 900 898 898 893 893 895 895 901 901 897 897 900 900 902 902 899 899 903 903 901 901 900 900 904 904 902 902 898 898 899 899 905 905 901 901 904 904 905 905 904 904 906 906 907 907 903 903 908 908 907 907 902 902 903 903 909 909 905 905 906 906 909 909 906 906 910 910 911 911 908 908 912 912 911 911 907 907 908 908 913 913 910 910 914 914 913 913 909 909 910 910 915 915 912 912 916 916 915 915 911 911 912 912 917 917 915 915 916 916 918 918 916 916 919 919 918 918 917 917 916 916 920 920 919 919 921 921 920 920 918 918 919 919 922 922 921 921 923 923 922 922 920 920 921 921 924 924 923 923 925 925 924 924 922 922 923 923 926 926 925 925 927 927 926 926 924 924 925 925 928 928 926 926 927 927 928 928 927 927 929 929 930 930 928 928 929 929 930 930 929 929 931 931 932 932 930 930 931 931 932 932 931 931 933 933 934 934 932 932 933 933 934 934 933 933 935 935 936 936 934 934 935 935 936 936 935 935 937 937 889 889 936 936 937 937 889 889 937 937 890 890 938 938 939 939 940 940 941 941 942 942 943 943 938 938 940 940 944 944 945 945 946 946 947 947 948 948 941 941 949 949 950 950 948 948 949 949 951 951 945 945 952 952 953 953 950 950 954 954 945 945 947 947 955 955 950 950 949 949 954 954 952 952 945 945 955 955 956 956 957 957 958 958 949 949 941 941 959 959 957 957 960 960 958 958 955 955 947 947 961 961 941 941 943 943 962 962 960 960 963 963 964 964 953 953 954 954 965 965 958 958 960 960 964 964 961 961 947 947 966 966 967 967 956 956 968 968 956 956 958 958 968 968 969 969 953 953 965 965 966 966 947 947 970 970 959 959 941 941 971 971 972 972 967 967 973 973 967 967 968 968 973 973 941 941 962 962 974 974 971 971 941 941 975 975 964 964 963 963 976 976 941 941 974 974 977 977 978 978 979 979 980 980 975 975 941 941 977 977 976 976 963 963 981 981 969 969 965 965 982 982 970 970 978 978 980 980 972 972 973 973 983 983 980 980 979 979 984 984 985 985 969 969 982 982 985 985 982 982 986 986 980 980 984 984 987 987 986 986 982 982 988 988 970 970 947 947 978 978 944 944 989 989 938 938 980 980 987 987 990 990 991 991 992 992 990 990 963 963 993 993 994 994 992 992 995 995 990 990 995 995 996 996 990 990 996 996 980 980 990 990 981 981 963 963 994 994 991 991 990 990 997 997 994 994 993 993 998 998 997 997 990 990 999 999 972 972 983 983 1000 1000 999 999 990 990 1001 1001 993 993 948 948 1002 1002 998 998 993 993 1002 1002 1001 1001 990 990 1003 1003 1002 1002 948 948 950 950 938 938 1004 1004 1005 1005 990 990 960 960 957 957 1003 1003 990 990 957 957 1000 1000 983 983 1006 1006 1005 1005 1007 1007 1008 1008 938 938 1005 1005 1009 1009 1005 1005 1008 1008 1009 1009 938 938 1009 1009 939 939 941 941 1010 1010 1011 1011 1010 1010 1012 1012 1011 1011 1012 1012 1013 1013 1011 1011 1013 1013 989 989 1011 1011 989 989 944 944 1011 1011 941 941 1011 1011 942 942 1014 1014 1015 1015 1016 1016 1015 1015 1017 1017 1016 1016 1018 1018 1019 1019 1020 1020 1021 1021 1022 1022 1023 1023 1022 1022 1024 1024 1023 1023 1018 1018 1020 1020 1025 1025 1023 1023 1024 1024 1026 1026 1023 1023 1026 1026 1027 1027 1027 1027 1026 1026 1028 1028 1027 1027 1028 1028 1029 1029 1030 1030 1027 1027 1029 1029 1030 1030 1029 1029 1031 1031 1032 1032 1033 1033 1034 1034 1035 1035 1032 1032 1034 1034 1036 1036 1037 1037 1038 1038 1033 1033 1036 1036 1038 1038 1030 1030 1031 1031 1039 1039 1034 1034 1033 1033 1038 1038 1040 1040 1035 1035 1041 1041 1042 1042 1030 1030 1039 1039 1043 1043 1040 1040 1041 1041 1035 1035 1034 1034 1041 1041 1042 1042 1039 1039 1044 1044 1045 1045 1046 1046 1047 1047 1046 1046 1048 1048 1047 1047 1048 1048 1049 1049 1047 1047 1049 1049 1042 1042 1047 1047 1042 1042 1044 1044 1047 1047 1018 1018 1025 1025 1050 1050 1051 1051 1052 1052 1053 1053 1025 1025 1054 1054 1050 1050 1037 1037 1051 1051 1053 1053 1054 1054 1055 1055 1050 1050 1055 1055 1056 1056 1050 1050 1038 1038 1037 1037 1053 1053 1057 1057 1043 1043 1058 1058 1059 1059 1057 1057 1058 1058 1045 1045 1047 1047 1060 1060 1056 1056 1061 1061 1060 1060 1061 1061 1062 1062 1060 1060 1062 1062 1045 1045 1060 1060 1050 1050 1056 1056 1060 1060 1043 1043 1041 1041 1058 1058 1052 1052 1063 1063 1064 1064 1053 1053 1052 1052 1064 1064 1018 1018 1059 1059 1065 1065 1059 1059 1058 1058 1065 1065 1066 1066 1067 1067 1068 1068 1063 1063 1066 1066 1068 1068 1064 1064 1063 1063 1068 1068 1018 1018 1065 1065 1019 1019 1069 1069 1022 1022 1021 1021 1067 1067 1069 1069 1021 1021 1068 1068 1067 1067 1021 1021 1070 1070 1071 1071 1072 1072 1072 1072 1071 1071 1073 1073 1071 1071 1074 1074 1073 1073 1075 1075 1076 1076 1077 1077 1076 1076 1078 1078 1077 1077 1078 1078 1079 1079 1077 1077 1080 1080 1081 1081 1082 1082 1079 1079 1083 1083 1077 1077 1083 1083 1084 1084 1077 1077 1073 1073 1074 1074 1085 1085 1074 1074 1086 1086 1085 1085 1082 1082 1081 1081 1087 1087 1075 1075 1077 1077 1088 1088 1080 1080 1082 1082 1089 1089 1085 1085 1086 1086 1090 1090 1087 1087 1081 1081 1091 1091 1080 1080 1089 1089 1092 1092 1093 1093 1075 1075 1094 1094 1075 1075 1088 1088 1094 1094 1081 1081 1084 1084 1095 1095 1086 1086 1096 1096 1097 1097 1091 1091 1081 1081 1095 1095 1090 1090 1086 1086 1097 1097 1098 1098 1080 1080 1099 1099 1080 1080 1092 1092 1099 1099 1093 1093 1094 1094 1100 1100 1097 1097 1096 1096 1101 1101 1095 1095 1084 1084 1102 1102 1103 1103 1093 1093 1104 1104 1105 1105 1098 1098 1106 1106 1107 1107 1105 1105 1106 1106 1093 1093 1100 1100 1104 1104 1101 1101 1096 1096 1108 1108 1098 1098 1099 1099 1106 1106 1096 1096 1109 1109 1108 1108 1103 1103 1104 1104 1110 1110 1102 1102 1084 1084 1111 1111 1108 1108 1109 1109 1112 1112 1113 1113 1107 1107 1114 1114 1109 1109 1103 1103 1115 1115 1116 1116 1113 1113 1114 1114 1103 1103 1110 1110 1115 1115 1107 1107 1106 1106 1114 1114 1112 1112 1109 1109 1115 1115 1111 1111 1084 1084 1083 1083 1116 1116 1114 1114 1117 1117 1116 1116 1117 1117 1118 1118 1118 1118 1117 1117 1119 1119 1117 1117 1120 1120 1119 1119 1119 1119 1120 1120 1121 1121 1121 1121 1120 1120 1070 1070 1120 1120 1071 1071 1070 1070 1122 1122 1123 1123 1124 1124 1123 1123 1125 1125 1124 1124 1125 1125 1126 1126 1124 1124 1127 1127 1128 1128 1124 1124 1128 1128 1129 1129 1124 1124 1129 1129 1130 1130 1124 1124 1130 1130 1131 1131 1124 1124 1131 1131 1132 1132 1124 1124 1127 1127 1133 1133 1134 1134 1132 1132 1122 1122 1124 1124 1127 1127 1134 1134 1135 1135 1127 1127 1135 1135 1136 1136 1137 1137 1138 1138 1139 1139 1140 1140 1137 1137 1139 1139 1141 1141 1140 1140 1139 1139 1127 1127 1136 1136 1142 1142 1127 1127 1142 1142 1128 1128 1143 1143 1141 1141 1144 1144 1145 1145 1143 1143 1144 1144 1146 1146 1145 1145 1144 1144 1147 1147 1148 1148 1149 1149 1139 1139 1147 1147 1149 1149 1150 1150 1144 1144 1151 1151 1152 1152 1149 1149 1153 1153 1154 1154 1152 1152 1153 1153 1155 1155 1151 1151 1156 1156 1157 1157 1158 1158 1153 1153 1158 1158 1159 1159 1153 1153 1159 1159 1154 1154 1153 1153 1157 1157 1153 1153 1160 1160 1161 1161 1157 1157 1160 1160 1160 1160 1153 1153 1162 1162 1163 1163 1164 1164 1165 1165 1165 1165 1164 1164 1166 1166 1167 1167 1161 1161 1168 1168 1161 1161 1160 1160 1168 1168 1162 1162 1153 1153 1169 1169 1170 1170 1167 1167 1171 1171 1167 1167 1168 1168 1171 1171 1166 1166 1164 1164 1127 1127 1172 1172 1156 1156 1127 1127 1173 1173 1172 1172 1127 1127 1164 1164 1173 1173 1127 1127 1174 1174 1166 1166 1127 1127 1169 1169 1153 1153 1175 1175 1176 1176 1174 1174 1127 1127 1141 1141 1139 1139 1127 1127 1144 1144 1141 1141 1127 1127 1151 1151 1144 1144 1127 1127 1139 1139 1149 1149 1127 1127 1156 1156 1151 1151 1127 1127 1177 1177 1170 1170 1178 1178 1170 1170 1171 1171 1178 1178 1149 1149 1179 1179 1180 1180 1181 1181 1177 1177 1182 1182 1179 1179 1149 1149 1183 1183 1177 1177 1178 1178 1182 1182 1149 1149 1180 1180 1184 1184 1132 1132 1181 1181 1122 1122 1181 1181 1182 1182 1122 1122 1183 1183 1149 1149 1152 1152 1149 1149 1184 1184 1185 1185 1127 1127 1149 1149 1185 1185 1127 1127 1185 1185 1133 1133 1186 1186 1187 1187 1188 1188 1187 1187 1189 1189 1188 1188 1190 1190 1191 1191 1192 1192 1191 1191 1193 1193 1192 1192 1193 1193 1194 1194 1192 1192 1195 1195 1196 1196 1197 1197 1198 1198 1199 1199 1192 1192 1199 1199 1200 1200 1192 1192 1200 1200 1201 1201 1192 1192 1201 1201 1202 1202 1192 1192 1194 1194 1198 1198 1192 1192 1202 1202 1196 1196 1192 1192 1197 1197 1196 1196 1203 1203 1204 1204 1205 1205 1206 1206 1203 1203 1196 1196 1207 1207 1208 1208 1209 1209 1210 1210 1211 1211 1208 1208 1210 1210 1209 1209 1204 1204 1212 1212 1204 1204 1206 1206 1212 1212 1207 1207 1196 1196 1202 1202 1213 1213 1210 1210 1214 1214 1210 1210 1209 1209 1214 1214 1215 1215 1216 1216 1217 1217 1212 1212 1215 1215 1217 1217 1209 1209 1212 1212 1217 1217 1214 1214 1209 1209 1217 1217 1218 1218 1219 1219 1220 1220 1221 1221 1222 1222 1220 1220 1217 1217 1223 1223 1224 1224 1222 1222 1225 1225 1220 1220 1225 1225 1226 1226 1220 1220 1219 1219 1221 1221 1220 1220 1226 1226 1227 1227 1228 1228 1220 1220 1226 1226 1228 1228 1229 1229 1230 1230 1231 1231 1220 1220 1228 1228 1232 1232 1227 1227 1233 1233 1234 1234 1235 1235 1236 1236 1237 1237 1231 1231 1235 1235 1237 1237 1224 1224 1229 1229 1237 1237 1228 1228 1227 1227 1234 1234 1229 1229 1231 1231 1237 1237 1214 1214 1217 1217 1237 1237 1217 1217 1224 1224 1237 1237 1220 1220 1232 1232 1238 1238 1233 1233 1239 1239 1240 1240 1214 1214 1237 1237 1196 1196 1241 1241 1242 1242 1196 1196 1234 1234 1233 1233 1240 1240 1237 1237 1241 1241 1196 1196 1218 1218 1214 1214 1196 1196 1220 1220 1238 1238 1243 1243 1239 1239 1244 1244 1245 1245 1246 1246 1218 1218 1247 1247 1218 1218 1246 1246 1248 1248 1240 1240 1239 1239 1245 1245 1244 1244 1249 1249 1250 1250 1247 1247 1218 1218 1251 1251 1218 1218 1248 1248 1219 1219 1245 1245 1244 1244 1250 1250 1249 1249 1198 1198 1194 1194 1218 1218 1196 1196 1252 1252 1251 1251 1218 1218 1252 1252 1250 1250 1249 1249 1194 1194 1252 1252 1196 1196 1253 1253 1253 1253 1196 1196 1195 1195 1254 1254 454 454 1255 1255 454 454 457 457 1256 1256 1257 1257 1258 1258 459 459 1255 1255 454 454 1256 1256 458 458 1257 1257 459 459 463 463 462 462 1259 1259 462 462 502 502 1259 1259 1257 1257 458 458 466 466 502 502 498 498 1259 1259 498 498 494 494 1259 1259 494 494 1260 1260 1259 1259 459 459 1258 1258 469 469 1256 1256 457 457 1261 1261 463 463 1259 1259 1262 1262 1257 1257 466 466 472 472 474 474 463 463 1262 1262 1261 1261 457 457 1263 1263 1258 1258 1260 1260 476 476 457 457 470 470 1263 1263 469 469 1258 1258 476 476 1264 1264 1257 1257 484 484 474 474 1262 1262 1265 1265 1263 1263 470 470 1266 1266 1257 1257 472 472 484 484 483 483 474 474 1267 1267 474 474 1265 1265 1267 1267 476 476 1260 1260 486 486 1268 1268 1264 1264 489 489 1269 1269 1268 1268 489 489 470 470 480 480 1270 1270 1264 1264 484 484 489 489 1266 1266 470 470 1270 1270 483 483 1267 1267 1271 1271 486 486 1260 1260 490 490 1270 1270 480 480 1272 1272 1273 1273 1269 1269 493 493 1274 1274 1273 1273 493 493 483 483 1271 1271 1275 1275 1269 1269 489 489 493 493 485 485 483 483 1275 1275 480 480 485 485 1276 1276 1272 1272 480 480 1276 1276 490 490 1260 1260 494 494 485 485 1275 1275 1277 1277 1276 1276 485 485 1277 1277 1278 1278 1274 1274 497 497 1274 1274 493 493 497 497 497 497 501 501 1279 1279 1278 1278 497 497 1279 1279 1279 1279 501 501 1280 1280 1280 1280 501 501 1254 1254 501 501 454 454 1254 1254 1281 1281 1282 1282 1283 1283 1284 1284 1281 1281 1283 1283 1285 1285 1286 1286 1287 1287 1288 1288 1289 1289 1290 1290 1291 1291 1288 1288 1290 1290 1292 1292 1293 1293 1290 1290 1286 1286 1285 1285 1294 1294 1289 1289 1292 1292 1290 1290 1286 1286 1291 1291 1290 1290 1290 1290 1293 1293 1295 1295 1287 1287 1286 1286 1296 1296 1283 1283 1282 1282 1297 1297 1286 1286 1294 1294 1298 1298 1282 1282 1299 1299 1297 1297 1286 1286 1300 1300 1301 1301 1290 1290 1295 1295 1302 1302 1296 1296 1286 1286 1301 1301 1299 1299 1303 1303 1304 1304 1297 1297 1299 1299 1304 1304 1290 1290 1302 1302 1305 1305 1286 1286 1298 1298 1306 1306 1301 1301 1300 1300 1307 1307 1303 1303 1308 1308 1309 1309 1286 1286 1306 1306 1291 1291 1304 1304 1303 1303 1309 1309 1290 1290 1305 1305 1310 1310 1307 1307 1300 1300 1311 1311 1309 1309 1308 1308 1312 1312 1311 1311 1300 1300 1313 1313 1290 1290 1310 1310 1314 1314 1313 1313 1300 1300 1315 1315 1290 1290 1314 1314 1316 1316 1315 1315 1300 1300 1317 1317 1317 1317 1300 1300 1318 1318 1318 1318 1300 1300 1319 1319 1308 1308 1319 1319 1320 1320 1312 1312 1308 1308 1320 1320 1321 1321 1312 1312 1320 1320 1322 1322 1321 1321 1320 1320 1323 1323 1322 1322 1320 1320 1324 1324 1323 1323 1320 1320 1325 1325 1324 1324 1320 1320 1326 1326 1325 1325 1320 1320 1327 1327 1326 1326 1320 1320 1290 1290 1316 1316 1320 1320 1316 1316 1327 1327 1320 1320 1319 1319 1300 1300 1320 1320 1328 1328 1329 1329 1330 1330 1329 1329 1331 1331 1332 1332 1330 1330 1329 1329 1332 1332 1288 1288 1328 1328 1289 1289 1328 1328 1330 1330 1289 1289 1332 1332 1331 1331 1333 1333 1331 1331 1334 1334 1333 1333 1333 1333 1334 1334 1284 1284 1334 1334 1281 1281 1284 1284 1335 1335 1336 1336 541 541 1337 1337 1335 1335 541 541 534 534 1337 1337 541 541 1338 1338 540 540 544 544 1336 1336 1339 1339 545 545 541 541 1336 1336 545 545 545 545 1339 1339 1340 1340 1338 1338 544 544 548 548 545 545 1340 1340 549 549 549 549 1340 1340 1341 1341 549 549 1341 1341 1342 1342 553 553 549 549 1342 1342 553 553 1342 1342 1343 1343 1344 1344 1345 1345 507 507 1346 1346 1344 1344 507 507 505 505 553 553 1347 1347 553 553 1343 1343 1347 1347 1348 1348 1349 1349 508 508 1345 1345 1348 1348 508 508 507 507 1345 1345 508 508 505 505 1347 1347 1350 1350 1351 1351 1346 1346 516 516 1352 1352 1351 1351 516 516 537 537 536 536 1353 1353 536 536 525 525 1353 1353 525 525 514 514 1353 1353 514 514 505 505 1353 1353 1346 1346 507 507 516 516 505 505 1350 1350 1353 1353 1338 1338 548 548 1354 1354 548 548 552 552 1354 1354 552 552 510 510 1354 1354 510 510 513 513 1354 1354 1355 1355 1356 1356 520 520 537 537 1353 1353 1357 1357 1349 1349 1355 1355 520 520 513 513 521 521 1357 1357 521 521 532 532 1357 1357 532 532 537 537 1357 1357 508 508 1349 1349 520 520 1354 1354 513 513 1357 1357 1358 1358 1352 1352 523 523 1338 1338 1358 1358 523 523 1352 1352 516 516 523 523 1359 1359 1360 1360 527 527 1356 1356 1359 1359 527 527 520 520 1356 1356 527 527 1338 1338 523 523 533 533 1361 1361 1337 1337 534 534 1360 1360 1361 1361 534 534 527 527 1360 1360 534 534 1338 1338 533 533 540 540 1362 1362 1363 1363 1364 1364 1362 1362 1364 1364 1365 1365 1366 1366 1362 1362 1367 1367 1368 1368 1366 1366 1367 1367 1362 1362 1365 1365 1367 1367 1368 1368 1367 1367 1369 1369 1370 1370 1371 1371 1372 1372 1373 1373 1370 1370 1372 1372 1374 1374 1373 1373 1375 1375 1373 1373 1372 1372 1375 1375 1376 1376 1374 1374 1377 1377 1374 1374 1375 1375 1377 1377 1378 1378 1379 1379 1380 1380 1381 1381 1378 1378 1382 1382 1378 1378 1380 1380 1382 1382 1383 1383 1381 1381 1384 1384 1381 1381 1382 1382 1384 1384 1385 1385 1383 1383 1386 1386 1383 1383 1384 1384 1386 1386 1385 1385 1386 1386 1387 1387 1388 1388 1389 1389 1390 1390 1391 1391 1388 1388 1390 1390 1392 1392 1391 1391 1393 1393 1391 1391 1390 1390 1393 1393 1394 1394 1392 1392 1395 1395 1392 1392 1393 1393 1395 1395 1396 1396 1394 1394 1397 1397 1394 1394 1395 1395 1397 1397 1398 1398 1399 1399 1400 1400 1401 1401 1398 1398 1400 1400 1402 1402 1400 1400 1403 1403 1402 1402 1401 1401 1400 1400 1404 1404 1403 1403 1405 1405 1404 1404 1402 1402 1403 1403 1406 1406 1405 1405 1407 1407 1406 1406 1404 1404 1405 1405 1408 1408 1407 1407 1409 1409 1408 1408 1406 1406 1407 1407 1410 1410 1409 1409 1411 1411 1410 1410 1408 1408 1409 1409 1412 1412 1411 1411 1413 1413 1412 1412 1410 1410 1411 1411 1414 1414 1413 1413 1415 1415 1414 1414 1412 1412 1413 1413 1416 1416 1417 1417 1418 1418 1419 1419 1418 1418 1420 1420 1419 1419 1416 1416 1418 1418 1421 1421 1420 1420 1422 1422 1421 1421 1419 1419 1420 1420 1423 1423 1422 1422 1424 1424 1423 1423 1421 1421 1422 1422 1425 1425 1424 1424 1426 1426 1425 1425 1423 1423 1424 1424 1427 1427 1426 1426 1428 1428 1427 1427 1425 1425 1426 1426 1429 1429 1428 1428 1430 1430 1429 1429 1427 1427 1428 1428 1431 1431 1430 1430 1432 1432 1431 1431 1429 1429 1430 1430 1433 1433 1431 1431 1432 1432 1434 1434 1435 1435 1436 1436 1437 1437 1436 1436 1438 1438 1437 1437 1434 1434 1436 1436 1439 1439 1438 1438 1440 1440 1439 1439 1437 1437 1438 1438 1441 1441 1439 1439 1440 1440 1442 1442 1443 1443 1444 1444 1445 1445 1444 1444 1446 1446 1445 1445 1442 1442 1444 1444 1447 1447 1446 1446 1448 1448 1447 1447 1445 1445 1446 1446 1449 1449 1447 1447 1448 1448 1450 1450 1451 1451 1452 1452 1450 1450 1452 1452 1453 1453 1454 1454 1450 1450 1455 1455 1450 1450 1453 1453 1455 1455 1454 1454 1455 1455 1456 1456 1457 1457 1458 1458 1459 1459 1460 1460 1457 1457 1459 1459 1461 1461 1460 1460 1459 1459 1454 1454 1456 1456 1462 1462 1454 1454 1462 1462 1463 1463 1454 1454 1463 1463 1464 1464 1464 1464 1465 1465 1466 1466 1454 1454 1464 1464 1466 1466 1467 1467 1461 1461 1468 1468 1469 1469 1467 1467 1468 1468 1470 1470 1469 1469 1468 1468 1471 1471 1470 1470 1468 1468 1461 1461 1459 1459 1468 1468 1472 1472 1466 1466 1473 1473 1465 1465 1471 1471 1473 1473 1466 1466 1465 1465 1473 1473 1471 1471 1468 1468 1473 1473 1474 1474 1472 1472 1475 1475 1472 1472 1473 1473 1475 1475 1476 1476 1474 1474 1477 1477 1474 1474 1475 1475 1477 1477 1478 1478 1476 1476 1479 1479 1476 1476 1477 1477 1479 1479 1478 1478 1479 1479 1480 1480 1481 1481 1482 1482 1483 1483 1484 1484 1481 1481 1485 1485 1481 1481 1483 1483 1485 1485 1486 1486 1484 1484 1487 1487 1484 1484 1485 1485 1487 1487 1488 1488 1486 1486 1489 1489 1486 1486 1487 1487 1489 1489 1488 1488 1489 1489 1490 1490 1491 1491 1488 1488 1492 1492 1491 1491 1492 1492 1493 1493 1488 1488 1490 1490 1494 1494 1492 1492 1488 1488 1494 1494 1491 1491 1493 1493 1495 1495 1491 1491 1495 1495 1496 1496 1491 1491 1496 1496 1497 1497 1498 1498 1491 1491 1499 1499 1491 1491 1497 1497 1499 1499 1498 1498 1499 1499 1500 1500 1501 1501 1494 1494 1502 1502 1503 1503 1501 1501 1502 1502 1504 1504 1503 1503 1502 1502 1505 1505 1504 1504 1502 1502 1506 1506 1505 1505 1502 1502 1494 1494 1490 1490 1502 1502 1498 1498 1500 1500 1507 1507 1508 1508 1506 1506 1509 1509 1510 1510 1508 1508 1509 1509 1511 1511 1510 1510 1509 1509 1506 1506 1502 1502 1509 1509 1512 1512 1513 1513 1514 1514 1515 1515 1512 1512 1516 1516 1512 1512 1514 1514 1516 1516 1517 1517 1515 1515 1518 1518 1515 1515 1516 1516 1518 1518 1519 1519 1517 1517 1520 1520 1517 1517 1518 1518 1520 1520 1521 1521 1519 1519 1522 1522 1519 1519 1520 1520 1522 1522 1521 1521 1522 1522 1523 1523 1524 1524 1521 1521 1525 1525 1521 1521 1523 1523 1525 1525 1526 1526 1527 1527 1528 1528 1529 1529 1526 1526 1528 1528 1530 1530 1529 1529 1531 1531 1529 1529 1528 1528 1531 1531 1532 1532 1530 1530 1533 1533 1530 1530 1531 1531 1533 1533 1534 1534 1532 1532 1535 1535 1532 1532 1533 1533 1535 1535 1536 1536 1534 1534 1537 1537 1534 1534 1535 1535 1537 1537 1538 1538 1536 1536 1539 1539 1536 1536 1537 1537 1539 1539 1540 1540 1541 1541 1542 1542 1543 1543 1544 1544 1541 1541 1545 1545 1540 1540 1546 1546 1545 1545 1546 1546 1547 1547 1548 1548 1549 1549 1543 1543 1550 1550 1545 1545 1551 1551 1550 1550 1541 1541 1540 1540 1550 1550 1540 1540 1545 1545 1552 1552 1553 1553 1554 1554 1552 1552 1554 1554 1548 1548 1552 1552 1550 1550 1555 1555 1552 1552 1543 1543 1541 1541 1552 1552 1548 1548 1543 1543 1552 1552 1541 1541 1550 1550 1556 1556 1557 1557 1553 1553 1558 1558 1552 1552 1559 1559 1558 1558 1553 1553 1552 1552 1560 1560 1561 1561 1556 1556 1562 1562 1556 1556 1553 1553 1562 1562 1560 1560 1556 1556 1562 1562 1553 1553 1558 1558 1563 1563 1564 1564 1560 1560 1563 1563 1560 1560 1562 1562 1565 1565 1566 1566 1567 1567 1568 1568 1569 1569 1570 1570 1571 1571 1572 1572 1573 1573 1571 1571 1574 1574 1572 1572 1575 1575 1566 1566 1565 1565 1576 1576 1568 1568 1570 1570 1577 1577 1578 1578 1569 1569 1577 1577 1569 1569 1568 1568 1579 1579 1575 1575 1565 1565 1580 1580 1571 1571 1573 1573 1581 1581 1571 1571 1580 1580 1582 1582 1570 1570 1583 1583 1584 1584 1575 1575 1579 1579 1582 1582 1576 1576 1570 1570 1585 1585 1586 1586 1578 1578 1587 1587 1581 1581 1580 1580 1585 1585 1578 1578 1577 1577 1588 1588 1584 1584 1579 1579 1589 1589 1582 1582 1583 1583 1590 1590 1581 1581 1587 1587 1591 1591 1582 1582 1589 1589 1592 1592 1590 1590 1587 1587 1593 1593 1594 1594 1586 1586 1593 1593 1586 1586 1585 1585 1595 1595 1596 1596 1584 1584 1595 1595 1584 1584 1588 1588 1597 1597 1591 1591 1589 1589 1598 1598 1592 1592 1596 1596 1598 1598 1596 1596 1595 1595 1598 1598 1590 1590 1592 1592 1599 1599 1591 1591 1597 1597 1600 1600 1594 1594 1593 1593 1601 1601 1600 1600 1593 1593 1602 1602 1597 1597 1603 1603 1602 1602 1599 1599 1597 1597 1604 1604 1605 1605 1600 1600 1604 1604 1600 1600 1601 1601 1606 1606 1602 1602 1603 1603 1607 1607 1602 1602 1606 1606 1608 1608 1609 1609 1605 1605 1608 1608 1605 1605 1604 1604 1610 1610 1611 1611 1607 1607 1610 1610 1607 1607 1606 1606 1612 1612 1609 1609 1608 1608 1613 1613 1609 1609 1612 1612 1567 1567 1611 1611 1610 1610 1614 1614 1567 1567 1610 1610 1572 1572 1613 1613 1612 1612 1574 1574 1613 1613 1572 1572 1565 1565 1567 1567 1614 1614 1615 1615 1616 1616 1617 1617 1618 1618 1619 1619 1620 1620 1621 1621 1617 1617 1619 1619 1621 1621 1619 1619 1618 1618 1622 1622 1623 1623 1615 1615 1622 1622 1615 1615 1617 1617 1622 1622 1617 1617 1621 1621 1624 1624 1625 1625 1626 1626 1624 1624 1621 1621 1625 1625 1627 1627 1628 1628 1622 1622 1627 1627 1629 1629 1628 1628 1627 1627 1622 1622 1621 1621 1630 1630 1621 1621 1624 1624 1631 1631 1630 1630 1632 1632 1631 1631 1621 1621 1630 1630 1633 1633 1634 1634 1635 1635 1636 1636 1635 1635 1627 1627 1636 1636 1627 1627 1621 1621 1636 1636 1633 1633 1635 1635 1636 1636 1621 1621 1631 1631 1637 1637 1633 1633 1636 1636 1638 1638 1636 1636 1639 1639 1638 1638 1637 1637 1636 1636 1640 1640 1641 1641 1642 1642 1643 1643 1644 1644 1645 1645 1643 1643 1645 1645 1646 1646 1647 1647 1641 1641 1640 1640 1648 1648 1640 1640 1642 1642 1649 1649 1643 1643 1646 1646 1650 1650 1640 1640 1648 1648 1651 1651 1652 1652 1653 1653 1654 1654 1655 1655 1641 1641 1651 1651 1653 1653 1656 1656 1654 1654 1641 1641 1647 1647 1657 1657 1643 1643 1649 1649 1658 1658 1650 1650 1648 1648 1659 1659 1652 1652 1651 1651 1660 1660 1650 1650 1658 1658 1661 1661 1655 1655 1654 1654 1662 1662 1657 1657 1649 1649 1663 1663 1661 1661 1654 1654 1664 1664 1660 1660 1658 1658 1665 1665 1659 1659 1651 1651 1666 1666 1657 1657 1662 1662 1667 1667 1660 1660 1664 1664 1668 1668 1669 1669 1659 1659 1668 1668 1662 1662 1669 1669 1668 1668 1659 1659 1665 1665 1670 1670 1661 1661 1663 1663 1668 1668 1666 1666 1662 1662 1671 1671 1670 1670 1663 1663 1672 1672 1664 1664 1673 1673 1672 1672 1667 1667 1664 1664 1674 1674 1675 1675 1670 1670 1674 1674 1670 1670 1671 1671 1676 1676 1672 1672 1673 1673 1677 1677 1672 1672 1676 1676 1678 1678 1679 1679 1675 1675 1678 1678 1675 1675 1674 1674 1680 1680 1681 1681 1677 1677 1680 1680 1677 1677 1676 1676 1682 1682 1678 1678 1683 1683 1682 1682 1679 1679 1678 1678 1684 1684 1681 1681 1680 1680 1684 1684 1685 1685 1681 1681 1686 1686 1682 1682 1683 1683 1686 1686 1683 1683 1687 1687 1688 1688 1685 1685 1684 1684 1688 1688 1689 1689 1685 1685 1644 1644 1686 1686 1687 1687 1644 1644 1687 1687 1645 1645 1653 1653 1689 1689 1688 1688 1656 1656 1653 1653 1688 1688</p>
        </triangles>
      </mesh>
    </geometry>
  </library_geometries>
  <library_materials>
    <material id="c737d8e11d6d4d4093cf055904f887f5" name="pbrmaterial">
      <instance_effect url="#73aa4e21fe034a728ea70c88ce04cd3f"/>
    </material>
  </library_materials>
  <library_visual_scenes>
    <visual_scene id="scene">
      <node id="node0" name="node0">
        <instance_geometry url="#396e69e743644cac97d86f3910224fae">
          <bind_material>
            <technique_common>
              <instance_material symbol="material0" target="#c737d8e11d6d4d4093cf055904f887f5"/>
            </technique_common>
          </bind_material>
        </instance_geometry>
      </node>
    </visual_scene>
  </library_visual_scenes>
  <scene>
    <instance_visual_scene url="#scene"/>
  </scene>
</COLLADA>
